
============================================================
🚀 统一资源信息补全和分类
   处理类型: psd
   起始页: 1, 并发: 2
============================================================

============================================================
🚀 开始处理: PSD模板
============================================================

📁 [PSD模板] 初始化文件夹缓存...
   已缓存 29 个根文件夹
   总数: 445, 总页数: 23

  📄 第 1 页: 20 个需要处理
  📁 创建: 中文模板
  📁 创建: 中文模板
  📁 创建: 中文模板/电商
  📁 创建: 中文模板/电商
  📂 【马克杯、咖啡杯、陶瓷杯】模板 → 中文模板/电商
  📂 【广告牌、户外广告牌、广告牌展示】模板 → 中文模板/电商
  📂 【CD盒、CD光盘、CD包装盒】模板 → 中文模板/电商
  📂 【钥匙扣、钥匙链、挂扣、钥匙挂件】模板 → 中文模板/电商
  📂 【蓝莓盒、水果盒、食品盒】模板 → 中文模板/电商
  📁 创建: 中文模板/海报
  📂 【垂直横幅、广告横幅、宣传横幅】模板 → 中文模板/海报
  📁 创建: 中文模板/广告
  📂 【会议演示、屏幕展示、投影幕布】模板 → 中文模板/广告
  📁 创建: 中文模板/名片
  📂 【名片、商务卡、个人名片】模板 → 中文模板/名片
  📂 【商业名片、名片、名卡】模板 → 中文模板/名片
  📂 【户外广告牌、高立柱广告牌、立柱广告牌】模板 → 中文模板/电商
  📂 【名片、商务卡片、访客卡】模板 → 中文模板/海报
  📂 【海报、印刷品、广告画】模板 → 中文模板/海报
  📂 【T恤、上衣、短袖】模板 → 中文模板/电商
  📁 创建: 中文模板/其他
  📂 【工作证、员工牌、身份卡】模板 → 中文模板/其他
  📂 【明信片、卡片、海报、传单、画布、信纸】模板 → 中文模板/海报
  📁 创建: 中文模板/邀请函
  📂 【贺卡、信封、明信片、邀请函】模板 → 中文模板/邀请函
  📂 【名片、商务名片、名片模板】模板 → 中文模板/名片
  📂 【钥匙链、挂饰、行李牌】模板 → 中文模板/电商
  📂 【名片、个人卡片、商业名片】模板 → 中文模板/海报
  📂 【T恤、上衣、短袖】模板 → 中文模板/电商
  ✓ 完成: 成功 20, 失败 0
  📄 第 2 页: 20 个需要处理
  📂 【衬衫、长袖衬衫、上衣】模板 → 中文模板/电商
  📂 【T恤、上衣、短袖】模板 → 中文模板/电商
  📂 【衬衫、长袖衬衫、上衣】模板 → 中文模板/电商
  📂 【衬衫、长袖衬衫、男式衬衫】模板 → 中文模板/电商
  📂 【夏威夷衬衫、花衬衫、衬衫】模板 → 中文模板/电商
  📂 【T恤、上衣、短袖】模板 → 中文模板/电商
  📂 【马克杯、杯子、咖啡杯、茶杯、水杯】模板 → 中文模板/电商
  📂 【悬挂横幅、挂布、条幅、吊幅】模板 → 中文模板/海报
  📂 【束口袋、抽绳袋、收纳袋、礼品袋】模板 → 中文模板/电商
  📁 创建: 中文模板/产品样机
  📂 【咖啡杯、纸杯、外卖杯、马克杯、水杯】模板 → 中文模板/产品样机
  📂 【帆布包、手提袋、购物袋】模板 → 中文模板/电商
  📁 创建: 中文模板/Logo
  📂 【Logo模板、广告牌模板、商店招牌模板】模板 → 中文模板/Logo
  📂 【T恤、上衣、短袖】模板 → 中文模板/电商
  📂 【T恤、上衣、短袖】模板 → 中文模板/电商
  📂 【T恤、短袖、上衣、T-shirt】模板 → 中文模板/电商
  📂 【T恤、短袖上衣、文化衫】模板 → 中文模板/电商
  📂 【T恤、短袖T恤、圆领上衣】模板 → 中文模板/电商
  📂 【T恤、上衣、短袖】模板 → 中文模板/电商
  📂 【T恤、短袖、上衣、T恤衫、休闲T恤】模板 → 中文模板/电商
  📂 【T恤、上衣、短袖】模板 → 中文模板/电商
  ✓ 完成: 成功 20, 失败 0
  📄 第 3 页: 20 个需要处理
  📂 【名片、卡片、传单、宣传页】模板 → 中文模板/电商
  📂 【T恤、短袖、圆领上衣、休闲衫】模板 → 中文模板/电商
  📂 【卫衣、上衣、长袖衫】模板 → 中文模板/电商
  📂 【帆布袋、托特包、手提袋】模板 → 中文模板/电商
  📂 【帆布袋、托特包、手提袋、购物袋】模板 → 中文模板/其他
  📂 【T恤、上衣、短袖】模板 → 中文模板/电商
  📂 【马克杯、水杯、咖啡杯】模板 → 中文模板/电商
  📂 【围裙、围裙、烘焙围裙、厨房围裙】模板 → 中文模板/电商
  📂 【一次性纸杯、咖啡杯、冷饮杯】模板 → 中文模板/产品样机
  📂 【名片、卡片、印刷名片】模板 → 中文模板/名片
  📂 【名片、商务名片、个人名片】模板 → 中文模板/海报
  📂 【鼠标垫、玻璃鼠标垫、桌面垫】模板 → 中文模板/其他
  📂 【鼠标垫、桌垫、地垫】模板 → 中文模板/其他
  📂 【鼠标垫、桌垫、桌面垫子】模板 → 中文模板/其他
  📂 【桌垫、桌面保护垫、餐垫】模板 → 中文模板/其他
  📂 【鼠标垫、桌垫、鼠标桌垫】模板 → 中文模板/电商
  📂 【被套、枕套、床上用品】模板 → 中文模板/其他
  📂 【桌垫、鼠标垫、桌面垫】模板 → 中文模板/其他
  📂 【鼠标垫、腕托鼠标垫、人体工学鼠标垫】模板 → 中文模板/其他
  📂 【桌布、防尘罩、装饰布】模板 → 中文模板/其他
  ✓ 完成: 成功 20, 失败 0
  📄 第 4 页: 20 个需要处理
  📂 【汽车座椅套、车座套、汽车坐垫】模板 → 中文模板/其他
  📂 【淋浴帘、浴帘、浴室帘】模板 → 中文模板/其他
  📂 【T恤、上衣、短袖】模板 → 中文模板/电商
  📂 【挂毯、挂画、墙画、墙饰】模板 → 中文模板/其他
  📂 【塔罗牌垫、占卜垫、桌布】模板 → 中文模板/其他
  📂 【挂毯、墙饰、墙面挂饰、布艺挂毯】模板 → 中文模板/电商
  📂 【壁毯、挂毯、墙布】模板 → 中文模板/其他
  📂 【抱枕、靠垫、装饰枕、枕头、沙发垫】模板 → 中文模板/其他
  📂 【鼠标垫、护腕鼠标垫、带腕托鼠标垫、办公鼠标垫、电脑鼠标垫】模板 → 中文模板/其他
  📂 【鼠标垫、鼠标垫模板、电脑鼠标垫】模板 → 中文模板/其他
  📂 【家电垫、防尘垫、隔热垫】模板 → 中文模板/其他
  📂 【汽车座椅套、车座套、汽车坐垫套】模板 → 中文模板/其他
  📂 【AirPods保护套、AirPods耳机壳、无线耳机保护套】模板 → 中文模板/其他
  📂 【瑜伽垫、运动垫、健身垫】模板 → 中文模板/广告
  📂 【高尔夫毛巾、运动毛巾、清洁毛巾、吸水巾、高尔夫清洁巾】模板 → 中文模板/广告
  📂 【桌垫、硅藻泥桌垫、台面保护垫】模板 → 中文模板/电商
  📂 【鼠标垫、桌垫、鼠标鼠标垫】模板 → 中文模板/其他
  📂 【鼠标垫、桌垫、键盘垫】模板 → 中文模板/其他
  📂 【塔罗牌桌布、占卜垫、塔罗布、神秘学桌布】模板 → 中文模板/其他
  📂 【地毯、地垫、垫子、圆形地毯、家居地毯】模板 → 中文模板/广告
  ✓ 完成: 成功 20, 失败 0
  📄 第 5 页: 20 个需要处理
  📂 【浴帘、浴室帘、淋浴帘、防水帘】模板 → 中文模板/其他
  📂 【高尔夫毛巾、运动毛巾、清洁毛巾】模板 → 中文模板/其他
  📂 【挂毯、墙壁装饰布、背景布】模板 → 中文模板/电商
  📂 【挂毯、墙毯、墙壁挂毯、墙面装饰布、墙面挂饰】模板 → 中文模板/电商
  📂 【桌布、桌子垫、地垫、圆桌垫、多功能垫】模板 → 中文模板/其他
  📂 【鼠标垫、桌垫、迷你鼠标垫、圆形鼠标垫、电脑鼠标垫】模板 → 中文模板/其他
  📂 【鼠标垫、鼠标板、电脑鼠标垫、办公鼠标垫】模板 → 中文模板/其他
  📂 【鼠标垫、鼠标垫子、鼠标板、桌面垫、办公垫】模板 → 中文模板/其他
  📂 【鼠标垫、腕托鼠标垫、电脑鼠标垫】模板 → 中文模板/其他
  📂 【被套、枕套、床品套装】模板 → 中文模板/其他
  📂 【桌布、桌垫、餐桌布、桌巾、台布】模板 → 中文模板/其他
  📂 【棒球帽、鸭舌帽、运动帽、遮阳帽】模板 → 中文模板/电商
  📂 【地垫、浴室垫、厨房垫、吸水垫、防滑垫】模板 → 中文模板/其他
  📂 【地毯、地垫、脚垫、家居地垫、防滑垫】模板 → 中文模板/其他
  📂 【鼠标垫、鼠标板、桌垫】模板 → 中文模板/其他
  📂 【相框、挂画、墙饰】模板 → 中文模板/海报
  📂 【鼠标垫、桌垫、桌面垫】模板 → 中文模板/其他
  📂 【鼠标垫、桌面垫、桌垫】模板 → 中文模板/其他
  📂 【宠物喂食垫、宠物地垫、宠物垫子】模板 → 中文模板/其他
  📁 创建: 英文模板
  📁 创建: 英文模板/其他
  📂 1777255486952_M_PP______.psd → 英文模板/其他
  ✓ 完成: 成功 20, 失败 0
  📄 第 6 页: 20 个需要处理
  📂 【圆形地毯、地垫、宠物垫】模板 → 中文模板/电商
  📂 【硅胶水槽垫、洗手台垫、水龙头垫】模板 → 中文模板/其他
  📂 塔罗牌布、占卜垫、仪式桌布 → 中文模板/其他
  📂 【宠物地毯、宠物地垫、狗狗地毯】模板 → 中文模板/其他
  📂 【宠物喂食垫、宠物餐垫、宠物进食垫】模板 → 中文模板/其他
  📂 【鼠标垫、鼠标垫板、桌垫、电脑鼠标垫】模板 → 中文模板/其他
  📂 【T恤、上衣、短袖】模板 → 中文模板/电商
  📂 【桌垫、鼠标垫、桌面垫】模板 → 中文模板/其他
  📂 【鼠标垫、桌垫、桌面鼠标垫、大号鼠标垫】模板 → 中文模板/其他
  📂 【鼠标垫、桌垫、键盘垫、桌面垫】模板 → 中文模板/其他
  📂 【鼠标垫、腕托鼠标垫、护腕鼠标垫】模板 → 中文模板/其他
  📂 【鼠标垫、桌垫、桌面垫】模板 → 中文模板/其他
  📂 【鼠标垫、桌垫、桌面垫】模板 → 中文模板/其他
  📂 【鼠标垫、桌垫、鼠标板】模板 → 中文模板/其他
  📂 【T恤、上衣、短袖】模板 → 中文模板/电商
  📂 【桌面垫、鼠标垫、桌垫、电脑垫】模板 → 中文模板/其他
  📂 【鼠标垫、圆形鼠标垫、电脑桌垫、办公垫、桌面垫】模板 国内 → 中文模板/其他
  📂 【鼠标垫、圆形鼠标垫、电脑桌垫、办公桌垫】模板 跨境 → 中文模板/其他
  📂 1774065060609_d2a0cc1a-5208-4ef4-a8f2-5302264db300.psd → 英文模板/其他
  📂 10076832.psd → 英文模板/其他
  ✓ 完成: 成功 20, 失败 0
  📄 第 7 页: 20 个需要处理
  📂 【毯子、毛毯、盖毯、抱毯、床品毯】模板 → 中文模板/广告
  📂 9222818.psd → 英文模板/其他
  📂 9220804.psd → 英文模板/其他
  📂 9220605.psd → 英文模板/其他
  📂 9313380.psd → 英文模板/其他
  📂 【鼠标垫、电脑垫、桌面垫、办公垫】模板 → 中文模板/其他
  📂 【圆形徽章、按钮、贴纸、胸针】模板 → 中文模板/海报
  📂 【圆形盘子、餐盘、陶瓷盘、餐具、装饰盘】模板 → 中文模板/电商
  📂 【餐垫、桌垫、圆形餐垫、餐桌垫】模板 → 中文模板/海报
  📂 【鼠标垫、电脑配件、办公用品】模板 → 中文模板/电商
  📂 【鼠标垫、电脑垫、办公垫、桌面垫】模板 → 中文模板/其他
  📂 【鼠标垫、电脑垫、办公垫、桌面垫】模板 → 中文模板/其他
  📂 round-leather-mouse-pad-mockup-top-view.psd → 英文模板/其他
  📂 【海报模板、画框海报、墙面装饰、艺术挂画】模板 → 中文模板/海报
  📂 【抱枕、靠垫、沙发垫、靠枕】模板 → 中文模板/电商
  📂 【咖啡杯、马克杯、水杯、杯子】模板 → 中文模板/电商
  📂 baa16fa2-5df5-41b3-80e4-d12c5c6eba67.psd → 英文模板/其他
  📂 2968be6d-397e-4eca-8a8b-58a7713a1c3b.psd → 英文模板/其他
  📂 479bdf21-2ed6-4c08-bf2a-a58b68c5401d.psd → 英文模板/其他
  📂 0f88d5d9-f121-46fb-b3ef-6357ce5a9129.psd → 英文模板/其他
  ✓ 完成: 成功 20, 失败 0
  📄 第 8 页: 20 个需要处理
  📂 b8b857d7-9427-4bfc-858d-2628ac6ae673.psd → 英文模板/其他
  📂 6cfaa1dd-ec96-4baa-be0f-51ffd56e5445.psd → 英文模板/其他
  📂 4bc6b22f-238a-42af-8e33-e0fcc901e623.psd → 英文模板/其他
  📂 97a7c3a4-a165-4dd8-812e-535c9fdd39ad.psd → 英文模板/其他
  📂 bb256aff-66e8-49f7-9cbb-fe41894f055e.psd → 英文模板/其他
  📂 bb256aff-66e8-49f7-9cbb-fe41894f055e.psd → 英文模板/其他
  📂 【杯垫、饮料垫、咖啡垫、桌垫】模板 → 中文模板/产品样机
  📂 【杯垫、餐垫、饮料垫、咖啡垫】模板 → 中文模板/电商
  📂 【杯垫、餐垫、饮料垫、酒垫】模板 → 中文模板/产品样机
  📂 【杯垫、餐垫、饮料垫、桌面垫】模板 → 中文模板/产品样机
  📂 【桌垫、鼠标垫、桌面垫、键盘垫、办公垫】模板 → 中文模板/电商
  📂 【鼠标垫、桌垫、电脑垫、办公垫】模板 → 中文模板/其他
  📂 【桌垫、鼠标垫、桌面垫、办公桌垫、电脑桌垫】模板 → 中文模板/其他
  📂 【桌垫、鼠标垫、办公桌垫、桌面垫、电脑桌垫】模板 → 中文模板/其他
  📂 【桌垫、鼠标垫、桌面垫、电脑桌垫】模板 → 中文模板/电商
  📂 【桌垫、桌面垫、电脑桌垫、办公桌垫、鼠标垫、大号桌垫】模板 → 中文模板/其他
  📂 【键盘垫、鼠标垫、桌垫、桌面垫、电脑垫】模板 → 中文模板/电商
  📂 【鼠标垫、桌垫、电脑垫、办公垫】模板 → 中文模板/其他
  📂 【鼠标垫、桌垫、电脑垫、办公垫】模板 → 中文模板/电商
  📂 【鼠标垫、游戏垫、桌面垫】模板 → 中文模板/电商
  ✓ 完成: 成功 20, 失败 0
  📄 第 9 页: 20 个需要处理
  📂 【鼠标垫、电脑垫、桌面垫】模板 → 中文模板/电商
  📂 【鼠标垫、鼠标垫模板、桌面垫】模板 → 中文模板/电商
  📂 【鼠标垫、桌垫、电脑垫、办公垫】模板 → 中文模板/电商
  📂 【鼠标垫、电脑配件、桌面垫】模板 → 中文模板/电商
  📂 【鼠标垫、电脑垫、桌面垫】模板 → 中文模板/其他
  📂 【鼠标垫、电脑配件、桌面垫】模板 → 中文模板/电商
  📂 mousepad-with-gel-mockup-top-view.psd → 英文模板/其他
  📂 ebd4f09d-e3f9-4f42-a7e0-3384d4a1ddb7.psd → 英文模板/其他
  📂 90c9ca56-5188-424c-8f36-09c0cc1d448d.psd → 英文模板/其他
  📂 fe54b5b9-3727-40cb-9a06-abe9191fe742.psd → 英文模板/其他
  📂 453fa05e-8e4e-4ca1-8944-a07a7cf069a9.psd → 英文模板/其他
  📂 mousepad-with-gel-mockup.psd → 英文模板/其他
  📂 1ba9ddd7-a8fd-41bc-b760-5728ea1be143.psd → 英文模板/其他
  📂 【鼠标垫、电脑垫、办公垫、桌面垫】模板 → 中文模板/其他
  📂 【挂毯、墙布、墙面装饰布、背景布、摄影背景布】模板 → 中文模板/其他
  📂 【门垫、地垫、入户垫、门口垫】模板 → 中文模板/海报
  📂 【餐垫、桌垫、餐布、餐桌垫】模板 → 中文模板/其他
  📂 【挂毯、墙布、墙面装饰布、布艺挂画】模板 → 中文模板/其他
  📂 【挂毯、墙面装饰布、壁挂、墙饰、艺术挂布】模板 → 中文模板/海报
  📂 【挂毯、墙布、墙面装饰、壁挂、布艺挂画】模板 → 中文模板/其他
  ✓ 完成: 成功 20, 失败 0
  📄 第 10 页: 20 个需要处理
  📂 【挂毯、墙饰、墙面装饰布、壁挂、家居挂布】模板 → 中文模板/其他
  📂 【挂毯、墙饰、墙面装饰画、布艺挂画】模板 → 中文模板/其他
  📂 【挂毯、墙布、墙面装饰、壁挂、布艺挂画】模板 → 中文模板/其他
  📂 【挂毯、墙饰、墙面装饰布、壁挂、家居挂布】模板 → 中文模板/其他
  📂 【挂毯、墙布、墙面装饰、壁挂、布艺挂饰】模板 → 中文模板/海报
  📂 【挂毯、墙饰、壁挂、布艺装饰】模板 → 中文模板/电商
  📂 【鼠标垫、桌垫、办公垫、圆形垫】模板 → 中文模板/海报
  📂 【抱枕、靠垫、枕头、方形枕】模板 → 中文模板/电商
  📂 【卫衣、套头衫、长袖上衣、休闲外套】模板 → 中文模板/电商
  📂 【丝巾、围巾、方巾、披肩】模板 → 中文模板/电商
  📂 【手提袋、购物袋、纸袋、礼品袋】模板 → 中文模板/电商
  📂 【鼠标垫、鼠标垫模板、电脑配件、桌面垫】模板 → 中文模板/Logo
  📂 【T恤、短袖、上衣、男装】模板 → 中文模板/电商
  📂 【服装吊牌、标签、衣标】模板 → 中文模板/电商
  📂 【厨房地垫、防滑垫、地毯、地垫、厨房垫、门口垫】模板 → 中文模板/其他
  📂 【拼图、益智玩具、智力游戏】模板 → 中文模板/电商
  📂 【手提袋、购物袋、纸袋、礼品袋】模板 → 中文模板/电商
  📂 【抽象画、艺术画、装饰画、挂画、壁画】模板 → 中文模板/电商
  📂 【水彩画、绘画作品、艺术创作、手绘图】模板 → 中文模板/电商
  📂 【餐垫、桌垫、餐桌垫、餐布、餐具垫】模板 → 中文模板/电商
  ✓ 完成: 成功 20, 失败 0
  📄 第 11 页: 20 个需要处理
  📂 【T恤、短袖、上衣、衣服】模板 → 中文模板/电商
  📂 【贴纸、圆形贴纸、标签贴纸】模板 → 中文模板/电商
  📂 【毯子、毛毯、床品、盖毯、沙发毯、休闲毯】模板 → 中文模板/其他
  📂 【毛毯、毯子、盖毯、披肩毯、家居毯】模板 → 中文模板/电商
  📂 【T恤、上衣、短袖、男装】模板 → 中文模板/电商
  📂 【卫衣、套头衫、运动衫、长袖上衣】模板 → 中文模板/其他
  📂 【手机壳、手机保护套、手机外壳】模板 → 中文模板/海报
  📂 【马克杯、咖啡杯、陶瓷杯、水杯】模板 → 中文模板/产品样机
  📂 【T恤、短袖、上衣、衣服】模板 → 中文模板/电商
  📂 【广告牌、户外广告、大型海报】模板 → 中文模板/海报
  📂 【名片、卡片、业务卡】模板 → 中文模板/海报
  📂 【宠物垫、宠物地垫、宠物毯、宠物休息垫】模板 → 中文模板/其他
  📂 【鼠标垫、电脑垫、桌面垫、办公垫】模板 → 中文模板/海报
  📂 【运动紧身衣、健身服、压缩衣、长袖运动衫】模板 → 中文模板/电商
  📂 【帆布袋、购物袋、环保袋、托特包】模板 → 中文模板/电商
  📂 【相框、画框、装饰画、挂画、艺术画】模板 → 中文模板/其他
  📂 【海报、宣传单、印刷品、广告页】模板 → 中文模板/海报
  📁 创建: 英文模板/电商
  📂 1768021693340_1s_28a1b130-ba2c-45ab-b96d-7d7c9b1bdb80.psd → 英文模板/电商
  📂 【浴帘、淋浴帘、浴室帘】模板 → 中文模板/其他
  📂 【海报、装饰画、艺术画、墙面挂画、印刷品】模板 → 中文模板/海报
  ✓ 完成: 成功 20, 失败 0
  📄 第 12 页: 20 个需要处理
  📂 【黑布、遮光布、挂布、墙面装饰布、背景布】模板 → 中文模板/其他
  📂 【长袖T恤、卫衣、上衣、男装、休闲服】模板 → 中文模板/电商
  📂 【帆布袋、环保袋、购物袋、手提袋】模板 → 中文模板/电商
  📂 【地毯、地垫、客厅地毯、房间地垫、家用地毯】模板 → 中文模板/其他
  📂 【抱枕、靠垫、枕头、沙发垫】模板 → 中文模板/电商
  📂 【浴帘、淋浴帘、浴室帘、防水帘】模板 → 中文模板/其他
  📂 【海报、墙画、装饰画、挂画】模板 → 中文模板/海报
  📂 【卫衣、套头衫、长袖上衣、休闲外套】模板 → 中文模板/电商
  📂 【挂画、装饰画、艺术画、墙画、海报、挂饰】模板 → 中文模板/电商
  📂 【抱枕、枕头、靠垫、枕套】模板 → 中文模板/电商
  📂 【连帽卫衣、卫衣、外套、上衣、休闲服】模板 → 中文模板/电商
  📂 【长袖T恤、长袖上衣、男装T恤、休闲长袖】模板 → 中文模板/其他
  📂 【马克杯、咖啡杯、陶瓷杯、水杯】模板 → 中文模板/产品样机
  📂 【包装袋、铝箔袋、密封袋、自封袋】模板 → 中文模板/电商
  📂 【鼠标垫、游戏鼠标垫、电脑鼠标垫】模板 → 中文模板/其他
  📂 【帆布袋、环保袋、购物袋、托特包】模板 → 中文模板/海报
  📂 【桌布、餐桌布、圆桌布、桌垫、桌面装饰】模板 → 中文模板/其他
  📂 【帆布袋、环保袋、购物袋、手提袋】模板 → 中文模板/电商
  📂 【墙面装饰画、挂画、艺术画、海报、墙贴、房间装饰画】模板 → 中文模板/电商
  📂 【T恤、短袖、上衣、男装、休闲装】模板 → 中文模板/电商
  ✓ 完成: 成功 20, 失败 0
  📄 第 13 页: 20 个需要处理
  📂 【沙滩巾、浴巾、毛巾、海滩巾】模板 → 中文模板/电商
  📂 【画布、海报、艺术画、装饰画】模板 → 中文模板/海报
  📂 【桌布、餐桌布、桌垫、桌面装饰】模板 → 中文模板/广告
  📂 【手机壳、手机保护套、手机外壳】模板 → 中文模板/其他
  📂 【连帽衫、卫衣、外套、帽衫】模板 → 中文模板/电商
  📂 【鼠标垫、桌垫、键盘垫、办公垫】模板 → 中文模板/电商
  📂 【鼠标垫、桌垫、电脑垫、办公垫】模板 → 中文模板/其他
  📂 【毛毯、盖毯、床品毯、抱毯、保暖毯】模板 → 中文模板/电商
  📂 【丝巾、围巾、方巾、披肩】模板 → 中文模板/其他
  📂 【装饰画、挂画、艺术画、墙画、壁画】模板 → 中文模板/电商
  📂 【卫衣、外套、上衣、夹克】模板 → 中文模板/海报
  📂 【马克杯、咖啡杯、陶瓷杯、水杯】模板 → 中文模板/海报
  📂 【抱枕、枕头、靠垫、枕套】模板 → 中文模板/电商
  📂 【卫衣、套头衫、长袖上衣、运动衫】模板 → 中文模板/电商
  📂 【横幅、旗帜、海报、宣传旗、户外广告旗】模板 → 中文模板/海报
  📂 【鼠标垫、电脑垫、办公垫、桌面垫】模板 → 中文模板/其他
  📂 【卫衣、套头衫、长袖上衣、休闲外套】模板 → 中文模板/其他
  📂 【T恤、短袖、上衣、男装、服装】模板 → 中文模板/电商
  📂 【相框、画框、装饰画框、挂画框】模板 → 中文模板/海报
  📂 【鼠标垫、电脑垫、桌面垫】模板 → 中文模板/电商
  ✓ 完成: 成功 20, 失败 0
  📄 第 14 页: 20 个需要处理
  📂 【桌垫、鼠标垫、办公垫、桌面垫、电脑垫】模板 → 中文模板/电商
  📂 【口罩、防护口罩、一次性口罩、布口罩】模板 → 中文模板/电商
  📂 【毛巾、浴巾、厨房巾、抹布、家居巾】模板 → 中文模板/电商
  📂 【T恤、上衣、短袖、男装、服装】模板 → 中文模板/电商
  📂 【棒球帽、鸭舌帽、帽子、遮阳帽】模板 → 中文模板/电商
  📂 【横幅、悬挂标语、展板、宣传条幅】模板 → 中文模板/电商
  📂 【浴帘、淋浴帘、浴室帘、防水帘】模板 → 中文模板/其他
  📂 【T恤、短袖、上衣、衣服、休闲装】模板 → 中文模板/电商
  📂 【卫衣、套头衫、长袖上衣、运动衫】模板 → 中文模板/电商
  📂 【沙滩巾、浴巾、毛巾、海滩巾、大毛巾】模板 → 中文模板/广告
  📂 【鼠标垫、桌垫、键盘垫、办公垫】模板 → 中文模板/其他
  📂 【Polo衫、翻领T恤、男士短袖、休闲上衣】模板 → 中文模板/其他
  📂 【T恤、上衣、短袖、休闲装、服装】模板 → 中文模板/其他
  📂 【挂毯、墙布、墙面装饰布、壁挂、布艺挂画】模板 → 中文模板/其他
  📂 【手机壳、手机保护套、iPhone手机壳】模板 → 中文模板/其他
  📂 【长袖T恤、长袖上衣、长袖衫】模板 → 中文模板/电商
  📂 【公交站台海报、广告牌模板、户外宣传海报】模板 → 中文模板/电商
  📂 【装饰画、挂画、艺术画、墙面装饰、海报、壁画】模板 → 中文模板/电商
  📂 【卫衣、套头衫、长袖上衣、运动衫】模板 → 中文模板/电商
  📂 【海报模板、广告牌模板、宣传海报模板】模板 → 中文模板/海报
  ✓ 完成: 成功 20, 失败 0
  📄 第 15 页: 20 个需要处理
  📂 【抱枕、靠垫、沙发垫、靠枕、枕头】模板 → 中文模板/电商
  📂 【Polo衫、短袖衬衫、男装上衣、休闲polo衫】模板 → 中文模板/电商
  📂 【T恤、短袖、上衣、衣服】模板 → 中文模板/电商
  📂 【相框、画框、装饰画框、挂画框】模板 → 中文模板/海报
  📂 【卫衣、套头衫、运动衫、长袖上衣】模板 → 中文模板/电商
  📂 【圆桌桌布、餐桌布、桌垫、圆形桌布】模板 → 中文模板/广告
  📂 【马克杯、咖啡杯、陶瓷杯、水杯】模板 → 中文模板/电商
  📂 1768371567559_mattress_2.psd → 英文模板/其他
  📂 【T恤、上衣、短袖、宽松T恤、休闲衫】模板 → 中文模板/电商
  📂 【海报、画框、装饰画、挂画、艺术画】模板 → 中文模板/海报
  📂 【马克杯、咖啡杯、水杯、陶瓷杯】模板 → 中文模板/电商
  📂 【挂画、艺术画、装饰画、墙画、海报、画作】模板 → 中文模板/海报
  📂 【T恤、短袖、上衣、男装】模板 → 中文模板/电商
  📂 【T恤、短袖、上衣、衣服】模板 → 中文模板/电商
  📂 【画框、相框、挂画、装饰画、墙画】模板 → 中文模板/电商
  📂 【卫衣、套头衫、运动衫、长袖上衣】模板 → 中文模板/电商
  📂 【相框、画框、装饰画框、摆台相框】模板 → 中文模板/海报
  📂 【口罩、防护口罩、一次性口罩、医用口罩】模板 → 中文模板/电商
  📂 【浴帘、淋浴帘、浴室帘、防水帘】模板 → 中文模板/其他
  📂 【桌布、餐桌布、桌垫、桌面装饰布、餐布】模板 → 中文模板/其他
  ✓ 完成: 成功 20, 失败 0
  📄 第 16 页: 20 个需要处理
  📂 【T恤、短袖、上衣、男装、休闲装】模板 → 中文模板/电商
  📂 【T恤、短袖、上衣、衣服】模板 → 中文模板/电商
  📂 【画布】模板 → 中文模板/其他
  📂 【鼠标垫、鼠标垫模板、桌面垫、电脑配件】模板 → 中文模板/电商
  📂 【Polo衫、男装、短袖衬衫、休闲上衣】模板 → 中文模板/电商
  📂 【桌布、餐桌布、桌垫、桌面装饰布】模板 → 中文模板/广告
  📂 【相框、画框、装饰画框、金色相框】模板 → 中文模板/其他
  📂 【鼠标垫、桌垫、键盘垫、办公垫、桌面垫】模板 → 中文模板/其他
  📂 【浴帘、淋浴帘、浴室帘】模板 → 中文模板/电商
  📂 【购物袋、手提袋、纸袋】模板 → 中文模板/电商
  📂 【浴帘、淋浴帘、浴室帘】模板 → 中文模板/其他
  📂 【邮票、贴纸、印章、标签】模板 → 中文模板/其他
  📂 【拼图、益智玩具、儿童玩具、智力游戏】模板 → 中文模板/电商
  📂 【卫衣、套头衫、运动衫、长袖上衣】模板 → 中文模板/电商
  📂 1767855140346_1s_67df0849-9de4-4973-8c7a-e9e8b1b3a610.psd → 英文模板/电商
  📂 【户外广告牌、宣传海报、展示板】模板 → 中文模板/电商
  📂 【挂毯、壁毯、墙面装饰布、墙饰、艺术挂布】模板 → 中文模板/其他
  📂 【海报模板、广告牌模板、地铁海报模板、展示海报模板】模板 → 中文模板/海报
  📂 【装饰画、挂画、墙面艺术、相框画】模板 → 中文模板/电商
  📂 【袜子、运动袜、棉袜、长筒袜】模板 → 中文模板/电商
  ✓ 完成: 成功 20, 失败 0
  📄 第 17 页: 20 个需要处理
  📂 【装饰画、挂画、墙面艺术画、海报、相框画】模板 → 中文模板/电商
  📂 【T恤、短袖、上衣、衣服】模板 → 中文模板/电商
  📂 【帆布袋、托特包、购物袋、环保袋】模板 → 中文模板/电商
  📂 【T恤、上衣、短袖、长袖T恤、圆领衫】模板 → 中文模板/电商
  📂 【横幅、广告布、悬挂标语、展会展板、宣传旗帜】模板 → 中文模板/海报
  📂 【地毯、地垫、地板垫、家用垫子】模板 → 中文模板/其他
  📂 【卫衣、套头衫、长袖上衣、休闲外套】模板 → 中文模板/其他
  📂 7984800.psd → 英文模板/其他
  📂 【长袖T恤、长袖上衣、打底衫、休闲衫】模板 → 中文模板/其他
  📂 【T恤、短袖、上衣、女装T恤、运动T恤】模板 → 中文模板/电商
  📂 【装饰画、挂画、艺术画、墙画、抽象画】模板 → 中文模板/电商
  📂 【汽车罩、车衣、车用遮盖布】模板 → 中文模板/其他
  📂 1780712704576_1767855912947_1s_dee6e515-901f-4a8b-90df-1bb5a652a4e0.psd → 英文模板/其他
  📂 【T恤、短袖、上衣、男装、休闲装】模板 → 中文模板/电商
  📂 【T恤、上衣、短袖、男装】模板 → 中文模板/电商
  📂 【瑜伽垫、健身垫、运动垫】模板 → 中文模板/其他
  📂 【浴帘、淋浴帘、浴室帘、防水帘】模板 → 中文模板/其他
  📂 【桌布、餐桌布、桌垫、桌面装饰布】模板 → 中文模板/其他
  📂 【鼠标垫、电脑垫、桌面垫】模板 → 中文模板/其他
  📂 【桌布、餐桌布、桌垫、桌面装饰】模板 → 中文模板/电商
  ✓ 完成: 成功 20, 失败 0
  📄 第 18 页: 20 个需要处理
  📂 【长袖T恤、长袖上衣、长袖衫】模板 → 中文模板/其他
  📂 【墙面海报模板、墙画模板、挂画模板、装饰画模板】模板 → 中文模板/电商
  📂 【T恤、上衣、短袖、男装】模板 → 中文模板/电商
  📂 【连帽衫、卫衣、外套、拉链外套】模板 → 中文模板/电商
  📂 【邮票、明信片、纪念贴纸、收藏贴纸】模板 → 中文模板/海报
  📂 【马克杯、咖啡杯、陶瓷杯、水杯】模板 → 中文模板/海报
  📂 【连帽卫衣、连帽衫、卫衣、外套、上衣】模板 → 中文模板/电商
  📂 【墙贴、墙面装饰、艺术贴纸、房间贴画】模板 → 中文模板/其他
  📂 【贴纸、圆形贴纸、标签贴纸、胶粘贴纸】模板 → 中文模板/海报
  📂 【相框海报、画框模板、装裱海报、艺术画框】模板 → 中文模板/海报
  📂 【鼠标垫、桌垫、桌面垫、电脑垫】模板 → 中文模板/电商
  📂 【装饰画、挂画、艺术画、墙面装饰画】模板 → 中文模板/电商
  📂 【卫衣、套头衫、长袖上衣、休闲外套】模板 → 中文模板/电商
  📂 【马克杯、咖啡杯、水杯、陶瓷杯】模板 → 中文模板/电商
  📂 【连帽衫、卫衣、外套、拉链衫】模板 → 中文模板/其他
  📂 【背心、无袖上衣、运动背心、男装背心】模板 → 中文模板/电商
  📂 【T恤、短袖、上衣、衣服】模板 → 中文模板/电商
  📂 【纸袋、购物袋、包装袋、手提袋】模板 → 中文模板/电商
  📂 【长袖T恤、长袖上衣、卫衣、休闲衫】模板 → 中文模板/电商
  📂 【T恤、短袖、上衣、男装、休闲装】模板 → 中文模板/电商
  ✓ 完成: 成功 20, 失败 0
  📄 第 19 页: 20 个需要处理
  📂 【马克杯、咖啡杯、水杯、陶瓷杯】模板 → 中文模板/产品样机
  📂 1767921021143_1s_f81acfbf-1d48-403d-a9b4-efd053cc777e.psd → 英文模板/电商
  📂 【海报模板、广告牌模板、地铁海报模板】模板 → 中文模板/海报
  📂 【横幅、旗帜、挂布、墙饰、装饰布】模板 → 中文模板/电商
  📂 【垂直旗帜、挂旗、布艺旗帜】模板 → 中文模板/海报
  📂 【圆形招牌、店铺招牌、悬挂招牌、门头招牌】模板 → 中文模板/广告
  📂 【贴纸、圆形贴纸、标签贴纸、徽章贴纸】模板 → 中文模板/电商
  📂 【T恤、上衣、短袖、Crop Top、休闲装】模板 → 中文模板/电商
  📂 1780712062518_1767926840032_1s_8921ea1d-44fb-429f-abfa-cd641ced36af.psd → 英文模板/电商
  📂 【汽车罩、车衣、车用遮盖布】模板 → 中文模板/电商
  📂 【浴室地垫、圆形地毯、防滑垫、卫生间垫子】模板 → 中文模板/其他
  📂 【T恤、短袖、上衣、衣服】模板 → 中文模板/其他
  📂 【T恤、上衣、短袖、男装、休闲装】模板 → 中文模板/海报
  📂 1780711686545_1767447127913_1s_583bdc7e-a3c8-4ff1-af94-efdb78adeba5.psd → 英文模板/其他
  📂 【抱枕、靠垫、枕头、沙发垫】模板 → 中文模板/电商
  📂 【浴帘、淋浴帘、浴室帘、窗帘、隔断帘】模板 → 中文模板/其他
  📂 【T恤、短袖、上衣、男装、休闲装】模板 → 中文模板/电商
  📂 【悬挂旗帜、挂旗、布艺旗帜、装饰旗】模板 → 中文模板/海报
  📂 【海报、画作、装饰画、艺术画、挂画】模板 → 中文模板/海报
  📂 【浴室地垫、浴垫、防滑垫、洗衣机地垫】模板 → 中文模板/其他
  ✓ 完成: 成功 20, 失败 0
  📄 第 20 页: 20 个需要处理
  📂 【墙面装饰画、挂画、艺术画、海报、墙贴、壁画】模板 → 中文模板/电商
  📂 【抱枕套、靠垫套、枕头套、沙发靠垫套】模板 → 中文模板/电商
  📂 【毯子、毛毯、盖毯、床毯、抱毯、家居毯】模板 → 中文模板/电商
  📂 【相框、照片框、画框、相片框】模板 → 中文模板/其他
  📂 【装饰画、挂画、艺术画框、墙面装饰、相框】模板 → 中文模板/其他
  📂 【口罩、防护口罩、一次性口罩、医用口罩】模板 → 中文模板/其他
  📂 【画框、相框、装饰画框、艺术画框】模板 → 中文模板/海报
  📂 【T恤、短袖、上衣、男装、休闲装】模板 → 中文模板/电商
  📂 【施工围挡横幅、工地宣传横幅、安全警示横幅】模板 → 中文模板/电商
  📂 【浴帘、淋浴帘、浴室帘、防水帘】模板 → 中文模板/其他
  📂 【画框、相框、装饰画框、挂画框】模板 → 中文模板/其他
  📂 【T恤、短袖、上衣、男装】模板 → 中文模板/电商
  📂 【毯子、毛毯、挂毯、披肩、家居毯】模板 → 中文模板/其他
  📂 【桌布、餐桌布、桌垫、桌面装饰布】模板 → 中文模板/其他
  📂 【相框、画框、装饰框、挂画框】模板 → 中文模板/海报
  📂 【T恤、短袖、上衣、男装、服装】模板 → 中文模板/电商
  📂 【T恤、上衣、短袖、卫衣、衣服】模板 → 中文模板/海报
  📂 【T恤、短袖、上衣、休闲装、男装、女装、衣服】模板 → 中文模板/其他
  📂 【连帽卫衣、外套、上衣、休闲服】模板 → 中文模板/电商
  📂 【画布、艺术画、装饰画、挂画】模板 → 中文模板/海报
  ✓ 完成: 成功 20, 失败 0
  📄 第 21 页: 20 个需要处理
  📂 【卫衣、套头衫、长袖上衣、运动衫】模板 → 中文模板/电商
  📂 【长袖T恤、长袖上衣、长袖衫】模板 → 中文模板/电商
  📂 【鼠标垫、桌垫、桌面垫、电脑垫】模板 → 中文模板/其他
  📂 【T恤、短袖、上衣、衣服】模板 → 中文模板/电商
  📂 【贴纸、圆形贴纸、标签贴纸】模板 → 中文模板/电商
  📂 【地铁广告牌、海报模板、宣传展板】模板 → 中文模板/海报
  📂 【手机壳、手机保护套、iPhone壳】模板 → 中文模板/电商
  📂 1780711468072_1767621664237_1s_9d1caf76-1a11-4238-86ef-ba92285483f6.psd → 英文模板/电商
  📂 【装饰画、挂画、墙面艺术画、海报、壁画】模板 → 中文模板/电商
  📂 【抱枕、靠垫、沙发垫、靠枕】模板 → 中文模板/电商
  📂 【垂直旗帜、竖幅挂旗、悬挂横幅、布艺旗帜】模板 → 中文模板/海报
  📁 创建: 英文模板/广告
  📂 1768362426628_02557337-2f2e-4b4d-b3ab-6b6f1e7562fd.psd → 英文模板/广告
  📂 【T恤、Polo衫、短袖、上衣、男装】模板 → 中文模板/电商
  📂 1767871357588_1s_57638277-c4d5-4c94-983b-4db5f1eda390.psd → 英文模板/电商
  📂 【T恤、短袖、上衣、男装】模板 → 中文模板/电商
  📂 【桌垫、桌面垫、鼠标垫、办公垫、电脑桌垫】模板 → 中文模板/电商
  📂 1767584581292_1s_daf08ae9-2468-4628-9f56-3686a4b7ed43 (1).psd → 英文模板/电商
  📂 【T恤、上衣、短袖、女式T恤、休闲衫】模板 → 中文模板/电商
  📂 【窗帘、窗纱、遮光帘、布艺窗帘】模板 → 中文模板/电商
  📂 【卫衣、套头衫、运动衫、长袖上衣】模板 → 中文模板/海报
  ✓ 完成: 成功 20, 失败 0
  📄 第 22 页: 20 个需要处理
  📂 【贴纸、圆形贴纸、标签贴纸】模板 → 中文模板/电商
  📂 【卫衣、套头衫、长袖上衣、运动衫】模板 → 中文模板/电商
  📂 【茶巾、厨房巾、布艺挂饰、餐巾、方巾】模板 → 中文模板/其他
  📂 【连帽衫、卫衣、外套、运动衫】模板 → 中文模板/其他
  📂 【地毯、地垫、室内垫、客厅地毯、卧室地垫、装饰地毯】模板 → 中文模板/其他
  📂 1766669967229_1s_065da36a-c041-44c6-9885-8786153b783e.psd → 英文模板/电商
  📂 【抽绳袋、束口包、运动背包、收纳袋】模板 → 中文模板/广告
  📂 1780708980287_1769754878494_dddd6f44-1e99-431e-86a2-08156a90dc8d.psd → 英文模板/电商
  📂 【鼠标垫、桌垫、电脑垫、桌面垫】模板 → 中文模板/其他
  📂 【T恤、短袖、上衣、衣服、男装、女装、休闲装】模板 → 中文模板/电商
  📂 【马克杯、咖啡杯、陶瓷杯、水杯】模板 → 中文模板/电商
  📂 【相框、画框、装饰画框、挂画框】模板 → 中文模板/海报
  📂 【帆布袋、托特包、购物袋、环保袋】模板 → 中文模板/电商
  📂 【咖啡杯、纸杯、一次性杯子、外带杯】模板 → 中文模板/海报
  📂 【墙面装饰画、挂画、艺术画、海报、墙贴、房间装饰画】模板 → 中文模板/电商
  📂 【长袖T恤、长袖上衣、休闲衫、打底衫】模板 → 中文模板/海报
  📂 【沙滩巾、浴巾、毛巾、披肩、盖毯】模板 → 中文模板/其他
  📂 【桌布、餐垫、餐桌布、桌垫】模板 → 中文模板/电商
  📂 【相框、画框、装饰画、挂画、照片框】模板 → 中文模板/海报
  📂 【鼠标垫、电脑垫、办公垫】模板 → 中文模板/其他
  ✓ 完成: 成功 20, 失败 0
  📄 第 23 页: 5 个需要处理
  📂 【T恤、上衣、短袖、男装、休闲装】模板 → 中文模板/电商
  📂 【桌垫、键盘垫、鼠标垫、办公桌垫、桌面垫】模板 → 中文模板/其他
  📂 【桌垫、餐垫、餐桌垫、餐布、桌布】模板 → 中文模板/电商
  📂 【汽车罩、车衣、车用防护罩】模板 → 中文模板/电商
  📂 【瑜伽垫、健身垫、运动垫】模板 → 中文模板/电商
  ✓ 完成: 成功 5, 失败 0

✅ PSD模板处理完成: 成功 445, 失败 0


============================================================
📊 汇总
============================================================
  PSD模板: 成功 445, 失败 0
============================================================

  ✓ 完成: 成功 0, 失败 20
  📄 第 138 页: 20 个需要处理
  ✓ 完成: 成功 0, 失败 20
  📄 第 139 页: 20 个需要处理
  ✓ 完成: 成功 0, 失败 20
  📄 第 140 页: 20 个需要处理
  ✓ 完成: 成功 0, 失败 20
  📄 第 141 页: 20 个需要处理
  ✓ 完成: 成功 0, 失败 20
  📄 第 142 页: 20 个需要处理
  ✓ 完成: 成功 0, 失败 20
  📄 第 143 页: 20 个需要处理
  ✓ 完成: 成功 0, 失败 20
  📄 第 144 页: 20 个需要处理
  ✓ 完成: 成功 0, 失败 20
  📄 第 145 页: 20 个需要处理
  ✓ 完成: 成功 0, 失败 20
  📄 第 146 页: 20 个需要处理
  ✓ 完成: 成功 0, 失败 20
  📄 第 147 页: 20 个需要处理
  ✓ 完成: 成功 0, 失败 20
  📄 第 148 页: 20 个需要处理
  ✓ 完成: 成功 0, 失败 20
  📄 第 149 页: 20 个需要处理
  ✓ 完成: 成功 0, 失败 20
  📄 第 150 页: 20 个需要处理
  ✓ 完成: 成功 0, 失败 20
  📄 第 151 页: 20 个需要处理
  ✓ 完成: 成功 0, 失败 20
  📄 第 152 页: 20 个需要处理
  ✓ 完成: 成功 0, 失败 20
  📄 第 153 页: 20 个需要处理
  ✓ 完成: 成功 0, 失败 20
  📄 第 154 页: 20 个需要处理
  ✓ 完成: 成功 0, 失败 20
  📄 第 155 页: 20 个需要处理
  ✓ 完成: 成功 0, 失败 20
  📄 第 156 页: 20 个需要处理
  📂 字体库 - 分类字体包 - 叶根友 - 叶根友微宋重黑 → 中文字体/标题字
  📂 极简几何无衬线 → 中文字体/标题字
  ✓ 完成: 成功 2, 失败 18
  📄 第 157 页: 20 个需要处理
  📂 叶根友微宋特黑 → 中文字体/标题字
  ✓ 完成: 成功 1, 失败 19
  📄 第 158 页: 20 个需要处理
  📂 Tommys涂鸦黑体 → 中文字体/标题字
  ✓ 完成: 成功 1, 失败 19
  📄 第 159 页: 20 个需要处理
  📂 字体库 - 分类字体包 - 叶根友 - 叶根友风帆特色简体 → 中文字体/标题字
  📂 SUBMERGD → 中文字体/标题字
  📂 叶根友刀锋黑草2.0 → 中文字体/标题字
  ✓ 完成: 成功 3, 失败 17
  📄 第 160 页: 20 个需要处理
  📂 雅坊美工06 → 中文字体/标题字
  📂 雅坊美工 黑体 → 中文字体/标题字
  📂 字体库 - 分类字体包 - 文鼎字体 - 文鼎中特廣告體 → 中文字体/标题字
  📂 字体库 - 分类字体包 - 文鼎字体 - 文鼎中粗隸 → 中文字体/标题字
  ✓ 完成: 成功 4, 失败 16
  📄 第 161 页: 20 个需要处理
  📂 字体库 - 分类字体包 - 文鼎字体 - 文鼎新粗黑 → 中文字体/标题字
  ✓ 完成: 成功 1, 失败 19
  📄 第 162 页: 20 个需要处理
  📂 Fresnel（锯齿毛边） → 中文字体/标题字
  ✓ 完成: 成功 1, 失败 19
  📄 第 163 页: 20 个需要处理
  ✓ 完成: 成功 0, 失败 20
  📄 第 164 页: 20 个需要处理
  ✓ 完成: 成功 0, 失败 20
  📄 第 165 页: 20 个需要处理
  ✓ 完成: 成功 0, 失败 20
  📄 第 166 页: 20 个需要处理
  ✓ 完成: 成功 0, 失败 20
  📄 第 167 页: 20 个需要处理
  ✓ 完成: 成功 0, 失败 20
  📄 第 168 页: 20 个需要处理
  ✓ 完成: 成功 0, 失败 20
  📄 第 169 页: 20 个需要处理
  ✓ 完成: 成功 0, 失败 20
  📄 第 170 页: 20 个需要处理
  ✓ 完成: 成功 0, 失败 20
  📄 第 171 页: 20 个需要处理
  ✓ 完成: 成功 0, 失败 20
  📄 第 172 页: 20 个需要处理
  ✓ 完成: 成功 0, 失败 20
  📄 第 173 页: 20 个需要处理
  ✓ 完成: 成功 0, 失败 20
  📄 第 174 页: 20 个需要处理
  ✓ 完成: 成功 0, 失败 20
  📄 第 175 页: 20 个需要处理
  ✓ 完成: 成功 0, 失败 20
  📄 第 176 页: 20 个需要处理
  ✓ 完成: 成功 0, 失败 20
  📄 第 177 页: 20 个需要处理
  ✓ 完成: 成功 0, 失败 20
  📄 第 178 页: 20 个需要处理
  ✓ 完成: 成功 0, 失败 20
  📄 第 179 页: 20 个需要处理
  ✓ 完成: 成功 0, 失败 20
  📄 第 180 页: 20 个需要处理
  ✓ 完成: 成功 0, 失败 20
  📄 第 181 页: 20 个需要处理
  ✓ 完成: 成功 0, 失败 20
  📄 第 182 页: 20 个需要处理
  ✓ 完成: 成功 0, 失败 20
  📄 第 183 页: 20 个需要处理
  ✓ 完成: 成功 0, 失败 20
  📄 第 184 页: 20 个需要处理
  ✓ 完成: 成功 0, 失败 20
  📄 第 185 页: 20 个需要处理
  ✓ 完成: 成功 0, 失败 20
  📄 第 186 页: 20 个需要处理
  ✓ 完成: 成功 0, 失败 20
  📄 第 187 页: 20 个需要处理
  ✓ 完成: 成功 0, 失败 20
  📄 第 188 页: 20 个需要处理
  ✓ 完成: 成功 0, 失败 20
  📄 第 189 页: 20 个需要处理
  ✓ 完成: 成功 0, 失败 20
  📄 第 190 页: 20 个需要处理
  ✓ 完成: 成功 0, 失败 20
  📄 第 191 页: 20 个需要处理
  ✓ 完成: 成功 0, 失败 20
  📄 第 192 页: 20 个需要处理
  ✓ 完成: 成功 0, 失败 20
  📄 第 193 页: 20 个需要处理
  ✓ 完成: 成功 0, 失败 20
  📄 第 194 页: 20 个需要处理
  ✓ 完成: 成功 0, 失败 20
  📄 第 195 页: 20 个需要处理
  ✓ 完成: 成功 0, 失败 20
  📄 第 196 页: 20 个需要处理
  ✓ 完成: 成功 0, 失败 20
  📄 第 197 页: 20 个需要处理
  📂 字体库 - 分类字体包 - 松邦jin字体 - 金梅粗圆体 → 中文字体/标题字
  📂 Calibri Bold → 中文字体/标题字
  ✓ 完成: 成功 2, 失败 18
  📄 第 198 页: 20 个需要处理
  ✓ 完成: 成功 0, 失败 20
  📄 第 199 页: 20 个需要处理
  📂 字体库 - 分类字体包 - 松邦英文字体 - Burton Slab Rough → 中文字体/标题字
  ✓ 完成: 成功 1, 失败 19
  📄 第 200 页: 20 个需要处理
  📂 字体库 - 分类字体包 - 松邦英文字体 - COPASETI → 中文字体/标题字
  📂 Browauz → 中文字体/标题字
  ✓ 完成: 成功 2, 失败 18
  📄 第 201 页: 20 个需要处理
  📂 松邦英文字体 - Breathe-Press → 中文字体/标题字
  📂 Bough Regular → 中文字体/标题字
  📂 BOOMBOX → 中文字体/标题字
  ✓ 完成: 成功 3, 失败 17
  📄 第 202 页: 20 个需要处理
  ✓ 完成: 成功 0, 失败 20
  📄 第 203 页: 20 个需要处理
  📂 Blackoak Std → 韩文字体/标题字
  ✓ 完成: 成功 1, 失败 19
  📄 第 204 页: 20 个需要处理
  📂 ClubMF Geometric Heavy → 中文字体/标题字
  ✓ 完成: 成功 1, 失败 19
  📄 第 205 页: 20 个需要处理
  📂 Beryliub → 中文字体/标题字
  📂 字体库 - 分类字体包 - 松邦英文字体 - Berlin Allee → 中文字体/标题字
  📂 Bebas → 中文字体/标题字
  ✓ 完成: 成功 3, 失败 17
  📄 第 206 页: 20 个需要处理
  📂 BASE 02 Grunge Sans → 中文字体/标题字
  📂 字体库 - 分类字体包 - 松邦英文字体 - balker → 中文字体/标题字
  ✓ 完成: 成功 2, 失败 18
  📄 第 207 页: 20 个需要处理
  📂 AVGARDDO → 中文字体/标题字
  📂 Chapultepec → 中文字体/标题字
  ✓ 完成: 成功 2, 失败 18
  📄 第 208 页: 20 个需要处理
  ✓ 完成: 成功 0, 失败 20
  📄 第 209 页: 20 个需要处理
  ✓ 完成: 成功 0, 失败 20
  📄 第 210 页: 20 个需要处理
  ✓ 完成: 成功 0, 失败 20
  📄 第 211 页: 20 个需要处理
  ✓ 完成: 成功 0, 失败 20
  📄 第 212 页: 20 个需要处理
  ✓ 完成: 成功 0, 失败 20
  📄 第 213 页: 20 个需要处理
  ✓ 完成: 成功 0, 失败 20
  📄 第 214 页: 20 个需要处理
  ✓ 完成: 成功 0, 失败 20
  📄 第 215 页: 20 个需要处理
  ✓ 完成: 成功 0, 失败 20
  📄 第 216 页: 20 个需要处理
  ✓ 完成: 成功 0, 失败 20
  📄 第 217 页: 20 个需要处理
  ✓ 完成: 成功 0, 失败 20
  📄 第 218 页: 20 个需要处理
  ✓ 完成: 成功 0, 失败 20
  📄 第 219 页: 20 个需要处理
  ✓ 完成: 成功 0, 失败 20
  📄 第 220 页: 20 个需要处理
  ✓ 完成: 成功 0, 失败 20
  📄 第 221 页: 20 个需要处理
  ✓ 完成: 成功 0, 失败 20
  📄 第 222 页: 20 个需要处理
  ✓ 完成: 成功 0, 失败 20
  📄 第 223 页: 20 个需要处理
  ✓ 完成: 成功 0, 失败 20
  📄 第 224 页: 20 个需要处理
  ✓ 完成: 成功 0, 失败 20
  📄 第 225 页: 20 个需要处理
  ✓ 完成: 成功 0, 失败 20
  📄 第 226 页: 20 个需要处理
  ✓ 完成: 成功 0, 失败 20
  📄 第 227 页: 20 个需要处理
  ✓ 完成: 成功 0, 失败 20
  📄 第 228 页: 20 个需要处理
  ✓ 完成: 成功 0, 失败 20
  📄 第 229 页: 20 个需要处理
  ✓ 完成: 成功 0, 失败 20
  📄 第 230 页: 20 个需要处理
  📂 Amerika Sans → 中文字体/标题字
  📂 Alte Haas Grotesk Bold → 中文字体/标题字
  📂 Albam → 中文字体/标题字
  ✓ 完成: 成功 3, 失败 17
  📄 第 231 页: 20 个需要处理
  📂 字体库 - 分类字体包 - 松邦英文字体 - AkzidenzGrotesk-ExtraBoldCondItalicAlt → 中文字体/标题字
  📂 字体库 - 分类字体包 - 松邦文鼎字体 - 文鼎中特广告体简 → 中文字体/标题字
  📂 字体库 - 分类字体包 - 松邦英文字体 - AkzidenzGrotesk-BoldCondAlt → 中文字体/标题字
  ✓ 完成: 成功 3, 失败 17
  📄 第 232 页: 20 个需要处理
  📂 Akzidenz-Grotesk-Bold → 中文字体/标题字
  📂 字体库 - 分类字体包 - 松邦文鼎字体 - 文鼎淹水体简 → 中文字体/标题字
  📂 文鼎习字体简 → 中文字体/标题字
  📂 等宽无衬线粗体 → 中文字体/标题字
  ✓ 完成: 成功 4, 失败 16
  📄 第 233 页: 20 个需要处理
  ✓ 完成: 成功 0, 失败 20
  📄 第 234 页: 20 个需要处理
  📂 现代中粗等宽无衬线体 → 中文字体/标题字
  ✓ 完成: 成功 1, 失败 19
  📄 第 235 页: 20 个需要处理
  📂 A-OTF-KochoStd-Heavy → 韩文字体/标题字
  ✓ 完成: 成功 1, 失败 19
  📄 第 236 页: 20 个需要处理
  📂 松邦 Gothic MB101 Pro Ultra → 中文字体/标题字
  📂 Gothic MB 101 Pro Bold → 中文字体/标题字
  ✓ 完成: 成功 2, 失败 18
  📄 第 237 页: 20 个需要处理
  ✓ 完成: 成功 0, 失败 20
  📄 第 238 页: 20 个需要处理
  ✓ 完成: 成功 0, 失败 20
  📄 第 239 页: 20 个需要处理
  ✓ 完成: 成功 0, 失败 20
  📄 第 240 页: 20 个需要处理
  ✓ 完成: 成功 0, 失败 20
  📄 第 241 页: 20 个需要处理
  ✓ 完成: 成功 0, 失败 20
  📄 第 242 页: 20 个需要处理
  ✓ 完成: 成功 0, 失败 20
  📄 第 243 页: 20 个需要处理
  ✓ 完成: 成功 0, 失败 20
  📄 第 244 页: 20 个需要处理
  📂 松邦粗黑体 → 中文字体/标题字
  📂 锐字几何超粗体 → 中文字体/标题字
  📂 字体库 - 分类字体包 - 松邦锐字字体 - 锐字锐线怒放黑简 → 中文字体/标题字
  ✓ 完成: 成功 3, 失败 17
  📄 第 245 页: 20 个需要处理
  ✓ 完成: 成功 0, 失败 20
  📄 第 246 页: 20 个需要处理
  ✓ 完成: 成功 0, 失败 20
  📄 第 247 页: 20 个需要处理
  ✓ 完成: 成功 0, 失败 20
  📄 第 248 页: 20 个需要处理
  ✓ 完成: 成功 0, 失败 20
  📄 第 249 页: 20 个需要处理
  ✓ 完成: 成功 0, 失败 20
  📄 第 250 页: 20 个需要处理
  ✓ 完成: 成功 0, 失败 20
  📄 第 251 页: 20 个需要处理
  ✓ 完成: 成功 0, 失败 20
  📄 第 252 页: 20 个需要处理
  ✓ 完成: 成功 0, 失败 20
  📄 第 253 页: 20 个需要处理
  ✓ 完成: 成功 0, 失败 20
  📄 第 254 页: 20 个需要处理
  📂 金刚大黑简 → 中文字体/标题字
  📂 字体库 - 分类字体包 - 松邦锐字字体 2 - 锐字工房光芒黑简1.0 → 中文字体/标题字
  ✓ 完成: 成功 2, 失败 18
  📄 第 255 页: 20 个需要处理
  📂 迷你繁行楷 → 中文字体/标题字
  📂 松邦迷你简报等线体 → 中文字体/标题字
  📂 字体库 - 分类字体包 - 松邦蒙纳字体 - 蒙纳简圆黑 → 中文字体/标题字
  📂 字体库 - 分类字体包 - 松邦蒙纳字体 - 蒙纳简颜楷 → 中文字体/标题字
  ✓ 完成: 成功 4, 失败 16
  📄 第 256 页: 20 个需要处理
  📂 字体库 - 分类字体包 - 松邦蒙纳字体 - 蒙纳简魏碑 → 中文字体/标题字
  📂 迷你简粗黑体 → 中文字体/标题字
  📂 字体库 - 分类字体包 - 松邦蒙纳字体 - 蒙纳简清华体 → 中文字体/标题字
  📂 迷你简大标宋（紧凑标题） → 中文字体/标题字
  📂 字体库 - 分类字体包 - 松邦迷你字体合集 - 4243_迷你简弹簧体 → 中文字体/标题字
  📂 字体库 - 分类字体包 - 松邦迷你字体合集 - 4239_迷你简方隶体 → 中文字体/标题字
  ✓ 完成: 成功 6, 失败 14
  📄 第 257 页: 20 个需要处理
  📂 字体库 - 分类字体包 - 松邦迷你字体合集 - 4235_迷你简海韵体 → 中文字体/标题字
  📂 字体库 - 分类字体包 - 松邦蒙纳字体 - 蒙纳简海报 → 中文字体/标题字
  📂 蒙纳简粗俏体 → 中文字体/标题字
  📂 字体库 - 分类字体包 - 松邦蒙纳字体 - 蒙纳简大黑 → 中文字体/标题字
  📂 字体库 - 分类字体包 - 松邦蒙纳字体 - 蒙纳简超黑 → 中文字体/标题字
  ✓ 完成: 成功 5, 失败 15
  📄 第 258 页: 20 个需要处理
  📂 Geometric Sans Pro → 中文字体/标题字
  📂 迷你简南宫体 → 中文字体/标题字
  📂 断笔几何体 → 中文字体/标题字
  ✓ 完成: 成功 3, 失败 17
  📄 第 259 页: 20 个需要处理
  📂 蒙纳繁魏碑 → 中文字体/标题字
  📂 字体库 - 分类字体包 - 松邦迷你字体合集 - 4189_迷你简水滴体 → 中文字体/标题字
  📂 字体库 - 分类字体包 - 松邦蒙纳字体 - 蒙纳繁清华 → 中文字体/标题字
  📂 迷你简特粗体 → 中文字体/标题字
  📂 字体库 - 分类字体包 - 松邦蒙纳字体 - 蒙纳电脑体简 → 中文字体/标题字
  ✓ 完成: 成功 5, 失败 15
  📄 第 260 页: 20 个需要处理
  📂 思源黑体 → 中文字体/标题字
  📂 字体库 - 分类字体包 - 松邦美工常用设计师字体 - 时尚中黑简体 → 中文字体/标题字
  ✓ 完成: 成功 2, 失败 18
  📄 第 261 页: 20 个需要处理
  📂 美黑体经典简体 → 中文字体/标题字
  ✓ 完成: 成功 1, 失败 19
  📄 第 262 页: 20 个需要处理
  📂 MDynastyHK-蒙纳繁皇朝 → 中文字体/标题字
  ✓ 完成: 成功 1, 失败 19
  📄 第 263 页: 20 个需要处理
  📂 松邦圆润粗体 → 韩文字体/标题字
  📂 蒙纳简综艺 → 中文字体/标题字
  ✓ 完成: 成功 2, 失败 18
  📄 第 264 页: 20 个需要处理
  📂 蒙纳简圆黑二 → 中文字体/标题字
  📂 黑体无衬线粗体字体 → 韩文字体/标题字
  📂 蒙纳简黑体 → 中文字体/标题字
  ✓ 完成: 成功 3, 失败 17
  📄 第 265 页: 20 个需要处理
  📂 字体库 - 分类字体包 - 松邦韩文字体 - hbys → 韩文字体/标题字
  📂 字体库 - 分类字体包 - 松邦蒙纳字体 - 蒙纳简电脑体 → 中文字体/标题字
  ✓ 完成: 成功 2, 失败 18
  📄 第 266 页: 20 个需要处理
  📂 蒙纳简粗圆 (Mona Sans Rounded Bold) → 中文字体/标题字
  ✓ 完成: 成功 1, 失败 19
  📄 第 267 页: 20 个需要处理
  ✓ 完成: 成功 0, 失败 20
  📄 第 268 页: 20 个需要处理
  ✓ 完成: 成功 0, 失败 20
  📄 第 269 页: 20 个需要处理
  ✓ 完成: 成功 0, 失败 20
  📄 第 270 页: 20 个需要处理
  ✓ 完成: 成功 0, 失败 20
  📄 第 271 页: 20 个需要处理
  ✓ 完成: 成功 0, 失败 20
  📄 第 272 页: 20 个需要处理
  ✓ 完成: 成功 0, 失败 20
  📄 第 273 页: 20 个需要处理
  ✓ 完成: 成功 0, 失败 20
  📄 第 274 页: 20 个需要处理
  ✓ 完成: 成功 0, 失败 20
  📄 第 275 页: 20 个需要处理
  ✓ 完成: 成功 0, 失败 20
  📄 第 276 页: 20 个需要处理
  ✓ 完成: 成功 0, 失败 20
  📄 第 277 页: 20 个需要处理
  ✓ 完成: 成功 0, 失败 20
  📄 第 278 页: 20 个需要处理
  ✓ 完成: 成功 0, 失败 20
  📄 第 279 页: 20 个需要处理
  📂 极粗几何圆体 → 中文字体/标题字
  📂 维多利亚装饰衬线体 → 中文字体/标题字
  📂 Cai978 Bold → 中文字体/标题字
  ✓ 完成: 成功 3, 失败 17
  📄 第 280 页: 20 个需要处理
  📂 Bold Block Gothic → 中文字体/标题字
  📂 松邦广告公司英文字体 - 902-CAI978 → 中文字体/标题字
  ✓ 完成: 成功 2, 失败 18
  📄 第 281 页: 20 个需要处理
  📂 几何无衬线标题字体 → 中文字体/标题字
  ✓ 完成: 成功 1, 失败 19
  📄 第 282 页: 20 个需要处理
  📂 断笔粗斜体 → 中文字体/标题字
  📂 CAI978 无衬线粗体 → 中文字体/标题字
  📂 CAI978粗黑体 → 中文字体/标题字
  📂 极粗无衬线标题体 → 中文字体/标题字
  ✓ 完成: 成功 4, 失败 16
  📄 第 283 页: 20 个需要处理
  📂 壮实无衬线体（Heavy Sans） → 中文字体/标题字
  📂 极粗几何无衬线黑体 → 中文字体/标题字
  📂 装饰性艺术衬线体 - Ornate Serif Display Font → 中文字体/标题字
  📂 Elegant Serif Title → 中文字体/标题字
  📂 Cooper Black → 中文字体/标题字
  ✓ 完成: 成功 5, 失败 15
  📄 第 284 页: 20 个需要处理
  📂 Geometric Bold Sans → 中文字体/标题字
  📂 方正极粗黑体 → 中文字体/标题字
  📂 CAI978 断笔科技体 → 中文字体/标题字
  ✓ 完成: 成功 3, 失败 17
  📄 第 285 页: 20 个需要处理
  📂 Venti Black → 中文字体/标题字
  📂 Dynamic Cursive Sans → 中文字体/标题字
  📂 798-CAI978 → 中文字体/标题字
  📂 方块等宽轮廓体 → 中文字体/标题字
  📂 圆胖粗黑体 → 中文字体/标题字
  ✓ 完成: 成功 5, 失败 15
  📄 第 286 页: 20 个需要处理
  📂 CAI978 Bold → 中文字体/标题字
  📂 几何宽体无衬线英文标题字 → 中文字体/标题字
  📂 Cafe Display Bold → 中文字体/标题字
  📂 锐断几何体 → 中文字体/标题字
  📂 CAI978 → 中文字体/标题字
  📂 CAI978锐利衬线粗体 → 中文字体/标题字
  ✓ 完成: 成功 6, 失败 14
  📄 第 287 页: 20 个需要处理
  📂 GeometricBlack → 中文字体/标题字
  📂 CAI978粗衬线体 → 中文字体/标题字
  📂 520-CAI978 极粗几何无衬线体 → 中文字体/标题字
  📂 CAI978 Bold → 中文字体/标题字
  ✓ 完成: 成功 4, 失败 16
  📄 第 288 页: 20 个需要处理
  📂 Classic Serif Title (古典衬线标题体) → 中文字体/标题字
  📂 方粗圆角体 → 中文字体/标题字
  📂 方正大黑简体（500-CAI978） → 中文字体/标题字
  ✓ 完成: 成功 3, 失败 17
  📄 第 289 页: 20 个需要处理
  📂 方正硬朗衬线 → 中文字体/标题字
  📂 CAI978劲力斜体 → 中文字体/标题字
  ✓ 完成: 成功 2, 失败 18
  📄 第 290 页: 20 个需要处理
  📂 黑力粗体（Black Power Bold） → 中文字体/标题字
  📂 CAI978 无衬线粗体 → 中文字体/标题字
  📂 CAI 978高对比衬线体 → 中文字体/标题字
  📂 BlackImpact → 中文字体/标题字
  ✓ 完成: 成功 4, 失败 16
  📄 第 291 页: 20 个需要处理
  📂 方锐粗黑体 → 中文字体/标题字
  📂 方正粗黑体 → 中文字体/标题字
  📂 434-CAI978 → 中文字体/标题字
  📂 IndustrialGrunge → 中文字体/标题字
  ✓ 完成: 成功 4, 失败 16
  📄 第 292 页: 20 个需要处理
  📂 Copper Canyon Carved → 中文字体/标题字
  📂 CAI978现代无衬线标题体 → 中文字体/标题字
  📂 锐刻黑体 → 中文字体/标题字
  📂 CAI978 空心多线装饰体 → 中文字体/标题字
  📂 字体库 - 分类字体包 - 松邦广告公司英文字体 - 412-CAI978 → 中文字体/标题字
  ✓ 完成: 成功 5, 失败 15
  📄 第 293 页: 20 个需要处理
  📂 字体库 - 分类字体包 - 松邦广告公司英文字体 - 404-CAI978 → 中文字体/标题字
  📂 CAI978 Bold → 中文字体/标题字
  📂 字体库 - 分类字体包 - 松邦广告公司英文字体 - 408-CAI978 → 中文字体/标题字
  📂 70s Ad Grotesk Bold → 中文字体/标题字
  📂 胖胖糖 → 中文字体/标题字
  📂 经典装饰衬线体（CAI978） → 中文字体/标题字
  ✓ 完成: 成功 6, 失败 14
  📄 第 294 页: 20 个需要处理
  📂 像素双线描边粗体 → 中文字体/标题字
  📂 方正粗黑简体 → 中文字体/标题字
  📂 CAI978 极细几何斜体 → 中文字体/标题字
  📂 611-CAI978 → 中文字体/标题字
  ✓ 完成: 成功 4, 失败 16
  📄 第 295 页: 20 个需要处理
  📂 Slab Bold → 中文字体/标题字
  📂 CAI978 → 中文字体/标题字
  📂 370-CAI978 几何空心 → 中文字体/标题字
  📂 字体库 - 分类字体包 - 松邦广告公司英文字体 - 368-CAI978 → 中文字体/标题字
  📂 CAI978-粗衬线斜体 → 中文字体/标题字
  📂 CaiTechCut → 中文字体/标题字
  ✓ 完成: 成功 6, 失败 14
  📄 第 296 页: 20 个需要处理
  📂 斜体流线无衬线粗体 → 中文字体/标题字
  📂 Sharp Serif Display → 中文字体/标题字
  📂 铁幕体 (332-CAI978) → 中文字体/标题字
  ✓ 完成: 成功 3, 失败 17
  📄 第 297 页: 20 个需要处理
  📂 CAI978锐利粗衬线 → 中文字体/标题字
  📂 Block Serif Bold → 中文字体/标题字
  📂 FractureCut → 中文字体/标题字
  📂 Mechanic Stencil → 中文字体/标题字
  ✓ 完成: 成功 4, 失败 16
  📄 第 298 页: 20 个需要处理
  📂 CAI978 Bold Display → 中文字体/标题字
  📂 CAI978-BoldGeometric → 中文字体/标题字
  ✓ 完成: 成功 2, 失败 18
  📄 第 299 页: 20 个需要处理
  📂 古典对比衬线标题体 → 中文字体/标题字
  📂 CAI978 → 中文字体/标题字
  ✓ 完成: 成功 2, 失败 18
  📄 第 300 页: 20 个需要处理
  📂 圆润粗黑体 → 中文字体/标题字
  📂 现代几何无衬线体 → 中文字体/标题字
  📂 Cooper Black风格 粗衬线体 → 中文字体/标题字
  📂 Angle Slab Bold → 中文字体/标题字
  ✓ 完成: 成功 4, 失败 16
  📄 第 301 页: 20 个需要处理
  📂 高对比度锐利衬线标题体 → 中文字体/标题字
  📂 Condensed Sans Bold → 中文字体/标题字
  📂 Cafe 978 → 中文字体/标题字
  📂 435-CAI978 Geometric Bold → 中文字体/标题字
  ✓ 完成: 成功 4, 失败 16
  📄 第 302 页: 20 个需要处理
  📂 松邦粗体 → 中文字体/标题字
  📂 CAI978 几何切割体 → 中文字体/标题字
  📂 Fractur Impact → 中文字体/标题字
  ✓ 完成: 成功 3, 失败 17
  📄 第 303 页: 20 个需要处理
  📂 Chonky Retro Display → 中文字体/标题字
  📂 CAI978-速度斜体 → 中文字体/标题字
  📂 字体库 - 分类字体包 - 松邦超世纪字 - 超世纪粗圆体双空 → 中文字体/标题字
  ✓ 完成: 成功 3, 失败 17
  📄 第 304 页: 20 个需要处理
  📂 方正粗宋（变体） → 中文字体/标题字
  📂 粗衬线标题体 → 中文字体/标题字
  📂 圆润手工体 → 中文字体/标题字
  ✓ 完成: 成功 3, 失败 17
  📄 第 305 页: 20 个需要处理
  📂 锐动黑斜体 (RuiDong Black Oblique) → 中文字体/标题字
  📂 Geometric Slab → 中文字体/标题字
  📂 粗衬线极粗标题体 → 中文字体/标题字
  📂 粗黑几何体 → 中文字体/标题字
  📂 CyberBlock → 中文字体/标题字
  📂 细线几何无衬线体 → 中文字体/标题字
  📂 321-CAI978 → 中文字体/标题字
  ✓ 完成: 成功 7, 失败 13
  📄 第 306 页: 20 个需要处理
  📂 CAI978 → 中文字体/标题字
  📂 字体库 - 分类字体包 - 松邦广告公司英文字体 - 311-CAI978 → 中文字体/标题字
  ✓ 完成: 成功 2, 失败 18
  📄 第 307 页: 20 个需要处理
  📂 中性无衬线黑体 → 中文字体/标题字
  📂 分类字体包 - 松邦八种分类字体包 - 8 海报类 - 造字工房可可 → 中文字体/标题字
  ✓ 完成: 成功 2, 失败 18
  📄 第 308 页: 20 个需要处理
  📂 腾祥金砖黑简 → 中文字体/标题字
  📂 松邦粗黑圆体 → 中文字体/标题字
  📂 松邦现代无衬线体 → 中文字体/标题字
  ✓ 完成: 成功 3, 失败 17
  📄 第 309 页: 20 个需要处理
  📂 超世纪新潮体 → 中文字体/标题字
  📂 方正字迹-邢体隶一繁体 → 中文字体/标题字
  📂 分类字体包 - 松邦八种分类字体包 - 8 海报类 - 方正字迹-牟氏瘦隶繁体 → 中文字体/标题字
  📂 分类字体包 - 松邦八种分类字体包 - 8 海报类 - 方正像素12 → 中文字体/标题字
  ✓ 完成: 成功 4, 失败 16
  📄 第 310 页: 20 个需要处理
  📂 字体库 - 分类字体包 - 松邦超世纪字 - 超世纪粗叠圆 → 中文字体/标题字
  📂 超世纪粗仿黑 → 中文字体/标题字
  ✓ 完成: 成功 2, 失败 18
  📄 第 311 页: 20 个需要处理
  📂 A Bug's Life - Debugged → 中文字体/标题字
  ✓ 完成: 成功 1, 失败 19
  📄 第 312 页: 20 个需要处理
  📂 分类字体包 - 松邦八种分类字体包 - 8 海报类 - 字心坊李林哥特体简体中文 → 中文字体/标题字
  📂 分类字体包 - 松邦八种分类字体包 - 5 卡通类 - 华康海报体W12(P) → 中文字体/标题字
  ✓ 完成: 成功 2, 失败 18
  📄 第 313 页: 20 个需要处理
  📂 文鼎甜妞體 → 中文字体/标题字
  📂 分类字体包 - 松邦八种分类字体包 - 5 卡通类 - 方正经黑简体 → 中文字体/标题字
  📂 分类字体包 - 松邦八种分类字体包 - 8 海报类 - 李旭科老报刊体v1.0 → 中文字体/标题字
  ✓ 完成: 成功 3, 失败 17
  📄 第 314 页: 20 个需要处理
  📂 分类字体包 - 松邦八种分类字体包 - 8 海报类 - 汉仪中隶书简 → 中文字体/标题字
  📂 分类字体包 - 松邦八种分类字体包 - 8 海报类 - 汉仪范笑歌隶书简 → 中文字体/标题字
  📂 分类字体包 - 松邦八种分类字体包 - 8 海报类 - 方正字迹-张乃仁行楷繁体 → 中文字体/标题字
  📂 分类字体包 - 松邦八种分类字体包 - 8 海报类 - 方正行黑简体 → 中文字体/标题字
  ✓ 完成: 成功 4, 失败 16
  📄 第 315 页: 20 个需要处理
  📂 分类字体包 - 松邦八种分类字体包 - 8 海报类 - 方正榜书行繁体 → 中文字体/标题字
  📂 几何无衬线体 → 中文字体/标题字
  📂 TypoUpright BT (装饰花体衬线) → 中文字体/标题字
  ✓ 完成: 成功 3, 失败 17
  📄 第 316 页: 20 个需要处理
  📂 English Elegant Script (英文优雅花体) → 中文字体/标题字
  📂 松邦八种分类字体包 - 6 英文类 - 大写 （10款） - Slant → 中文字体/标题字
  ✓ 完成: 成功 2, 失败 18
  📄 第 317 页: 20 个需要处理
  ✓ 完成: 成功 0, 失败 20
  📄 第 318 页: 20 个需要处理
  ✓ 完成: 成功 0, 失败 20
  📄 第 319 页: 20 个需要处理
  📂 锐力 → 中文字体/标题字
  ✓ 完成: 成功 1, 失败 19
  📄 第 320 页: 20 个需要处理
  📂 分类字体包 - 松邦八种分类字体包 - 1 实用类 - 锐字工房洪荒之力黑简1.0 → 中文字体/标题字
  📂 分类字体包 - 松邦八种分类字体包 - 1 实用类 - 锐字工房巅峰黑简1.0 → 中文字体/标题字
  ✓ 完成: 成功 2, 失败 18
  📄 第 321 页: 20 个需要处理
  📂 分类字体包 - 松邦八种分类字体包 - 1 实用类 - 汉仪立黑简 → 中文字体/标题字
  📂 方正综艺简体 → 中文字体/标题字
  📂 粗黑体 → 中文字体/标题字
  📂 【阿西】美丽心情42 → 中文字体/标题字
  ✓ 完成: 成功 4, 失败 16
  📄 第 322 页: 20 个需要处理
  📂 分类字体包 - 松邦八种分类字体包 - 1 实用类 - 方正粗谭黑简体 → 中文字体/标题字
  📂 分类字体包 - 松邦八种分类字体包 - 1 实用类 - 方正粗活意简体 → 中文字体/标题字
  ✓ 完成: 成功 2, 失败 18
  📄 第 323 页: 20 个需要处理
  ✓ 完成: 成功 0, 失败 20
  📄 第 324 页: 20 个需要处理
  📂 分类字体包 - 松邦八种分类字体包 - 1 实用类 - 造字工房尚黑 G0v1 → 中文字体/标题字
  📂 造字工房佳黑 → 中文字体/标题字
  📂 分类字体包 - 松邦八种分类字体包 - 1 实用类 - 造字工房力黑 → 中文字体/标题字
  📂 锐黑无衬线体 → 中文字体/标题字
  📂 分类字体包 - 松邦八种分类字体包 - 1 实用类 - 造字工房刻宋(非商用)常规体_0 → 中文字体/标题字
  ✓ 完成: 成功 5, 失败 15
  📄 第 325 页: 20 个需要处理
  📂 锋芒黑 → 中文字体/标题字
  📂 松邦藏文·无衬线粗体 → 中文字体/标题字
  ✓ 完成: 成功 2, 失败 18
  📄 第 326 页: 20 个需要处理
  ✓ 完成: 成功 0, 失败 20
  📄 第 327 页: 20 个需要处理
  📂 分类字体包 - 松邦八种分类字体包 - 1 实用类 - 汉仪菱心体简 → 中文字体/标题字
  📂 汉仪力量黑简 → 中文字体/标题字
  📂 分类字体包 - 松邦 日文书法字体合集 - 日文字体 - A-OTF-TakaHandStd-Heavy → 日文字体/标题字
  📂 A-OTF-ShinGoMin-Emboss → 日文字体/标题字
  📂 A-OTF-ShinGoMin-Shadow (粗衬线阴影体) → 日文字体/标题字
  📂 方正大标宋简体 → 中文字体/标题字
  ✓ 完成: 成功 6, 失败 14
  📄 第 328 页: 20 个需要处理
  📂 分类字体包 - 松邦八种分类字体包 - 1 实用类 - 本墨锋悦粗体 → 中文字体/标题字
  📂 A-OTF Kanteiryu Std Ultra Bold → 日文字体/标题字
  ✓ 完成: 成功 2, 失败 18
  📄 第 329 页: 20 个需要处理
  📂 Lucky7 Bold → 中文字体/标题字
  ✓ 完成: 成功 1, 失败 19
  📄 第 330 页: 20 个需要处理
  📂 字体库 - 分类字体包 - 松邦 中國龍字 - 中國龍特黑體 → 中文字体/标题字
  📂 轮廓黑体 → 日文字体/标题字
  📂 简约无衬线体-常规 → 中文字体/标题字
  📂 松邦 日文书法字体合集 - 日文字体 - 新建文件夹 - A-OTF-MidashiGoPro-MB31 → 日文字体/标题字
  ✓ 完成: 成功 4, 失败 16
  📄 第 331 页: 20 个需要处理
  ✓ 完成: 成功 0, 失败 20
  📄 第 332 页: 20 个需要处理
  📂 思源黑体 / Noto Sans CJK SC Medium → 中文字体/标题字
  ✓ 完成: 成功 1, 失败 19
  📄 第 333 页: 20 个需要处理
  📂 分类字体包 - 松邦 日文书法字体合集 - 日文字体 - G-OTF-GFutoGoB101Pro-Bold → 日文字体/标题字
  📂 字体库 - 分类字体包 - 松邦 迷你字体 - 迷你简新舒体 → 中文字体/标题字
  ✓ 完成: 成功 2, 失败 18
  📄 第 334 页: 20 个需要处理
  📂 轮廓几何无衬线体 - Outline Geometric Sans → 日文字体/标题字
  📂 A-OTF-MidashiGothic-MB31 → 日文字体/标题字
  📂 字体库 - 分类字体包 - 松邦 迷你字体 - 迷你简魏碑 → 中文字体/标题字
  ✓ 完成: 成功 3, 失败 17
  📄 第 335 页: 20 个需要处理
  📂 迷你简特黑 → 中文字体/标题字
  📂 A-OTF-ShinGoMin-Shadow → 日文字体/标题字
  📂 A-OTF-ShinGoMin-Emboss → 日文字体/标题字
  ✓ 完成: 成功 3, 失败 17
  📄 第 336 页: 20 个需要处理
  📂 A-OTF Harucraft Std Heavy → 日文字体/标题字
  📂 松邦英文粗衬线体（迷你简立黑） → 中文字体/标题字
  ✓ 完成: 成功 2, 失败 18
  📄 第 337 页: 20 个需要处理
  📂 迷你简剪纸字体 → 中文字体/标题字
  📂 字体库 - 分类字体包 - 松邦 迷你字体 - 迷你简中倩 → 中文字体/标题字
  ✓ 完成: 成功 2, 失败 18
  📄 第 338 页: 20 个需要处理
  📂 迷你简大黑 → 中文字体/标题字
  📂 字体库 - 分类字体包 - 松邦 迷你字体 - 迷你简艺黑 → 中文字体/标题字
  📂 迷你简超粗黑 → 中文字体/标题字
  📂 迷你汉真广标 → 中文字体/标题字
  ✓ 完成: 成功 4, 失败 16
  📄 第 339 页: 20 个需要处理
  📂 迷你简细珊瑚 → 中文字体/标题字
  ✓ 完成: 成功 1, 失败 19
  📄 第 340 页: 20 个需要处理
  📂 粗壮几何无衬线体 → 中文字体/标题字
  📂 字体库 - 分类字体包 - 松邦 华康字体 - 華康儷金黑 → 中文字体/标题字
  ✓ 完成: 成功 2, 失败 18
  📄 第 341 页: 20 个需要处理
  📂 迷你简海韵 → 中文字体/标题字
  📂 Modern Sans → 中文字体/标题字
  ✓ 完成: 成功 2, 失败 18
  📄 第 342 页: 20 个需要处理
  📂 方正粗等线简体 → 中文字体/标题字
  📂 迷你简粗宋 → 中文字体/标题字
  📂 字体库 - 分类字体包 - 松邦 华康字体 - 华康海报体W12(P) → 中文字体/标题字
  📂 字体库 - 分类字体包 - 松邦 迷你字体 - 迷你简超粗圆 → 中文字体/标题字
  ✓ 完成: 成功 4, 失败 16
  📄 第 343 页: 20 个需要处理
  📂 松邦广告粗衬线体 (PRESGRG) → 中文字体/标题字
  📂 DIRTYDOZ → 中文字体/标题字
  ✓ 完成: 成功 2, 失败 18
  📄 第 344 页: 20 个需要处理
  📂 思源黑体（Source Han Sans） → 中文字体/标题字
  ✓ 完成: 成功 1, 失败 19
  📄 第 345 页: 20 个需要处理
  📂 字体库 - 分类字体包 - 松邦 超世纪字体 - 超世纪粗角流 → 中文字体/标题字
  📂 超世纪粗仿黑 → 中文字体/标题字
  📂 字体库 - 分类字体包 - 松邦 超世纪字体 - 超世纪粗叠圆 → 中文字体/标题字
  📂 思源黑体 → 中文字体/标题字
  ✓ 完成: 成功 4, 失败 16
  📄 第 346 页: 20 个需要处理
  📂 华康简综艺 → 中文字体/标题字
  📂 兰亭方正黑体简体 → 中文字体/标题字
  ✓ 完成: 成功 2, 失败 18
  📄 第 347 页: 20 个需要处理
  📂 BRAESIDE 极粗无衬线广告体 → 中文字体/标题字
  📂 字体库 - 分类字体包 - 松邦 广告英文字体 - DENSMORE → 中文字体/标题字
  📂 ALDOM2 → 中文字体/标题字
  ✓ 完成: 成功 3, 失败 17
  📄 第 348 页: 20 个需要处理
  📂 蒙纳繁艺体 → 中文字体/标题字
  ✓ 完成: 成功 1, 失败 19
  📄 第 349 页: 20 个需要处理
  📂 字体库 - 分类字体包 - 松邦 超世纪字体 - 超世纪粗角报 → 中文字体/标题字
  📂 方正兰亭粗黑 → 中文字体/标题字
  ✓ 完成: 成功 2, 失败 18
  📄 第 350 页: 20 个需要处理
  📂 蒙纳羽衣体 → 中文字体/标题字
  📂 字体库 - 分类字体包 - 松邦 169款繁体 - 蒙纳繁超黑 → 中文字体/标题字
  ✓ 完成: 成功 2, 失败 18
  📄 第 351 页: 20 个需要处理
  📂 蒙纳粗雅丽繁 → 中文字体/标题字
  📂 蒙纳粗纤兰繁 → 中文字体/标题字
  📂 字体库 - 分类字体包 - 松邦 169款繁体 - 中國龍粗隸書 → 中文字体/标题字
  📂 字体库 - 分类字体包 - 松邦 169款繁体 - 蒙纳刚黑体繁 → 中文字体/标题字
  ✓ 完成: 成功 4, 失败 16
  📄 第 352 页: 20 个需要处理
  📂 字体库 - 分类字体包 - 松邦 169款繁体 - 超世纪新粗黑 → 中文字体/标题字
  ✓ 完成: 成功 1, 失败 19
  📄 第 353 页: 20 个需要处理
  📂 超世纪粗印篆 → 中文字体/标题字
  📂 几何无衬线粗体 → 中文字体/标题字
  📂 超世纪粗角流 → 中文字体/标题字
  📂 字体库 - 分类字体包 - 松邦 169款繁体 - 超世纪粗叠黑 → 中文字体/标题字
  📂 字体库 - 分类字体包 - 松邦 169款繁体 - 蒙纳繁海报 → 中文字体/标题字
  ✓ 完成: 成功 5, 失败 15
  📄 第 354 页: 20 个需要处理
  📂 思源黑体 → 中文字体/标题字
  📂 字体库 - 分类字体包 - 四通利方字体合集 - 四通利方粗黑体简 → 中文字体/标题字
  ✓ 完成: 成功 2, 失败 18
  📄 第 355 页: 20 个需要处理
  ✓ 完成: 成功 0, 失败 20
  📄 第 356 页: 20 个需要处理
  ✓ 完成: 成功 0, 失败 20
  📄 第 357 页: 20 个需要处理
  ✓ 完成: 成功 0, 失败 20
  📄 第 358 页: 20 个需要处理
  ✓ 完成: 成功 0, 失败 20
  📄 第 359 页: 20 个需要处理
  ✓ 完成: 成功 0, 失败 20
  📄 第 360 页: 20 个需要处理
  ✓ 完成: 成功 0, 失败 20
  📄 第 361 页: 20 个需要处理
  ✓ 完成: 成功 0, 失败 20
  📄 第 362 页: 20 个需要处理
  ✓ 完成: 成功 0, 失败 20
  📄 第 363 页: 20 个需要处理
  ✓ 完成: 成功 0, 失败 20
  📄 第 364 页: 20 个需要处理
  ✓ 完成: 成功 0, 失败 20
  📄 第 365 页: 20 个需要处理
  ✓ 完成: 成功 0, 失败 20
  📄 第 366 页: 20 个需要处理
  ✓ 完成: 成功 0, 失败 20
  📄 第 367 页: 20 个需要处理
  ✓ 完成: 成功 0, 失败 20
  📄 第 368 页: 20 个需要处理
  ✓ 完成: 成功 0, 失败 20
  📄 第 369 页: 20 个需要处理
  ✓ 完成: 成功 0, 失败 20
  📄 第 370 页: 20 个需要处理
  ✓ 完成: 成功 0, 失败 20
  📄 第 371 页: 20 个需要处理
  ✓ 完成: 成功 0, 失败 20
  📄 第 372 页: 20 个需要处理
  ✓ 完成: 成功 0, 失败 20
  📄 第 373 页: 20 个需要处理
  ✓ 完成: 成功 0, 失败 20
  📄 第 374 页: 20 个需要处理
  ✓ 完成: 成功 0, 失败 20
  📄 第 375 页: 20 个需要处理
  ✓ 完成: 成功 0, 失败 20
  📄 第 376 页: 20 个需要处理
  ✓ 完成: 成功 0, 失败 20
  📄 第 377 页: 20 个需要处理
  ✓ 完成: 成功 0, 失败 20
  📄 第 378 页: 20 个需要处理
  ✓ 完成: 成功 0, 失败 20
  📄 第 379 页: 20 个需要处理
  ✓ 完成: 成功 0, 失败 20
  📄 第 380 页: 20 个需要处理
  ✓ 完成: 成功 0, 失败 20
  📄 第 381 页: 20 个需要处理
  ✓ 完成: 成功 0, 失败 20
  📄 第 382 页: 20 个需要处理
  ✓ 完成: 成功 0, 失败 20
  📄 第 383 页: 20 个需要处理
  ✓ 完成: 成功 0, 失败 20
  📄 第 384 页: 20 个需要处理
  ✓ 完成: 成功 0, 失败 20
  📄 第 385 页: 20 个需要处理
  ✓ 完成: 成功 0, 失败 20
  📄 第 386 页: 20 个需要处理
  ✓ 完成: 成功 0, 失败 20
  📄 第 387 页: 20 个需要处理
  ✓ 完成: 成功 0, 失败 20
  📄 第 388 页: 20 个需要处理
  ✓ 完成: 成功 0, 失败 20
  📄 第 389 页: 20 个需要处理
  ✓ 完成: 成功 0, 失败 20
  📄 第 390 页: 20 个需要处理
  ✓ 完成: 成功 0, 失败 20
  📄 第 391 页: 20 个需要处理
  ✓ 完成: 成功 0, 失败 20
  📄 第 392 页: 20 个需要处理
  ✓ 完成: 成功 0, 失败 20
  📄 第 393 页: 20 个需要处理
  ✓ 完成: 成功 0, 失败 20
  📄 第 394 页: 20 个需要处理
  ✓ 完成: 成功 0, 失败 20
  📄 第 395 页: 20 个需要处理
  ✓ 完成: 成功 0, 失败 20
  📄 第 396 页: 20 个需要处理
  ✓ 完成: 成功 0, 失败 20
  📄 第 397 页: 20 个需要处理
  ✓ 完成: 成功 0, 失败 20
  📄 第 398 页: 20 个需要处理
  ✓ 完成: 成功 0, 失败 20
  📄 第 399 页: 20 个需要处理
  ✓ 完成: 成功 0, 失败 20
  📄 第 400 页: 20 个需要处理
  ✓ 完成: 成功 0, 失败 20
  📄 第 401 页: 20 个需要处理
  ✓ 完成: 成功 0, 失败 20
  📄 第 402 页: 20 个需要处理
  ✓ 完成: 成功 0, 失败 20
  📄 第 403 页: 20 个需要处理
  ✓ 完成: 成功 0, 失败 20
  📄 第 404 页: 20 个需要处理
  ✓ 完成: 成功 0, 失败 20
  📄 第 405 页: 20 个需要处理
  ✓ 完成: 成功 0, 失败 20
  📄 第 406 页: 20 个需要处理
  ✓ 完成: 成功 0, 失败 20
  📄 第 407 页: 20 个需要处理
  ✓ 完成: 成功 0, 失败 20
  📄 第 408 页: 20 个需要处理
  ✓ 完成: 成功 0, 失败 20
  📄 第 409 页: 20 个需要处理
  ✓ 完成: 成功 0, 失败 20
  📄 第 410 页: 20 个需要处理
  ✓ 完成: 成功 0, 失败 20
  📄 第 411 页: 20 个需要处理
  ✓ 完成: 成功 0, 失败 20
  📄 第 412 页: 20 个需要处理
  ✓ 完成: 成功 0, 失败 20
  📄 第 413 页: 20 个需要处理
  ✓ 完成: 成功 0, 失败 20
  📄 第 414 页: 20 个需要处理
  ✓ 完成: 成功 0, 失败 20
  📄 第 415 页: 20 个需要处理
  ✓ 完成: 成功 0, 失败 20
  📄 第 416 页: 20 个需要处理
  ✓ 完成: 成功 0, 失败 20
  📄 第 417 页: 20 个需要处理
  ✓ 完成: 成功 0, 失败 20
  📄 第 418 页: 20 个需要处理
  ✓ 完成: 成功 0, 失败 20
  📄 第 419 页: 20 个需要处理
  ✓ 完成: 成功 0, 失败 20
  📄 第 420 页: 20 个需要处理
  ✓ 完成: 成功 0, 失败 20
  📄 第 421 页: 20 个需要处理
  ✓ 完成: 成功 0, 失败 20
  📄 第 422 页: 20 个需要处理
  ✓ 完成: 成功 0, 失败 20
  📄 第 423 页: 20 个需要处理
  ✓ 完成: 成功 0, 失败 20
  📄 第 424 页: 20 个需要处理
  ✓ 完成: 成功 0, 失败 20
  📄 第 425 页: 20 个需要处理
  ✓ 完成: 成功 0, 失败 20
  📄 第 426 页: 20 个需要处理
  ✓ 完成: 成功 0, 失败 20
  📄 第 427 页: 20 个需要处理
  ✓ 完成: 成功 0, 失败 20
  📄 第 428 页: 20 个需要处理
  ✓ 完成: 成功 0, 失败 20
  📄 第 429 页: 20 个需要处理
  📂 字体库 - 分类字体包 - 130款韩文字体 - (환)갈잎(굵은)체 → 韩文字体/标题字
  ✓ 完成: 成功 1, 失败 19
  📄 第 430 页: 20 个需要处理
  📂 韩文无衬线标题体 → 韩文字体/标题字
  📂 3500款字体包(建议使用) - 中文字体包 - 中文字体 安装包3 - MGentle HKS Xbold(简粗纤兰) → 中文字体/标题字
  📂 Noto Sans Bold / 黑体-粗 → 韩文字体/标题字
  ✓ 完成: 成功 3, 失败 17
  📄 第 431 页: 20 个需要处理
  📂 有泽行书体 → 中文字体/标题字
  📂 MaruFoPro-Bold → 中文字体/标题字
  📂 Source Han Sans K Heavy → 中文字体/标题字
  ✓ 完成: 成功 3, 失败 17
  📄 第 432 页: 20 个需要处理
  📂 3500款字体包(建议使用) - 中文字体包 - 中文字体 安装包3 - SourceHanSansK-Bold → 中文字体/标题字
  📂 MFTongXin_Noncommercial-Regular → 中文字体/标题字
  📂 3500款字体包(建议使用) - 中文字体包 - 中文字体 安装包3 - MComputer HKS Bold(简电脑体) → 中文字体/标题字
  ✓ 完成: 成功 3, 失败 17
  📄 第 433 页: 20 个需要处理
  📂 现代中黑体 → 中文字体/标题字
  📂 圆润手绘风标题体 → 中文字体/标题字
  📂 3500款字体包(建议使用) - 中文字体包 - 中文字体 安装包3 - C275-超世纪粗颜楷 → 中文字体/标题字
  ✓ 完成: 成功 3, 失败 17
  📄 第 434 页: 20 个需要处理
  ✓ 完成: 成功 0, 失败 20
  📄 第 435 页: 20 个需要处理
  📂 3500款字体包(建议使用) - 中文字体包 - 中文字体 安装包3 - 腾祥嘉丽大黑繁 → 中文字体/标题字
  ✓ 完成: 成功 1, 失败 19
  📄 第 436 页: 20 个需要处理
  📂 锋芒 → 中文字体/标题字
  📂 汉真广标 → 中文字体/标题字
  📂 3500款字体包(建议使用) - 中文字体包 - 中文字体 安装包3 - 汉仪综艺体简 → 中文字体/标题字
  ✓ 完成: 成功 3, 失败 17
  📄 第 437 页: 20 个需要处理
  📂 3500款字体包(建议使用) - 中文字体包 - 中文字体 安装包3 - 腾祥倩女简 → 中文字体/标题字
  📂 华康POP1体W5 → 中文字体/标题字
  ✓ 完成: 成功 2, 失败 18
  📄 第 438 页: 20 个需要处理
  📂 胡晓波男人帮简体 → 中文字体/标题字
  📂 3500款字体包(建议使用) - 中文字体包 - 中文字体 安装包3 - 汉仪醒示体简 → 中文字体/标题字
  📂 思源黑体中粗体（Noto Sans CJK SC Medium） → 中文字体/标题字
  📂 3500款字体包(建议使用) - 中文字体包 - 中文字体 安装包3 - 汉仪综艺体繁 → 中文字体/标题字
  ✓ 完成: 成功 4, 失败 16
  📄 第 439 页: 20 个需要处理
  📂 3500款字体包(建议使用) - 中文字体包 - 中文字体 安装包3 - 汉仪魏碑繁 → 中文字体/标题字
  📂 3500款字体包(建议使用) - 中文字体包 - 中文字体 安装包3 - 汉仪铁山隶书简 → 中文字体/标题字
  📂 3500款字体包(建议使用) - 中文字体包 - 中文字体 安装包3 - 汉仪长宋繁 → 中文字体/标题字
  📂 汉仪圆叠体繁 → 中文字体/标题字
  ✓ 完成: 成功 4, 失败 16
  📄 第 440 页: 20 个需要处理
  ✓ 完成: 成功 0, 失败 20
  📄 第 441 页: 20 个需要处理
  📂 3500款字体包(建议使用) - 中文字体包 - 中文字体 安装包3 - 汉仪漫步体繁 → 中文字体/标题字
  📂 3500款字体包(建议使用) - 中文字体包 - 中文字体 安装包3 - 汉仪细等线简 → 中文字体/标题字
  ✓ 完成: 成功 2, 失败 18
  📄 第 442 页: 20 个需要处理
  📂 3500款字体包(建议使用) - 中文字体包 - 中文字体 安装包3 - 汉仪清韵体简 → 中文字体/标题字
  📂 锐裂体 → 中文字体/标题字
  📂 汉仪菱心体简 → 中文字体/标题字
  ✓ 完成: 成功 3, 失败 17
  📄 第 443 页: 20 个需要处理
  📂 3500款字体包(建议使用) - 中文字体包 - 中文字体 安装包3 - 汉仪粗圆简 → 中文字体/标题字
  📂 3500款字体包(建议使用) - 中文字体包 - 中文字体 安装包3 - 汉仪大黑繁 → 中文字体/标题字
  📂 3500款字体包(建议使用) - 中文字体包 - 中文字体 安装包3 - 汉仪粗仿宋简 → 中文字体/标题字
  📂 汉仪黑荔枝体 → 中文字体/标题字
  📂 3500款字体包(建议使用) - 中文字体包 - 中文字体 安装包3 - 汉仪超粗圆简 → 中文字体/标题字
  ✓ 完成: 成功 5, 失败 15
  📄 第 444 页: 20 个需要处理
  📂 3500款字体包(建议使用) - 中文字体包 - 中文字体 安装包3 - 汉仪粗圆繁 → 中文字体/标题字
  📂 3500款字体包(建议使用) - 中文字体包 - 中文字体 安装包3 - 汉仪粗宋繁 → 中文字体/标题字
  ✓ 完成: 成功 2, 失败 18
  📄 第 445 页: 20 个需要处理
  📂 3500款字体包(建议使用) - 中文字体包 - 中文字体 安装包3 - 汉仪粗黑繁 → 中文字体/标题字
  📂 3500款字体包(建议使用) - 中文字体包 - 中文字体 安装包3 - 汉仪超粗黑简 → 中文字体/标题字
  📂 超世纪粗叠圆 → 中文字体/标题字
  ✓ 完成: 成功 3, 失败 17
  📄 第 446 页: 20 个需要处理
  📂 3500款字体包(建议使用) - 中文字体包 - 中文字体 安装包3 - 百度综艺简体 → 中文字体/标题字
  📂 现代粗体无衬线 → 中文字体/标题字
  📂 风雲粗黑 → 中文字体/标题字
  ✓ 完成: 成功 3, 失败 17
  📄 第 447 页: 20 个需要处理
  📂 中國龍特黑體 → 中文字体/标题字
  📂 简约几何无衬线体 → 中文字体/标题字
  ✓ 完成: 成功 2, 失败 18
  📄 第 448 页: 20 个需要处理
  📂 3500款字体包(建议使用) - 中文字体包 - 中文字体 安装包2 - 造字形黑细黑 → 中文字体/标题字
  📂 3500款字体包(建议使用) - 中文字体包 - 中文字体 安装包2 - 站酷酷黑 → 中文字体/标题字
  📂 3500款字体包(建议使用) - 中文字体包 - 中文字体 安装包3 - ★超刚黑 → 中文字体/标题字
  📂 站酷意大利体 & 粗黑体组合 → 中文字体/标题字
  📂 造字工房极细等线体 → 中文字体/标题字
  📂 3500款字体包(建议使用) - 中文字体包 - 中文字体 安装包2 - 造字工房悦黑特细超长体 → 中文字体/标题字
  ✓ 完成: 成功 6, 失败 14
  📄 第 449 页: 20 个需要处理
  📂 3500款字体包(建议使用) - 中文字体包 - 中文字体 安装包2 - 造字工房文研常规体 → 中文字体/标题字
  ✓ 完成: 成功 1, 失败 19
  📄 第 450 页: 20 个需要处理
  📂 3500款字体包(建议使用) - 中文字体包 - 中文字体 安装包2 - 造字工房尚黑常规体 → 中文字体/标题字
  📂 3500款字体包(建议使用) - 中文字体包 - 中文字体 安装包2 - 造字工房力黑常规体 → 中文字体/标题字
  📂 造字工房可可常规体 → 中文字体/标题字
  📂 中国龙粗黑 → 中文字体/标题字
  ✓ 完成: 成功 4, 失败 16
  📄 第 451 页: 20 个需要处理
  📂 浙江民间书刻体 → 中文字体/标题字
  📂 造字工房典黑超粗体 → 中文字体/标题字
  📂 造字工房典黑粗体 → 中文字体/标题字
  📂 3500款字体包(建议使用) - 中文字体包 - 中文字体 安装包2 - 造字形黑粗黑 → 中文字体/标题字
  📂 3500款字体包(建议使用) - 中文字体包 - 中文字体 安装包2 - 造字工房悦黑纤细超长体 → 中文字体/标题字
  ✓ 完成: 成功 5, 失败 15
  📄 第 452 页: 20 个需要处理
  📂 3500款字体包(建议使用) - 中文字体包 - 中文字体 安装包2 - 造字工房形黑粗体 → 中文字体/标题字
  📂 3500款字体包(建议使用) - 中文字体包 - 中文字体 安装包2 - 造字工房尚黑纤细体 → 中文字体/标题字
  📂 3500款字体包(建议使用) - 中文字体包 - 中文字体 安装包2 - 造字工房尚黑长体 → 中文字体/标题字
  📂 造字工房尚黑特细长体 → 中文字体/标题字
  ✓ 完成: 成功 4, 失败 16
  📄 第 453 页: 20 个需要处理
  📂 3500款字体包(建议使用) - 中文字体包 - 中文字体 安装包2 - 造字工房尚黑细超长体 → 中文字体/标题字
  📂 3500款字体包(建议使用) - 中文字体包 - 中文字体 安装包2 - 造字工房尚黑粗体 → 中文字体/标题字
  📂 3500款字体包(建议使用) - 中文字体包 - 中文字体 安装包2 - 造字工房明黑常规体 → 中文字体/标题字
  📂 3500款字体包(建议使用) - 中文字体包 - 中文字体 安装包2 - 造字工房静黑特细体 → 中文字体/标题字
  ✓ 完成: 成功 4, 失败 16
  📄 第 454 页: 20 个需要处理
  📂 力黑体 → 中文字体/标题字
  📂 造字工房版黑 → 中文字体/标题字
  ✓ 完成: 成功 2, 失败 18
  📄 第 455 页: 20 个需要处理
  📂 3500款字体包(建议使用) - 中文字体包 - 中文字体 安装包2 - 王汉宗综艺体繁 → 中文字体/标题字
  ✓ 完成: 成功 1, 失败 19
  📄 第 456 页: 20 个需要处理
  ✓ 完成: 成功 0, 失败 20
  📄 第 457 页: 20 个需要处理
  📂 3500款字体包(建议使用) - 中文字体包 - 中文字体 安装包2 - 王汉宗酷正海报 → 中文字体/标题字
  📂 王汉宗明体 → 中文字体/标题字
  📂 文鼎CS大黑 Bold → 中文字体/标题字
  📂 王汉宗粗楷体简 → 中文字体/标题字
  ✓ 完成: 成功 4, 失败 16
  📄 第 458 页: 20 个需要处理
  📂 文鼎粗黑体繁 → 中文字体/标题字
  📂 3500款字体包(建议使用) - 中文字体包 - 中文字体 安装包2 - 王汉宗超黑体俏皮动物一 → 中文字体/标题字
  📂 王汉宗粗钢体 → 中文字体/标题字
  ✓ 完成: 成功 3, 失败 17
  📄 第 459 页: 20 个需要处理
  ✓ 完成: 成功 0, 失败 20
  📄 第 460 页: 20 个需要处理
  ✓ 完成: 成功 0, 失败 20
  📄 第 461 页: 20 个需要处理
  ✓ 完成: 成功 0, 失败 20
  📄 第 462 页: 20 个需要处理
  ✓ 完成: 成功 0, 失败 20
  📄 第 463 页: 20 个需要处理
  ✓ 完成: 成功 0, 失败 20
  📄 第 464 页: 20 个需要处理
  ✓ 完成: 成功 0, 失败 20
  📄 第 465 页: 20 个需要处理
  ✓ 完成: 成功 0, 失败 20
  📄 第 466 页: 20 个需要处理
  ✓ 完成: 成功 0, 失败 20
  📄 第 467 页: 20 个需要处理
  ✓ 完成: 成功 0, 失败 20
  📄 第 468 页: 20 个需要处理
  ✓ 完成: 成功 0, 失败 20
  📄 第 469 页: 20 个需要处理
  ✓ 完成: 成功 0, 失败 20
  📄 第 470 页: 20 个需要处理
  ✓ 完成: 成功 0, 失败 20
  📄 第 471 页: 20 个需要处理
  ✓ 完成: 成功 0, 失败 20
  📄 第 472 页: 20 个需要处理
  ✓ 完成: 成功 0, 失败 20
  📄 第 473 页: 20 个需要处理
  ✓ 完成: 成功 0, 失败 20
  📄 第 474 页: 20 个需要处理
  ✓ 完成: 成功 0, 失败 20
  📄 第 475 页: 20 个需要处理
  ✓ 完成: 成功 0, 失败 20
  📄 第 476 页: 20 个需要处理
  ✓ 完成: 成功 0, 失败 20
  📄 第 477 页: 20 个需要处理
  ✓ 完成: 成功 0, 失败 20
  📄 第 478 页: 20 个需要处理
  ✓ 完成: 成功 0, 失败 20
  📄 第 479 页: 20 个需要处理
  ✓ 完成: 成功 0, 失败 20
  📄 第 480 页: 20 个需要处理
  📂 英文字体包 - 英文字体 安装包 2 - Helvetica系列 34款 - Helvetica Narrow Bold → 中文字体/标题字
  📂 华康圆体W9 → 中文字体/标题字
  📂 Helvetica Narrow Bold Lefty → 中文字体/标题字
  📂 3500款字体包(建议使用) - 中文字体包 - 中文字体 安装包1 - 华康雅艺体W6-B5 → 中文字体/标题字
  📂 3500款字体包(建议使用) - 中文字体包 - 中文字体 安装包1 - 华康新综艺W7(P) → 中文字体/标题字
  📂 Didot HTF L24 Light Italic → 中文字体/标题字
  ✓ 完成: 成功 6, 失败 14
  📄 第 481 页: 20 个需要处理
  📂 英文字体包 - 英文字体 安装包 2 - AkzidenzGrotesk经典系列 37款 - AkzidenzGrotesk-LightCondItalic → 中文字体/标题字
  📂 英文字体包 - 英文字体 安装包 2 - AkzidenzGrotesk经典系列 37款 - AkzidenzGrotesk-ExtraBoldItalic → 中文字体/标题字
  ✓ 完成: 成功 2, 失败 18
  📄 第 482 页: 20 个需要处理
  📂 3500款字体包(建议使用) - 中文字体包 - 中文字体 安装包1 - 华康勘亭流W9 → 中文字体/标题字
  📂 AkzidenzGrotesk-ExtraBold → 中文字体/标题字
  📂 AkzidenzGrotesk-BoldCond → 中文字体/标题字
  📂 英文字体包 - 英文字体 安装包 2 - AkzidenzGrotesk经典系列 37款 - AkzidenzGrotesk-BoldExtendedItalic → 中文字体/标题字
  📂 3500款字体包(建议使用) - 中文字体包 - 中文字体 安装包1 - 华康黑体W12 → 中文字体/标题字
  ✓ 完成: 成功 5, 失败 15
  📄 第 483 页: 20 个需要处理
  📂 Base05 → 中文字体/标题字
  ✓ 完成: 成功 1, 失败 19
  📄 第 484 页: 20 个需要处理
  ✓ 完成: 成功 0, 失败 20
  📄 第 485 页: 20 个需要处理
  📂 Helvetica Black SemiBold → 中文字体/标题字
  📂 Helvetica Condensed Bold → 中文字体/标题字
  ✓ 完成: 成功 2, 失败 18
  📄 第 486 页: 20 个需要处理
  ✓ 完成: 成功 0, 失败 20
  📄 第 487 页: 20 个需要处理
  ✓ 完成: 成功 0, 失败 20
  📄 第 488 页: 20 个需要处理
  ✓ 完成: 成功 0, 失败 20
  📄 第 489 页: 20 个需要处理
  ✓ 完成: 成功 0, 失败 20
  📄 第 490 页: 20 个需要处理
  ✓ 完成: 成功 0, 失败 20
  📄 第 491 页: 20 个需要处理
  ✓ 完成: 成功 0, 失败 20
  📄 第 492 页: 20 个需要处理
  ✓ 完成: 成功 0, 失败 20
  📄 第 493 页: 20 个需要处理
  ✓ 完成: 成功 0, 失败 20
  📄 第 494 页: 20 个需要处理
  ✓ 完成: 成功 0, 失败 20
  📄 第 495 页: 20 个需要处理
  ✓ 完成: 成功 0, 失败 20
  📄 第 496 页: 20 个需要处理
  ✓ 完成: 成功 0, 失败 20
  📄 第 497 页: 20 个需要处理
  ✓ 完成: 成功 0, 失败 20
  📄 第 498 页: 20 个需要处理
  ✓ 完成: 成功 0, 失败 20
  📄 第 499 页: 20 个需要处理
  ✓ 完成: 成功 0, 失败 20
  📄 第 500 页: 20 个需要处理
  ✓ 完成: 成功 0, 失败 20
  📄 第 501 页: 20 个需要处理
  ✓ 完成: 成功 0, 失败 20
  📄 第 502 页: 20 个需要处理
  ✓ 完成: 成功 0, 失败 20
  📄 第 503 页: 20 个需要处理
  ✓ 完成: 成功 0, 失败 20
  📄 第 504 页: 20 个需要处理
  📂 Virtue One Bold → 中文字体/标题字
  📂 3500款字体包(建议使用) - 英文字体包 - 英文字体 安装包 1 - vijaya → 日文字体/标题字
  ✓ 完成: 成功 2, 失败 18
  📄 第 505 页: 20 个需要处理
  📂 粗体无衬线标题字体 → 中文字体/标题字
  📂 Blade Runner SF → 中文字体/标题字
  📂 Agency FB → 中文字体/标题字
  📂 V-Dub → 中文字体/标题字
  📂 SlabBlock → 中文字体/标题字
  📂 英文字体包 - 英文字体 安装包 2 - 国际范英文字体49款掌柜推荐安装 - Sreda → 中文字体/标题字
  📂 动态斜体无衬线 → 中文字体/标题字
  ✓ 完成: 成功 7, 失败 13
  📄 第 506 页: 20 个需要处理
  📂 PiringHitam → 中文字体/标题字
  📂 Titan Gothic Bold → 中文字体/标题字
  📂 粗黑衬线混排体 → 中文字体/标题字
  📂 Kaiju → 中文字体/标题字
  ✓ 完成: 成功 4, 失败 16
  📄 第 507 页: 20 个需要处理
  📂 DayangSenandung → 中文字体/标题字
  📂 AMOceanusBold → 中文字体/标题字
  📂 ScriptekStd → 中文字体/标题字
  ✓ 完成: 成功 3, 失败 17
  📄 第 508 页: 20 个需要处理
  📂 Transient Light手写优雅与等线中文混合字体包 → 中文字体/标题字
  📂 英文字体包 - 英文字体 安装包 2 - 常用英文字体20款含预览图掌柜推荐安装 - RegattaCondensedStd → 中文字体/标题字
  📂 RetroBoldStd → 中文字体/标题字
  📂 Transformers Movie → 中文字体/标题字
  📂 英文字体包 - 英文字体 安装包 2 - 常用英文字体20款含预览图掌柜推荐安装 - MekanikStd → 中文字体/标题字
  ✓ 完成: 成功 5, 失败 15
  📄 第 509 页: 20 个需要处理
  ✓ 完成: 成功 0, 失败 20
  📄 第 510 页: 20 个需要处理
  ✓ 完成: 成功 0, 失败 20
  📄 第 511 页: 20 个需要处理
  📂 3500款字体包(建议使用) - 英文字体包 - 英文字体 安装包 1 - SnapITCStd → 中文字体/标题字
  📂 3500款字体包(建议使用) - 英文字体包 - 英文字体 安装包 1 - SigmarOne-Regular → 中文字体/标题字
  ✓ 完成: 成功 2, 失败 18
  📄 第 512 页: 20 个需要处理
  📂 Shonarb → 中文字体/标题字
  📂 3500款字体包(建议使用) - 英文字体包 - 英文字体 安装包 1 - SFGothican-Oblique → 中文字体/标题字
  📂 3500款字体包(建议使用) - 英文字体包 - 英文字体 安装包 1 - SFGothicanCondensed-Bold → 中文字体/标题字
  📂 倾斜锐利粗黑体 → 中文字体/标题字
  📂 3500款字体包(建议使用) - 英文字体包 - 英文字体 安装包 1 - SFGothicanCondensed-Oblique → 中文字体/标题字
  📂 SF Electrotome Oblique → 中文字体/标题字
  ✓ 完成: 成功 6, 失败 14
  📄 第 513 页: 20 个需要处理
  📂 Segoe UI Black → 中文字体/标题字
  📂 Segoe UI Black → 中文字体/标题字
  📂 Segoe UI Semibold → 中文字体/标题字
  📂 Ujackv2bi（液态圆润粗体） → 日文字体/标题字
  📂 Ujack V2 → 日文字体/标题字
  ✓ 完成: 成功 5, 失败 15
  📄 第 514 页: 20 个需要处理
  📂 Trebuchet MS Bold Italic → 中文字体/标题字
  ✓ 完成: 成功 1, 失败 19
  📄 第 515 页: 20 个需要处理
  📂 3500款字体包(建议使用) - 英文字体包 - 英文字体 安装包 1 - tradegothic-bold → 中文字体/标题字
  📂 Rudiment → 中文字体/标题字
  ✓ 完成: 成功 2, 失败 18
  📄 第 516 页: 20 个需要处理
  📂 3500款字体包(建议使用) - 英文字体包 - 英文字体 安装包 1 - RTWSYueGoTrial-ExLightCond_0 → 中文字体/标题字
  📂 3500款字体包(建议使用) - 英文字体包 - 英文字体 安装包 1 - Tall & Lean → 中文字体/标题字
  📂 3500款字体包(建议使用) - 英文字体包 - 英文字体 安装包 1 - RTWSYueGoG0v1-UltLightCom → 中文字体/标题字
  ✓ 完成: 成功 3, 失败 17
  📄 第 517 页: 20 个需要处理
  📂 锐线极细 → 中文字体/标题字
  📂 尚雅 (ShangYa) Regular → 中文字体/标题字
  📂 RTWSShangGoG0v1-UltimateLight → 中文字体/标题字
  ✓ 完成: 成功 3, 失败 17
  📄 第 518 页: 20 个需要处理
  📂 SkyFall Done → 中文字体/标题字
  📂 RTW机械黑体 Bold → 中文字体/标题字
  📂 3500款字体包(建议使用) - 英文字体包 - 英文字体 安装包 1 - RotisSemiSansStd-ExtraBold → 中文字体/标题字
  📂 SF Gothican Condensed Bold Oblique → 中文字体/标题字
  ✓ 完成: 成功 4, 失败 16
  📄 第 519 页: 20 个需要处理
  📂 SF Beaverton Heavy → 中文字体/标题字
  📂 SF Electrotome Bold Oblique → 中文字体/标题字
  📂 3500款字体包(建议使用) - 英文字体包 - 英文字体 安装包 1 - Roboto Bold → 中文字体/标题字
  📂 Segoe UI Black Italic → 中文字体/标题字
  ✓ 完成: 成功 4, 失败 16
  📄 第 520 页: 20 个需要处理
  📂 3500款字体包(建议使用) - 英文字体包 - 英文字体 安装包 1 - RadiolandSlim → 中文字体/标题字
  📂 圆润人文无衬线体 → 中文字体/标题字
  ✓ 完成: 成功 2, 失败 18
  📄 第 521 页: 20 个需要处理
  📂 Samurai Brush（武士笔触体） → 中文字体/标题字
  📂 Ptarmi Geometric Bold → 中文字体/标题字
  ✓ 完成: 成功 2, 失败 18
  📄 第 522 页: 20 个需要处理
  ✓ 完成: 成功 0, 失败 20
  ✗ 第 523 页失败: fetch failed
  ✗ 第 524 页失败: fetch failed
  ✗ 第 525 页失败: fetch failed
  ✗ 第 526 页失败: fetch failed
  📄 第 527 页: 20 个需要处理
  ✓ 完成: 成功 0, 失败 20
  ✗ 第 528 页失败: fetch failed
  ✗ 第 529 页失败: fetch failed
  ✗ 第 530 页失败: fetch failed
  ✗ 第 531 页失败: fetch failed
  ✗ 第 532 页失败: fetch failed
  ✗ 第 533 页失败: fetch failed
  ✗ 第 534 页失败: fetch failed
  ✗ 第 535 页失败: fetch failed
  ✗ 第 536 页失败: fetch failed
  ✗ 第 537 页失败: fetch failed
  ✗ 第 538 页失败: fetch failed
  ✗ 第 539 页失败: fetch failed
  ✗ 第 540 页失败: fetch failed
  ✗ 第 541 页失败: fetch failed
  ✗ 第 542 页失败: fetch failed
  ✗ 第 543 页失败: fetch failed
  ✗ 第 544 页失败: fetch failed
  ✗ 第 545 页失败: fetch failed
  ✗ 第 546 页失败: fetch failed
  ✗ 第 547 页失败: fetch failed
  ✗ 第 548 页失败: fetch failed
  ✗ 第 549 页失败: fetch failed
  ✗ 第 550 页失败: fetch failed
  ✗ 第 551 页失败: fetch failed
  ✗ 第 552 页失败: fetch failed
  ✗ 第 553 页失败: fetch failed
  ✗ 第 554 页失败: fetch failed
  ✗ 第 555 页失败: fetch failed
  ✗ 第 556 页失败: fetch failed
  ✗ 第 557 页失败: fetch failed
  ✗ 第 558 页失败: fetch failed
  ✗ 第 559 页失败: fetch failed
  ✗ 第 560 页失败: fetch failed
  ✗ 第 561 页失败: fetch failed
  ✗ 第 562 页失败: fetch failed
  ✗ 第 563 页失败: fetch failed
  ✗ 第 564 页失败: fetch failed
  ✗ 第 565 页失败: fetch failed
  ✗ 第 566 页失败: fetch failed
  ✗ 第 567 页失败: fetch failed
  ✗ 第 568 页失败: fetch failed
  ✗ 第 569 页失败: fetch failed
  ✗ 第 570 页失败: fetch failed
  ✗ 第 571 页失败: fetch failed
  ✗ 第 572 页失败: fetch failed
  ✗ 第 573 页失败: fetch failed
  ✗ 第 574 页失败: fetch failed
  ✗ 第 575 页失败: fetch failed
  ✗ 第 576 页失败: fetch failed
  ✗ 第 577 页失败: fetch failed
  ✗ 第 578 页失败: fetch failed
  ✗ 第 579 页失败: fetch failed
  ✗ 第 580 页失败: fetch failed
  ✗ 第 581 页失败: fetch failed
  ✗ 第 582 页失败: fetch failed
  ✗ 第 583 页失败: fetch failed
  ✗ 第 584 页失败: fetch failed
  ✗ 第 585 页失败: fetch failed
  ✗ 第 586 页失败: fetch failed
  ✗ 第 587 页失败: fetch failed
  ✗ 第 588 页失败: fetch failed
  ✗ 第 589 页失败: fetch failed
  ✗ 第 590 页失败: fetch failed
  ✗ 第 591 页失败: fetch failed
  ✗ 第 592 页失败: fetch failed
  ✗ 第 593 页失败: fetch failed
  ✗ 第 594 页失败: fetch failed
  ✗ 第 595 页失败: fetch failed
  ✗ 第 596 页失败: fetch failed
  ✗ 第 597 页失败: fetch failed
  ✗ 第 598 页失败: fetch failed
  ✗ 第 599 页失败: fetch failed
  ✗ 第 600 页失败: fetch failed
  ✗ 第 601 页失败: fetch failed
  ✗ 第 602 页失败: fetch failed
  ✗ 第 603 页失败: fetch failed
  ✗ 第 604 页失败: fetch failed
  ✗ 第 605 页失败: fetch failed
  ✗ 第 606 页失败: fetch failed
  ✗ 第 607 页失败: fetch failed
  ✗ 第 608 页失败: fetch failed
  ✗ 第 609 页失败: fetch failed
  ✗ 第 610 页失败: fetch failed
  ✗ 第 611 页失败: fetch failed
  ✗ 第 612 页失败: fetch failed
  ✗ 第 613 页失败: fetch failed
  ✗ 第 614 页失败: fetch failed
  ✗ 第 615 页失败: fetch failed
  ✗ 第 616 页失败: fetch failed
  ✗ 第 617 页失败: fetch failed
  ✗ 第 618 页失败: fetch failed
  ✗ 第 619 页失败: fetch failed
  ✗ 第 620 页失败: fetch failed
  ✗ 第 621 页失败: fetch failed
  ✗ 第 622 页失败: fetch failed
  ✗ 第 623 页失败: fetch failed
  ✗ 第 624 页失败: fetch failed
  ✗ 第 625 页失败: fetch failed
  ✗ 第 626 页失败: fetch failed
  ✗ 第 627 页失败: fetch failed
  ✗ 第 628 页失败: fetch failed
  ✗ 第 629 页失败: fetch failed
  ✗ 第 630 页失败: fetch failed
  ✗ 第 631 页失败: fetch failed
  ✗ 第 632 页失败: fetch failed
  ✗ 第 633 页失败: fetch failed
  ✗ 第 634 页失败: fetch failed
  ✗ 第 635 页失败: fetch failed
  ✗ 第 636 页失败: fetch failed
  ✗ 第 637 页失败: fetch failed
  ✗ 第 638 页失败: fetch failed
  ✗ 第 639 页失败: fetch failed
  ✗ 第 640 页失败: fetch failed
  ✗ 第 641 页失败: fetch failed
  ✗ 第 642 页失败: fetch failed
  ✗ 第 643 页失败: fetch failed
  ✗ 第 644 页失败: fetch failed
  ✗ 第 645 页失败: fetch failed
  ✗ 第 646 页失败: fetch failed
  ✗ 第 647 页失败: fetch failed
  ✗ 第 648 页失败: fetch failed
  ✗ 第 649 页失败: fetch failed
  ✗ 第 650 页失败: fetch failed
  ✗ 第 651 页失败: fetch failed
  ✗ 第 652 页失败: fetch failed
  ✗ 第 653 页失败: fetch failed
  ✗ 第 654 页失败: fetch failed
  ✗ 第 655 页失败: fetch failed
  ✗ 第 656 页失败: fetch failed
  ✗ 第 657 页失败: fetch failed
  ✗ 第 658 页失败: fetch failed
  ✗ 第 659 页失败: fetch failed
  ✗ 第 660 页失败: fetch failed
  ✗ 第 661 页失败: fetch failed
  ✗ 第 662 页失败: fetch failed
  ✗ 第 663 页失败: fetch failed
  ✗ 第 664 页失败: fetch failed
  ✗ 第 665 页失败: fetch failed
  ✗ 第 666 页失败: fetch failed
  ✗ 第 667 页失败: fetch failed
  ✗ 第 668 页失败: fetch failed
  ✗ 第 669 页失败: fetch failed
  ✗ 第 670 页失败: fetch failed
  ✗ 第 671 页失败: fetch failed
  ✗ 第 672 页失败: fetch failed
  ✗ 第 673 页失败: fetch failed
  ✗ 第 674 页失败: fetch failed
  ✗ 第 675 页失败: fetch failed
  ✗ 第 676 页失败: fetch failed
  ✗ 第 677 页失败: fetch failed
  ✗ 第 678 页失败: fetch failed
  ✗ 第 679 页失败: fetch failed
  ✗ 第 680 页失败: fetch failed
  ✗ 第 681 页失败: fetch failed
  ✗ 第 682 页失败: fetch failed
  ✗ 第 683 页失败: fetch failed
  ✗ 第 684 页失败: fetch failed
  ✗ 第 685 页失败: fetch failed
  ✗ 第 686 页失败: fetch failed
  ✗ 第 687 页失败: fetch failed
  ✗ 第 688 页失败: fetch failed
  ✗ 第 689 页失败: fetch failed
  ✗ 第 690 页失败: fetch failed
  ✗ 第 691 页失败: fetch failed
  ✗ 第 692 页失败: fetch failed
  ✗ 第 693 页失败: fetch failed
  ✗ 第 694 页失败: fetch failed
  ✗ 第 695 页失败: fetch failed
  ✗ 第 696 页失败: fetch failed
  ✗ 第 697 页失败: fetch failed
  ✗ 第 698 页失败: fetch failed
  ✗ 第 699 页失败: fetch failed
  ✗ 第 700 页失败: fetch failed
  ✗ 第 701 页失败: fetch failed
  ✗ 第 702 页失败: fetch failed
  ✗ 第 703 页失败: fetch failed
  ✗ 第 704 页失败: fetch failed
  ✗ 第 705 页失败: fetch failed
  ✗ 第 706 页失败: fetch failed
  ✗ 第 707 页失败: fetch failed
  ✗ 第 708 页失败: fetch failed
  ✗ 第 709 页失败: fetch failed
  ✗ 第 710 页失败: fetch failed
  ✗ 第 711 页失败: fetch failed
  ✗ 第 712 页失败: fetch failed
  ✗ 第 713 页失败: fetch failed
  ✗ 第 714 页失败: fetch failed
  ✗ 第 715 页失败: fetch failed
  ✗ 第 716 页失败: fetch failed
  ✗ 第 717 页失败: fetch failed
  ✗ 第 718 页失败: fetch failed
  ✗ 第 719 页失败: fetch failed
  ✗ 第 720 页失败: fetch failed
  ✗ 第 721 页失败: fetch failed
  ✗ 第 722 页失败: fetch failed
  ✗ 第 723 页失败: fetch failed
  ✗ 第 724 页失败: fetch failed
  ✗ 第 725 页失败: fetch failed
  ✗ 第 726 页失败: fetch failed
  ✗ 第 727 页失败: fetch failed
  ✗ 第 728 页失败: fetch failed
  ✗ 第 729 页失败: fetch failed
  ✗ 第 730 页失败: fetch failed
  ✗ 第 731 页失败: fetch failed
  ✗ 第 732 页失败: fetch failed
  ✗ 第 733 页失败: fetch failed
  ✗ 第 734 页失败: fetch failed
  ✗ 第 735 页失败: fetch failed
  ✗ 第 736 页失败: fetch failed
  ✗ 第 737 页失败: fetch failed
  ✗ 第 738 页失败: fetch failed
  ✗ 第 739 页失败: fetch failed
  ✗ 第 740 页失败: fetch failed
  ✗ 第 741 页失败: fetch failed
  ✗ 第 742 页失败: fetch failed
  ✗ 第 743 页失败: fetch failed
  ✗ 第 744 页失败: fetch failed
  ✗ 第 745 页失败: fetch failed
  ✗ 第 746 页失败: fetch failed
  ✗ 第 747 页失败: fetch failed
  ✗ 第 748 页失败: fetch failed
  ✗ 第 749 页失败: fetch failed
  ✗ 第 750 页失败: fetch failed
  ✗ 第 751 页失败: fetch failed
  ✗ 第 752 页失败: fetch failed
  ✗ 第 753 页失败: fetch failed
  ✗ 第 754 页失败: fetch failed
  ✗ 第 755 页失败: fetch failed
  ✗ 第 756 页失败: fetch failed
  ✗ 第 757 页失败: fetch failed
  ✗ 第 758 页失败: fetch failed
  ✗ 第 759 页失败: fetch failed
  ✗ 第 760 页失败: fetch failed
  ✗ 第 761 页失败: fetch failed
  ✗ 第 762 页失败: fetch failed
  ✗ 第 763 页失败: fetch failed
  ✗ 第 764 页失败: fetch failed
  ✗ 第 765 页失败: fetch failed
  ✗ 第 766 页失败: fetch failed
  ✗ 第 767 页失败: fetch failed
  ✗ 第 768 页失败: fetch failed
  ✗ 第 769 页失败: fetch failed
  ✗ 第 770 页失败: fetch failed
  ✗ 第 771 页失败: fetch failed
  ✗ 第 772 页失败: fetch failed
  ✗ 第 773 页失败: fetch failed
  ✗ 第 774 页失败: fetch failed
  ✗ 第 775 页失败: fetch failed
  ✗ 第 776 页失败: fetch failed
  ✗ 第 777 页失败: fetch failed
  ✗ 第 778 页失败: fetch failed
  ✗ 第 779 页失败: fetch failed
  ✗ 第 780 页失败: fetch failed
  ✗ 第 781 页失败: fetch failed
  ✗ 第 782 页失败: fetch failed
  ✗ 第 783 页失败: fetch failed
  ✗ 第 784 页失败: fetch failed
  ✗ 第 785 页失败: fetch failed
  ✗ 第 786 页失败: fetch failed
  ✗ 第 787 页失败: fetch failed
  ✗ 第 788 页失败: fetch failed
  ✗ 第 789 页失败: fetch failed
  ✗ 第 790 页失败: fetch failed
  ✗ 第 791 页失败: fetch failed
  ✗ 第 792 页失败: fetch failed
  ✗ 第 793 页失败: fetch failed
  ✗ 第 794 页失败: fetch failed
  ✗ 第 795 页失败: fetch failed
  ✗ 第 796 页失败: fetch failed
  ✗ 第 797 页失败: fetch failed
  ✗ 第 798 页失败: fetch failed
  ✗ 第 799 页失败: fetch failed
  ✗ 第 800 页失败: fetch failed
  ✗ 第 801 页失败: fetch failed
  ✗ 第 802 页失败: fetch failed
  ✗ 第 803 页失败: fetch failed
  ✗ 第 804 页失败: fetch failed
  ✗ 第 805 页失败: fetch failed
  ✗ 第 806 页失败: fetch failed
  ✗ 第 807 页失败: fetch failed
  ✗ 第 808 页失败: fetch failed
  ✗ 第 809 页失败: fetch failed
  ✗ 第 810 页失败: fetch failed
  ✗ 第 811 页失败: fetch failed
  ✗ 第 812 页失败: fetch failed
  ✗ 第 813 页失败: fetch failed
  ✗ 第 814 页失败: fetch failed
  ✗ 第 815 页失败: fetch failed
  ✗ 第 816 页失败: fetch failed
  ✗ 第 817 页失败: fetch failed
  ✗ 第 818 页失败: fetch failed
  ✗ 第 819 页失败: fetch failed
  ✗ 第 820 页失败: fetch failed
  ✗ 第 821 页失败: fetch failed
  ✗ 第 822 页失败: fetch failed
  ✗ 第 823 页失败: fetch failed
  ✗ 第 824 页失败: fetch failed
  ✗ 第 825 页失败: fetch failed
  ✗ 第 826 页失败: fetch failed
  ✗ 第 827 页失败: fetch failed
  ✗ 第 828 页失败: fetch failed
  ✗ 第 829 页失败: fetch failed
  ✗ 第 830 页失败: fetch failed
  ✗ 第 831 页失败: fetch failed
  ✗ 第 832 页失败: fetch failed
  ✗ 第 833 页失败: fetch failed
  ✗ 第 834 页失败: fetch failed
  ✗ 第 835 页失败: fetch failed
  ✗ 第 836 页失败: fetch failed
  ✗ 第 837 页失败: fetch failed
  ✗ 第 838 页失败: fetch failed
  ✗ 第 839 页失败: fetch failed
  ✗ 第 840 页失败: fetch failed
  ✗ 第 841 页失败: fetch failed
  ✗ 第 842 页失败: fetch failed
  ✗ 第 843 页失败: fetch failed
  ✗ 第 844 页失败: fetch failed
  ✗ 第 845 页失败: fetch failed
  ✗ 第 846 页失败: fetch failed
  ✗ 第 847 页失败: fetch failed
  ✗ 第 848 页失败: fetch failed
  ✗ 第 849 页失败: fetch failed
  ✗ 第 850 页失败: fetch failed
  ✗ 第 851 页失败: fetch failed
  ✗ 第 852 页失败: fetch failed
  ✗ 第 853 页失败: fetch failed
  ✗ 第 854 页失败: fetch failed
  ✗ 第 855 页失败: fetch failed
  ✗ 第 856 页失败: fetch failed
  ✗ 第 857 页失败: fetch failed
  ✗ 第 858 页失败: fetch failed
  ✗ 第 859 页失败: fetch failed
  ✗ 第 860 页失败: fetch failed
  ✗ 第 861 页失败: fetch failed
  ✗ 第 862 页失败: fetch failed
  ✗ 第 863 页失败: fetch failed
  ✗ 第 864 页失败: fetch failed
  ✗ 第 865 页失败: fetch failed
  ✗ 第 866 页失败: fetch failed
  ✗ 第 867 页失败: fetch failed
  ✗ 第 868 页失败: fetch failed
  ✗ 第 869 页失败: fetch failed
  ✗ 第 870 页失败: fetch failed
  ✗ 第 871 页失败: fetch failed
  ✗ 第 872 页失败: fetch failed
  ✗ 第 873 页失败: fetch failed
  ✗ 第 874 页失败: fetch failed
  ✗ 第 875 页失败: fetch failed
  ✗ 第 876 页失败: fetch failed
  ✗ 第 877 页失败: fetch failed
  ✗ 第 878 页失败: fetch failed
  ✗ 第 879 页失败: fetch failed
  ✗ 第 880 页失败: fetch failed
  ✗ 第 881 页失败: fetch failed
  ✗ 第 882 页失败: fetch failed
  ✗ 第 883 页失败: fetch failed
  ✗ 第 884 页失败: fetch failed
  ✗ 第 885 页失败: fetch failed
  ✗ 第 886 页失败: fetch failed
  ✗ 第 887 页失败: fetch failed
  ✗ 第 888 页失败: fetch failed
  ✗ 第 889 页失败: fetch failed
  ✗ 第 890 页失败: fetch failed
  ✗ 第 891 页失败: fetch failed
  ✗ 第 892 页失败: fetch failed
  ✗ 第 893 页失败: fetch failed
  ✗ 第 894 页失败: fetch failed
  ✗ 第 895 页失败: fetch failed
  ✗ 第 896 页失败: fetch failed
  ✗ 第 897 页失败: fetch failed
  ✗ 第 898 页失败: fetch failed
  ✗ 第 899 页失败: fetch failed
  ✗ 第 900 页失败: fetch failed
  ✗ 第 901 页失败: fetch failed
  ✗ 第 902 页失败: fetch failed
  ✗ 第 903 页失败: fetch failed
  ✗ 第 904 页失败: fetch failed
  ✗ 第 905 页失败: fetch failed
  ✗ 第 906 页失败: fetch failed
  ✗ 第 907 页失败: fetch failed
  ✗ 第 908 页失败: fetch failed
  ✗ 第 909 页失败: fetch failed
  ✗ 第 910 页失败: fetch failed
  ✗ 第 911 页失败: fetch failed

✅ 字体库处理完成: 成功 494, 失败 9556


============================================================
🚀 开始处理: PSD模板
============================================================

📂 [PSD模板] 加载断点：445 个
📁 [PSD模板] 初始化文件夹缓存...
Fatal error: TypeError: fetch failed
    at node:internal/deps/undici/undici:13510:13
    at process.processTicksAndRejections (node:internal/process/task_queues:105:5)
    at async apiRequest (file:///Users/jackie/workspace/yishe-admin/batch-complete-all.mjs:126:15)
    at async getFolderTree (file:///Users/jackie/workspace/yishe-admin/batch-complete-all.mjs:132:16)
    at async initFolderCache (file:///Users/jackie/workspace/yishe-admin/batch-complete-all.mjs:149:16)
    at async processType (file:///Users/jackie/workspace/yishe-admin/batch-complete-all.mjs:370:3)
    at async main (file:///Users/jackie/workspace/yishe-admin/batch-complete-all.mjs:425:20) {
  [cause]: Error: connect ECONNREFUSED 127.0.0.1:1520
      at TCPConnectWrap.afterConnect [as oncomplete] (node:net:1636:16) {
    errno: -61,
    code: 'ECONNREFUSED',
    syscall: 'connect',
    address: '127.0.0.1',
    port: 1520
  }
}

============================================================
🚀 统一资源信息补全和分类
   处理类型: font, psd
   起始页: 1, 并发: 2
============================================================

============================================================
🚀 开始处理: 字体库
============================================================

📂 [字体库] 加载断点：904 个
📁 [字体库] 初始化文件夹缓存...
   已缓存 18 个根文件夹
   总数: 18213, 总页数: 911

  📄 第 1 页: 20 个需要处理
  📂 SimFang 仿宋体 → 中文字体/衬线体
  📂 SimKai 楷体 → 中文字体/正文字
  📂 Segoe UI Light Italic → 中文字体/正文字
  📂 Segoe UI Historic → 中文字体/正文字
  📂 未知（英文：Segoe UI Black，中文回退字体） → 中文字体/标题字
  📂 Segoe UI Italic → 中文字体/正文字
  📂 Segoe UI Light → 中文字体/正文字
  📂 Segoe UI Regular → 中文字体/正文字
  📂 Segoe UI Semilight → 中文字体/正文字
  📂 Segoe UI Rounded → 中文字体/衬线体
  📂 "这是一款模拟马克笔手写风格的粗体字体，呈现出一种随性、活泼且极具亲和力的视觉感受。结构上，其笔画粗细对比鲜明，横画相对纤细，而竖笔及弧线部分则饱满有力 → 中文字体/手写体
  📂 Segoe MDL2 Assets → 中文字体/等线体
  📂 RTWSueGothic-Trial-UltraLight → 中文字体/装饰体
  ✓ 完成: 成功 13, 失败 0
  📄 第 2 页: 20 个需要处理
  📂 Roboto Medium → 中文字体/正文字
  📂 "这是一款现代感十足的几何无衬线开源字体。其最显著的特征是笔画线条极其均匀、规整，几乎没有粗细变化，呈现出强烈的等 → 中文字体/正文字
  📂 Roboto Condensed Italic → 中文字体/正文字
  📂 Roboto Bold → 中文字体/标题字
  📂 Roboto Italic → 中文字体/正文字
  📂 tmp - zyh1102-fonts-retry - Roboto-LightItalic → 中文字体/等线体
  📂 "这是一款古典优雅的人文主义衬线字体，其粗斜体版本（Bold Italic）展现出强烈的视觉冲击力与精致的书写动感。字体笔画粗细对比显著，横 → 中文字体/衬线体
  📂 OratorStd-Slanted → 中文字体/衬线体
  📂 "这是一款具有高度几何感和现代极简主义风格的无衬线字体。其最显著的特征在于笔画粗细绝对均匀，仿佛由标准线宽绘制而成，没有任何书写或书法带来的动态变化。起笔与收笔处均采用干脆利落的方切处理，转角直接而硬朗，摒弃了任何不必要的装饰，呈现出强烈的工具性和功能性美感。字形比例均衡规整，x字高适中，字怀（字内空间）开放通透，整体重心居中且稳定。这种冷静、中性且严谨的设计风格，使其具有极高的可读性与屏幕适配性。它特别适合作为数字界面、技术文档、数据图表、以及需要清晰、高效信息传递的正式场景 → 中文字体/正文字
  📂 等宽技术黑体 → 中文字体/等线体
  ✓ 完成: 成功 12, 失败 0
  📄 第 3 页: 20 个需要处理
  📂 "这是一款几何化程度极高的无衬线字体，整体呈现出强烈的现代感与未来感。字体结构上，其笔画粗细均匀一致，无任何粗细变化，起笔、收笔及转角处均采用标准直角或近乎直角的处理，笔画末端为利落的平切或轻微圆角，毫无多余装饰。字形比例接近正方，尤其在中文部分表现得更为方正；x字高（如a、e、o等字母高度）显著较高，与大写字母高度接近，这使得字体在屏幕上的x高度区域非常饱满，字面率大，清晰度极高。重心位置精准居中，字怀（字内空间）开放且均匀，确保了字母内部的通透性。设计风格极致简约、理性且功能主义，情感调性中性、专业、冷静、可靠，视觉上既几何严谨又因高x字高而略带舒展，笔画 → 中文字体/正文字
  📂 Nueva Std Italic → 中文字体/衬线体
  📂 NuevaStd-BoldCondItalic → 中文字体/衬线体
  📂 Palatino Bold → 中文字体/衬线体
  📂 OratorStd → 中文字体/等线体
  📂 Myriad Pro Semibold → 中文字体/正文字
  📂 MyriadHebrew Regular → 中文字体/正文字
  📂 Myriad Pro Condensed Italic 与黑体混排预览 → 中文字体/正文字
  📂 思源黑体 Regular → 中文字体/正文字
  📂 Myriad Pro Bold Condensed → 中文字体/无衬线体
  📂 Myriad Pro Regular → 中文字体/正文字
  ✓ 完成: 成功 13, 失败 0
  📄 第 4 页: 20 个需要处理
  📂 "这是一款以几何感、均匀笔画和高可读性为核心特征的现代无衬线字体。其笔画粗细极为均匀，几乎无变化，展现出高度的规整性与中性特质。字形结构严谨，x字高比例适中偏高，字怀（字内空间）开放而舒展，确保了文字在从小到大各种尺寸下的清晰度与一致性。字重为中等，视觉上既不纤弱也不过于厚重，重心居中，给人以稳定、平衡的观感。整体设计风格冷静、克制、极具现代感，情感调性偏向严肃、友好与专业，几乎不带个人情感色彩。字形视觉特征上趋向几何化与方正，笔画连接独立，无装饰性连笔。这款字体非常适合用于需要清晰、高效传达信息的场景，如科技产品的UI界面、金融领域的报告与数据图表、教育类的课件与书籍、企业官方网站与应用，以及各类技术文档和品牌标准字的设计，是现代数字媒体与印刷品中追求通用 → 中文字体/正文字
  📂 Myriad Hebrew Italic → 中文字体/衬线体
  📂 Noto Sans 数学 SC → 中文字体/等线体
  📂 "这是一款几何感强烈的现代无衬线字体，兼具黑体的清晰与几何体的纯粹。其结构特征表现为笔画粗细绝对均匀，无任何粗细变化，线条硬朗挺拔。字母字形比例协调，拥有较高的x字高，使得小写字母在阅读时同样清晰。大写字母和数字的构造极为规整，呈现出强烈的秩序感和数学美感。字形整体重心稳定、居中，字内空间（字怀）开放，确保了极高的辨识度。风格上，它理性、冷静、略带技术感和工业感，没有多余装饰，以极简和功能主义为导向。该字体在屏幕显示环境下表现卓越，清晰度极高，非常适合用作UI界面元素、网页正文、技术文档的标题与正文，在科技、数据可视化、信息类应用等追求现代感和高可读性的场景中表现出色。作为一款设计严谨的几何风格字体，它既能 → 中文字体/等线体
  📂 KozU Gothic Pr6N Regular → 韩文字体/正文字
  📂 思源黑体 Heavy → 中文字体/标题字
  📂 瀚云怡宁手写体 → 中文字体/手写体
  📂 锐锋衬线体 → 日文字体/衬线体
  📂 SegaesCB → 中文字体/装饰体
  📂 Simplified Modern Sans → 中文字体/正文字
  📂 tmp - zyh1102-fonts-tmp - fonts-master - Roboto-MediumItalic → 中文字体/正文字
  📂 "这是一款由Google主导开发的经典现代无衬线字体Roboto的细体（Light）版本，专为数字屏幕显示而生，是现代极简主义设计的杰出代表。其核心结构特征表现为笔画纤细且粗细对比极弱，几乎呈现出均匀的单线效果，营造出轻盈、通透的视觉感受。字形比例规整，x字高适中，重心平稳，字内空间开放，确保了大段文本排版的流畅性与舒适度。设计风格上，它巧妙地融合了严谨的几何框架与微小的人文主义曲线，例如在字母转角处采用圆润处理，笔画末端带有不易察觉的轻微弧度，从而在冰冷的科技感中注入了一丝友好与亲和力。其情感调性是中性、冷静且专业的，视觉特征清晰、利落、舒展。该字体最适合作为长篇正文阅读字体，推荐用于移动应用UI界面、网页正文内容、电子书、软件界面、技术文档等数字阅读 → 中文字体/正文字
  ✓ 完成: 成功 13, 失败 0
  📄 第 5 页: 20 个需要处理
  📂 Roboto Condensed → 中文字体/正文字
  📂 Palatino Linotype → 中文字体/衬线体
  📂 Nueva Std Condensed → 中文字体/衬线体
  📂 "这是一款专为光学字符识别（OCR）技术设计的等宽无衬线字体，具有极强的复古未来主义与工业技术美感。其结构特征极为鲜明：笔画粗细完全均匀，没有任何装饰性的粗细变化；字形由直线和几何曲线（ → 中文字体/等线体
  📂 Nirmala S → 中文字体/正文字
  📂 "这是一款基于Adobe Myriad Pro系列的特定字重与样式——Semibold Italic（中粗斜体）的现代无衬线字体。其结构上，字重中粗，线条饱满有力，笔画粗细变化微妙但清晰，尤其在斜体状态下，字母的整体倾斜与笔画末端的利落处理赋予了字体强烈的动态感与方向性。字母x字高适中，比例均衡，确保了良好的辨识度。风格上，它延续了Myriad系列经典的人文主义无衬线 → 中文字体/正文字
  📂 Myriad Pro Italic → 中文字体/正文字
  📂 Source Han Sans Italic → 中文字体/标题字
  📂 Palai → 中文字体/衬线体
  📂 mvboli-手写体 → 中文字体/手写体
  📂 Minion Pro Semibold Italic → 中文字体/衬线体
  📂 tmp - zyh1102-fonts-tmp - fonts-master - MinionPro-BoldIt → 中文字体/衬线体
  📂 Monbaiti（蒙纳比体） → 中文字体/标题字
  ✓ 完成: 成功 13, 失败 0
  📄 第 6 页: 20 个需要处理
  📂 Minion Pro Bold → 中文字体/衬线体
  📂 Minion Pro Medium Italic → 中文字体/衬线体
  📂 艺宋行书 → 中文字体/装饰体
  📂 lsansdi → 中文字体/标题字
  📂 Verdana → 中文字体/标题字
  📂 Trebuchet BD → 中文字体/正文字
  📂 Letter Gothic Std → 中文字体/等线体
  📂 tmp - zyh1102-fonts-tmp - fonts-master - LithosPro-Regular → 中文字体/标题字
  📂 LetterGothicStd-Bold → 中文字体/等线体
  📂 Verdana Bold → 中文字体/正文字
  📂 Tahoma → 中文字体/等线体
  📂 Times New Roman Bold → 中文字体/标题字
  ✓ 完成: 成功 13, 失败 0
  📄 第 7 页: 20 个需要处理
  📂 tmp - zyh1102-fonts-tmp - fonts-master - TrajanPro-Regular → 日文字体/衬线体
  📂 思源黑体 Medium → 韩文字体/正文字
  📂 Times New Roman Italic → 中文字体/标题字
  📂 KozMinPro-ExtraLight → 韩文字体/衬线体
  📂 思源黑体 Medium → 中文字体/正文字
  📂 StencilStd → 中文字体/装饰体
  📂 Tahoma Bold → 中文字体/正文字
  📂 Sylfaen → 中文字体/衬线体
  📂 Source Han Sans CN Normal → 中文字体/正文字
  📂 思源黑体 Medium → 韩文字体/正文字
  📂 思源黑体 Regular → 中文字体/正文字
  📂 思源黑体 ExtraLight → 中文字体/正文字
  📂 Minion Pro → 中文字体/衬线体
  📂 Minion Pro Semibold → 中文字体/衬线体
  📂 Minion Pro Italic → 中文字体/衬线体
  ✓ 完成: 成功 15, 失败 0
  📄 第 8 页: 20 个需要处理
  📂 Minion Pro Medium → 中文字体/衬线体
  📂 MiSans → 中文字体/正文字
  📂 MFShangHei-LightCom → 中文字体/等线体
  📂 方正圆角黑 → 中文字体/正文字
  📂 Minion Pro Bold (中文版) → 中文字体/衬线体
  📂 Malgun Gothic Light → 中文字体/正文字
  📂 Minion Pro Bold Italic → 中文字体/衬线体
  📂 HYTieXianHei → 中文字体/等线体
  📂 Lucon → 中文字体/等线体
  📂 现代几何无衬线体 → 中文字体/正文字
  📂 圆润现代体 → 中文字体/正文字
  📂 "这是一款源自经典打字机、具有鲜明复古科技感的等宽无衬线字体。其核心结构特征在于所有字母和符号在水平方向上占据完全相同的宽度，笔画粗细均匀一致，线条笔直，转角处理利落，呈现典型的机械切削感。字体比例偏高，x字高较大，字重为常规体，重心居中偏高，字内空间开放均匀。整体设计风格极简、理性且高度秩序化，情感 → 中文字体/等线体
  📂 宋黑几何体 → 中文字体/装饰体
  📂 思源黑体 → 中文字体/正文字
  ✓ 完成: 成功 15, 失败 0
  📄 第 9 页: 20 个需要处理
  📂 LeelawUI → 中文字体/正文字
  📂 LetterGothicStd-BoldSlanted → 中文字体/等线体
  📂 KozMinPro-Light → 韩文字体/正文字
  📂 KozMinPro-Bold → 韩文字体/衬线体
  📂 Kozumin Pro 6N Light → 韩文字体/正文字
  📂 小塚明朝 (Kozuka Mincho) → 韩文字体/正文字
  📂 思源黑体 Light → 中文字体/正文字
  📂 KozMinPr6N-Bold → 韩文字体/衬线体
  📂 Koz Gothic Pro → 韩文字体/正文字
  📂 Koz Gothic Pro N Medium → 韩文字体/正文字
  📁 创建: 韩文字体/等线体
  📂 Kozumi Gothic Pro6N ExtraLight → 韩文字体/等线体
  📂 KozGoPr6N-Light → 韩文字体/正文字
  📂 悠然手写体 → 中文字体/手写体
  📂 Handwrite Ink → 中文字体/手写体
  📂 "“鸿元中坚黑体”是一款现代感极强、结构严谨的无衬线正文字体。其核心特征在于笔画粗细高度均匀，呈现出清晰的几何感和秩序美。字形方正舒展，字面率较高，重心平稳居中。起笔与收笔干净利落，转角处处理得尤为精妙，带有极其微妙的圆润感 → 中文字体/等线体
  ✓ 完成: 成功 16, 失败 0
  📄 第 10 页: 20 个需要处理
  📂 HYQingTing → 中文字体/等线体
  📂 HYQiHei-65S → 中文字体/正文字
  📂 汉仪细黑（HYXiJianHeiJ） → 中文字体/正文字
  📂 稚拙手写体 → 中文字体/手写体
  📂 华文宋体 → 中文字体/衬线体
  📂 汉仪圆趣体 → 中文字体/装饰体
  📂 汉仪小麦体J → 中文字体/手写体
  📂 思源黑体 Regular → 中文字体/标题字
  📂 自由手写体 → 中文字体/手写体
  📂 心圆体 → 中文字体/其他
  📂 HYS-Hand-Write → 中文字体/手写体
  📂 汉仪全唐诗体 → 中文字体/衬线体
  📂 华文圆体 → 中文字体/正文字
  📂 字体模板 → 中文字体/装饰体
  ✓ 完成: 成功 14, 失败 0
  📄 第 11 页: 20 个需要处理
  📂 HYQiHei 55S → 中文字体/正文字
  📂 汉仪清空体J → 韩文字体/装饰体
  📂 汉仪旗黑50S → 中文字体/正文字
  📂 汉仪旗黑40细 → 中文字体/等线体
  📂 手写圆体 → 中文字体/等线体
  📂 汉仪旗黑25J → 中文字体/等线体
  📂 中英文协调无衬线体 → 中文字体/衬线体
  📂 Hyq1gjm 断裂无衬线体 → 中文字体/装饰体
  📂 几何无衬线清晰体 → 中文字体/正文字
  📂 HYPingAnXingJ-手写体 → 中文字体/手写体
  📂 Q斜尾无衬线体 → 中文字体/等线体
  ✓ 完成: 成功 11, 失败 0
  📄 第 12 页: 20 个需要处理
  📂 Helvetica Neue LT Pro 45 Light Oblique → 中文字体/衬线体
  📂 tmp - zyh1102-fonts-tmp - fonts-master - HelveticaNeueLTPro-UltLt → 中文字体/装饰体
  📂 tmp - zyh1102-fonts-tmp - fonts-master - HelveticaNeueLTPro-MdCn → 中文字体/正文字
  📂 锐意手书体 → 中文字体/装饰体
  📂 Helvetica Neue LT Pro Md → 中文字体/正文字
  📂 Helvetica Neue Medium Extended Oblique → 中文字体/正文字
  📂 Helvetica Neue LT Pro Light Condensed → 中文字体/正文字
  📂 Helvetica Neue Thin Italic (字体预览变体) → 中文字体/标题字
  📂 Helvetica Neue LT Pro Light → 中文字体/正文字
  📂 tmp - zyh1102-fonts-tmp - fonts-master - HelveticaNeueLTPro-HvIt → 中文字体/标题字
  ✓ 完成: 成功 10, 失败 0
  📄 第 13 页: 20 个需要处理
  📂 Helvetica Neue LT Pro 45 Light → 中文字体/正文字
  📂 Helvetica Neue LT Pro Italic → 中文字体/正文字
  📂 Helvetica Neue Light Condensed Oblique → 中文字体/正文字
  📂 tmp - zyh1102-fonts-tmp - fonts-master - HelveticaNeueLTPro-ThIt → 中文字体/正文字
  📂 tmp - zyh1102-fonts-tmp - fonts-master - HelveticaNeueLTPro-UltLtIt → 中文字体/衬线体
  📂 Helvetica Neue LT Pro Black Condensed (HNLTP BlkCn) → 中文字体/标题字
  📂 Helvetica Neue Light → 中文字体/正文字
  📂 Helvetica Neue LT Pro Roman → 中文字体/正文字
  📂 tmp - zyh1102-fonts-tmp - fonts-master - HelveticaNeueLTPro-BdExO → 中文字体/正文字
  ✓ 完成: 成功 9, 失败 0
  📄 第 14 页: 20 个需要处理
  📂 "这是一款极其经典的现代主义无衬线字体，是Helvetica家族中的中等字重（Medium）版本。其设计源自瑞士国际主义风格，追求极致的理性、中性与功能主义美学。笔画粗细高度均匀一致，起笔与收笔处理得干净利落，转角处呈现微妙的圆润过渡，完全摒弃了任何装饰性元素，呈现出一种冷静而精准的数学美感。字形比例均衡，x字高适中，字怀空间开放，使其在任何尺寸下都具有卓越的清晰度与 → 中文字体/正文字
  📂 tmp - zyh1102-fonts-tmp - fonts-master - helveticaneue-lightitalic → 中文字体/正文字
  📂 Helvetica Neue LT Pro 130 Light → 中文字体/正文字
  📂 黑体-半粗体 → 中文字体/正文字
  📂 GiddyupStd → 中文字体/装饰体
  📂 Helvetica Neue LT Pro ExtraLight → 中文字体/等线体
  📂 Gadugi → 中文字体/等线体
  📂 方正清宋 → 中文字体/衬线体
  ✓ 完成: 成功 9, 失败 0
  📄 第 15 页: 20 个需要处理
  📂 Georgia Bold → 中文字体/衬线体
  📂 Georgia Italic → 中文字体/衬线体
  📂 "这是一款具有强烈现代几何感的无衬线字体。其核心结构特征为笔画粗细均匀，无衬线装饰，呈现出干净、利落的视觉效果。拉丁字母的几何特征非常显著：圆形字符（如'O', 'o'）近似于正圆，而带有尖角的字符（如'A', 'M', 'V'）顶角处理锐利，形成鲜明的对比。字形整体偏向窄体，结构紧凑，但拥有较高的x字高，这保证了在较小字号下也具有良好的可读性和开放感。转角处处理极为平滑，赋予字体一丝柔和与亲和力，平衡了纯粹几何感可能带来的冷硬。中文部分遵循了笔画均匀、结构方正的现代黑体（黑体）设计原则，与拉丁字母在气质和视觉权重上达成和谐统一。这种干净、专业、科技感强且不失友好的风格，使其非常适合用于科技产品界面（UI）、品牌标识（Logo）、数字媒体 → 中文字体/等线体
  📂 思源黑体-中等 → 中文字体/正文字
  📂 几何等线体 → 中文字体/正文字
  📂 Helvetica Neue Bold → 中文字体/等线体
  📂 Hakuyo 星曙 → 中文字体/标题字
  📂 方正黑体等宽 → 中文字体/等线体
  ✓ 完成: 成功 10, 失败 0
  📄 第 16 页: 20 个需要处理
  📂 菱星 (LingXing Sans) → 中文字体/标题字
  📂 Georgiaz 中文扩展版 → 中文字体/正文字
  📂 几何等线无衬线中英文混排体 → 中文字体/等线体
  📂 Gabriola → 中文字体/衬线体
  📂 清韵黑体 → 中文字体/正文字
  📂 FZZHJW → 中文字体/等线体
  📂 FZYTK黑体 → 中文字体/正文字
  📂 FZWenQuanYi Zen Hei Light → 中文字体/正文字
  📂 FZYBXSJW → 中文字体/正文字
  📂 智圆体 → 中文字体/正文字
  📂 锐意宋 → 中文字体/衬线体
  📂 字体模板 → 中文字体/等线体
  📂 FZSTJW（暂定名） → 中文字体/正文字
  📂 黑体与细等线混合体 → 中文字体/标题字
  📂 方正手迹-正文 → 中文字体/手写体
  📂 方正悠黑 → 中文字体/正文字
  📂 FZLXTJW手写体 → 中文字体/手写体
  📂 方正宋刻本秀楷 → 中文字体/衬线体
  ✓ 完成: 成功 19, 失败 0
  📄 第 17 页: 20 个需要处理
  📂 FZLTCHJW_0 → 中文字体/正文字
  📂 FZSZJW（方正手迹吴体） → 中文字体/装饰体
  📂 "这是一款将传统中文宋体与现代西文衬线体高度融合的开源字体。其最显著的结构特征是强烈的笔画粗细对比，横笔纤细，竖笔粗壮，笔画起笔与收笔处具有精致的装饰性顿角（衬线），赋予了字形明确的骨架与节奏感。中文字形方正，重心居中偏稳，字面率适中，中宫舒展，确保了 → 中文字体/标题字
  📂 方正兰亭基础黑 → 中文字体/正文字
  📂 "这是一款充满活力、笔触圆润的卡通风格字体。从结构上看，它属于无衬线体，所有笔画——包括起笔、收笔和转角——都经过了非常显著且统一的圆角处理，形成了类似“胶囊”或“软糖”般的饱满视觉效果。字体笔画粗细高度均匀，没有明显的粗细对比，结构饱满，字形比例适中，字面率较高，确保了在小尺寸下的清晰度。整体重心居中，字内空间开阔，使得排列时显得轻松、透气，不拥挤。在风格上，它完美诠释了童趣与友好，情感调性极为活泼、亲切、可爱，视觉上软萌而富有弹性，彻底消除了锐利几何感，带来一种轻松愉悦 → 中文字体/标题字
  📂 瑞物黑体 → 中文字体/正文字
  📂 方正黑体简体-粗 → 中文字体/衬线体
  📂 手写无衬线体 → 中文字体/手写体
  📂 方正至黑 → 中文字体/标题字
  📂 基于思源宋体的优雅衬线体 → 中文字体/衬线体
  📂 方正立特黑简体 → 中文字体/等线体
  ✓ 完成: 成功 16, 失败 0
  📄 第 18 页: 20 个需要处理
  📂 FZLSJW 书法韵无衬线体 → 中文字体/标题字
  📂 "这是一款视觉冲击力极强的现代装饰字体，其核心特征在于中文笔画所呈现的强烈刀刻感与英文几何断笔设计的结合。从结构上看，中英文 → 中文字体/装饰体
  📂 Geometric Sans Light → 中文字体/等线体
  📂 思源黑体 → 中文字体/装饰体
  📂 Framdit → 中文字体/装饰体
  📂 方正兰亭圆体 → 中文字体/正文字
  📂 Futura LT Book → 中文字体/正文字
  📂 方圆空心体 → 中文字体/装饰体
  📂 新宋风衬线体 → 中文字体/衬线体
  ✓ 完成: 成功 9, 失败 0
  📄 第 19 页: 20 个需要处理
  📂 Didot HTF B64 Bold Italic → 中文字体/衬线体
  📂 HarmonyOS Sans SC → 中文字体/正文字
  📂 DenglSans → 中文字体/等线体
  📂 Futura LT Medium → 中文字体/正文字
  📂 Courier Bold → 中文字体/等线体
  📂 笔刷手写体 → 中文字体/手写体
  📂 Corbelli（无衬线体版本） → 中文字体/衬线体
  📂 方正标雅宋（FZBWKSJW） → 中文字体/衬线体
  📂 "这是一款由微软设计、专为现代数字排版优化的无衬线粗体字体（Corbel Bold）。其最显著的特征在于，笔画整体呈现等宽均匀的几何感，但在所有转角和末端都采用了微妙的圆润化处理，如同温润的触感，巧妙中和了纯粹的锐利，赋予字体一种内敛的科技感和人文温度。 → 中文字体/正文字
  📂 Futura Medium Oblique → 中文字体/等线体
  📂 Futura Heavy → 中文字体/标题字
  📂 Constantia → 中文字体/衬线体
  ✓ 完成: 成功 13, 失败 0
  📄 第 20 页: 20 个需要处理
  📂 tmp - zyh1102-fonts-tmp - fonts-master - Futura LT Condensed Extra Bold Oblique → 中文字体/标题字
  📂 Futura LT Condensed Light → 中文字体/等线体
  📂 Ebrima → 中文字体/正文字
  📂 Futura风格几何无衬线字体 → 中文字体/标题字
  📂 Consolai → 中文字体/标题字
  📂 Framd → 中文字体/衬线体
  📂 Futura LT Bold Oblique → 中文字体/标题字
  📂 等线体（开源） → 中文字体/正文字
  📂 Comic Hand → 中文字体/手写体
  📂 tmp - zyh1102-fonts-tmp - fonts-master - Didot Italic → 中文字体/衬线体
  📂 Didot HTF M96 Medium Italic → 中文字体/标题字
  📂 Chaparral Pro Bold Italic → 中文字体/衬线体
  📂 Candara → 中文字体/正文字
  📂 Comicz → 中文字体/装饰体
  ✓ 完成: 成功 14, 失败 0
  📄 第 21 页: 20 个需要处理
  📂 Candara Bold → 中文字体/正文字
  📂 Didot HTF L24 Light Italic → 中文字体/衬线体
  📂 Didot Bold 与 宋体 (Songti) 混合 → 中文字体/衬线体
  📂 Dengxian Regular → 中文字体/正文字
  📂 Calibrili → 中文字体/正文字
  📂 "这是一款具有现代复古气息的等宽衬线字体。其结构核心在于严格的等宽设计，所有拉丁字母、数字及符号均占据相同宽度，字形比例略显修长。笔画在主要竖笔上保留了细微的粗细变化，起笔收笔及转角处均带有平直、锐利的矩形块状衬线装饰，赋予字体强烈的复古打字机质感。字重适中，重心平稳，字内空间因等宽约束而显得紧凑有序。情感调性上，它传递出清晰、可靠、有序的技术感与严谨的 → 中文字体/等线体
  📂 Couri Serif → 中文字体/衬线体
  📂 Cambria Italic → 中文字体/衬线体
  📂 Calibri → 中文字体/标题字
  📂 Corbell → 中文字体/等线体
  📂 Corbel → 中文字体/正文字
  📂 Corbel粗斜体 → 中文字体/等线体
  📂 Constan开源宋体 → 中文字体/标题字
  📂 Courbi → 中文字体/衬线体
  📂 Consolas Bold → 中文字体/等线体
  ✓ 完成: 成功 15, 失败 0
  📄 第 22 页: 20 个需要处理
  📂 "这是一款模拟手写笔触的无衬线体字体。其核心特征在于笔画形态自然流畅，带有明显且不均匀的粗细变化，尤其是在大写字母的竖笔和连接处，呈现出轻微的手写起伏感。字母的起笔、收笔和转角处均做了柔和圆润的处理，如字母‘g’的尾部和数字‘7’的转角，赋予了字体有机的生命感。字形比例标准，具有较高的x字高，确保了作为一款非正式字体仍具备良好的可读性。字重适中，重心稳定居中，字内空间开放，整体不显拥挤。情感调性非常友好、轻松、亲切，既保留了手写体的随意与温度，又通过规整的排列保持了清晰度，与几何无衬线体或过度潦草的艺术字体区别明显。非常适合用于需要传递温暖、活泼、休闲氛围的场景，如儿童产品界面、轻松的社交媒体帖子、休闲游戏、非正式邀请函、品牌吉祥物旁 → 中文字体/装饰体
  📂 Corbel Italic → 中文字体/等线体
  📂 ChekiangSung（浙江宋体） → 中文字体/衬线体
  📂 思源黑体 Regular (Source Han Sans CN Regular) → 中文字体/衬线体
  📂 AGaramond Pro Italic → 中文字体/衬线体
  📂 Constantia Constant Regular → 中文字体/衬线体
  📂 Chaparral Pro Light Italic → 中文字体/衬线体
  📂 Consolas → 中文字体/等线体
  📂 Comic Sans MS Bold → 中文字体/装饰体
  📂 Candaral → 中文字体/正文字
  📂 "这是一款融合古典韵味与现代锐利感的粗衬线标题字体。其最显著的结构特征是极端而优雅的笔画粗细对比：纤细的横笔与粗壮厚重的竖笔形成强烈视觉张力，起笔与收笔处干净利落。衬线部分为标志性的平直板状结构，尤其在字母底部形成稳固的水平基线，赋予字体权威与稳定感。字形整体比例偏修长，结构紧凑清晰，字怀（字内空间）开放适中。在风格上，它兼具传统衬线体的典雅正式与现代设计的简洁锐利，情感调性严肃、可靠、专业，同时透露出一种克制的力量感。因其极高的字重和强烈的视觉冲击力，它非常适合用于需要突出力量 → 中文字体/衬线体
  📂 Chaparral Pro Italic → 中文字体/衬线体
  📂 CharlemagneStd-Bold → 中文字体/衬线体
  📂 Candara → 中文字体/正文字
  📂 Cambria Bold → 中文字体/标题字
  📂 Candaraz → 中文字体/衬线体
  📂 Candarai → 中文字体/衬线体
  📂 Calibri Light → 中文字体/正文字
  📂 Cambria Bold Italic → 中文字体/衬线体
  ✓ 完成: 成功 19, 失败 0
  📄 第 23 页: 20 个需要处理
  📂 Calibri → 中文字体/等线体
  📂 Arial Italic → 中文字体/等线体
  📂 "这是一款经典且应用极其广泛的现代无衬线字体，其核心特征在于清晰、中性与高度的可读性。在结构上，Arial的笔画粗细均匀，转角处理利落平直，字形比例适中，重心居中，内部字怀空间开放，确保了文本在密集排列时的透气感与舒适度。作为一款人文主义无衬线字体，其笔画末端带有不易察觉的倾斜切口，而非纯粹的几何形状，这为它在专业冷静的基调中增添了一丝亲和力与温度。该字体设计风格现代、极简，情感调性专业而友好，视觉特征规整、舒展，是传递信息的可靠选择。它最适合作为网页、软件界面、办公文档及各类数字媒体的正文内容，凭借其卓越的屏幕渲染适配性和全球化的字符支持，成为科技、金融、教育、电商等多个行业通用设计的首选字体之一。无论是用于APP的交互界面、企业宣传册的正文 → 中文字体/标题字
  📂 思源黑体细体 → 中文字体/正文字
  📂 AGaramond Pro Bold Italic → 中文字体/衬线体
  📂 Calibri Italic → 中文字体/正文字
  📂 tmp - zyh1102-fonts-tmp - fonts-master - AdobeNaskh-Medium → 中文字体/衬线体
  📂 BrushScriptStd → 中文字体/装饰体
  📂 Bahnschrift → 中文字体/等线体
  📂 思源黑体 (Source Han Sans) → 中文字体/正文字
  📂 AdobeHebrew-Bold-Latin → 中文字体/标题字
  📂 AdobeFangsongStd-Regular → 中文字体/正文字
  📂 AGaramond Pro → 中文字体/衬线体
  📂 思源黑体 (Source Han Sans) → 中文字体/衬线体
  📂 现代几何无衬线体 → 中文字体/正文字
  ✓ 完成: 成功 15, 失败 0
  📄 第 24 页: 20 个需要处理
  📂 Adobe Devanagari Bold Italic → 中文字体/衬线体
  📂 Adobe Caslon Pro Semibold Italic → 中文字体/衬线体
  📂 Adobe Heiti Std Regular → 中文字体/正文字
  📂 ACaslon Pro Italic → 中文字体/衬线体
  📂 Adobe Hebrew Bold Italic → 中文字体/衬线体
  📂 Adobe Hebrew Italic → 中文字体/衬线体
  📂 tmp - zyh1102-fonts-tmp - fonts-master - 造字工房尚雅体演示版常规体 → 中文字体/衬线体
  📂 Adobe Devanagari 家族中的拉丁/中文字符集 → 中文字体/衬线体
  📂 "这是一款融合了传统与现代感的混合字体设计，英文部分展现出经典优雅的衬线风格，而中文部分则保持了清晰易读的无衬线特征。从英文字符分析，笔画粗细对比强烈，竖笔厚实，横笔纤细，字母末端带有明显的球形或发丝线衬线装饰，转角处理圆润流畅。整体字形修长，x字高适中，字面率较高，赋予文字饱满而清晰的视觉感受。字重属于粗体，笔画厚重有力，重心位置居中，结构稳定。其英文字符的古典衬线与中文 → 中文字体/标题字
  📂 Adobe Arabic Bold Italic → 中文字体/衬线体
  📂 "这是一款具有古典优雅气质的衬线斜体字体，专为拉丁字母设计。其最显著的特征是优美的斜体倾斜角度，赋予文字流畅的动感和书写韵律。笔画呈现出明显的粗细对比，垂直笔画较粗，而水平笔画及连接处则纤细锐利，尤其是在字母“O”、“S”、“C”等处表现突出。衬线 → 中文字体/装饰体
  📂 Adobe Caslon Pro Semibold → 中文字体/衬线体
  📂 Adobe Arabic（英文衬线体 + 中文黑体双风格） → 中文字体/衬线体
  📂 圆角无衬线正文体 → 中文字体/标题字
  📂 "这是一款基于18世纪英国字体设计大师威廉·卡斯隆作品的现代化诠释，拥有经典而优雅的衬线结构。其笔画呈现典型的横细竖粗对比，赋予字体强烈的节奏感 → 中文字体/衬线体
  📂 逐浪花体 → 中文字体/装饰体
  ✓ 完成: 成功 16, 失败 0
  📄 第 25 页: 20 个需要处理
  📂 AdobeArabic-Bold → 中文字体/衬线体
  📂 几何友好体 → 中文字体/正文字
  📂 tmp - zyh1102-fonts-tmp - fonts-master - 造字工房朗宋（非商用）常规体 → 中文字体/衬线体
  📂 tmp - zyh1102-fonts-tmp - fonts-master - 造字工房凌黑 → 中文字体/等线体
  📂 几何黑体简体 → 中文字体/正文字
  📂 由纪叶太楷书体 → 中文字体/手写体
  📂 思源黑体 (Source Han Sans) → 中文字体/正文字
  📂 现代几何无衬线体 → 中文字体/正文字
  📂 锐字工房卡布奇诺常规简 → 中文字体/标题字
  📂 ACaslon Pro Bold Italic → 中文字体/衬线体
  ✓ 完成: 成功 10, 失败 0
  📄 第 26 页: 20 个需要处理
  📂 tmp - zyh1102-fonts-tmp - fonts-master - 迷你简菱心 → 中文字体/正文字
  📂 旗黑等线体 → 中文字体/等线体
  📂 tmp - zyh1102-fonts-tmp - fonts-master - 苹方-简 细体 → 中文字体/正文字
  📂 兰亭细黑 GBK → 中文字体/正文字
  📂 优设正文黑 → 中文字体/正文字
  📂 思源黑体 → 中文字体/正文字
  📂 "这是一款以手绘涂鸦为核心特征的装饰性字体，其最大亮点在于将生动有趣的手绘图案（如帽子、星星、云朵、动物、植物等）巧妙地“附着”或“融入”字符的特定笔画之上，形成了‘顶饰’或‘旁饰’的视觉趣味。从结构上看，字体的基础笔画非常粗壮、均匀，呈现典型的无衬线体特征，转角处理圆润流畅，字形整体方正饱满，字面率高，确保了即便在复杂装饰下也具备良好的识别性。其设计风格充满童趣、随性与手作感，情感调性极为活泼、友好、亲切且富有想象力。视觉上，字体因每个字符都带有一个或多个独特的手绘小图标而显得细节丰富、紧凑可爱。这款字体最适合用于需要强烈吸引注意力、营造轻松愉快氛围的场景，例如儿童产品（玩具、文具、服装）设计、社交媒体表情包与趣味配文、创意海报标题、个性鲜明的品牌Logo、 → 中文字体/装饰体
  📂 悠然体 → 中文字体/正文字
  📂 汉鼎简大黑 → 中文字体/正文字
  📂 思源黑体 / Noto Sans CJK → 中文字体/正文字
  📂 方正正准黑简体 → 中文字体/正文字
  📂 MiSans Mono → 中文字体/等线体
  ✓ 完成: 成功 12, 失败 0
  📄 第 27 页: 20 个需要处理
  📂 思源黑体 → 中文字体/正文字
  📂 几何细圆 → 中文字体/正文字
  📂 方正兰亭黑 → 中文字体/等线体
  📂 清刻本悦宋 → 中文字体/衬线体
  📂 tmp - zyh1102-fonts-tmp - fonts-master - 方正品尚准黑 → 中文字体/正文字
  📂 方正品尚细黑简体 → 中文字体/正文字
  📂 方正兰亭黑 → 中文字体/等线体
  📂 小米无衬线 → 中文字体/正文字
  📂 方正兰亭黑 → 中文字体/正文字
  📂 思源黑体/Source Han Sans → 中文字体/正文字
  📂 需要更新时填新名称，保留原值时填空字符串 → 中文字体/正文字
  📂 方正兰亭细黑_GBK → 中文字体/正文字
  📂 方正像素14 → 中文字体/像素体
  📂 方正兰亭纤黑简体 → 中文字体/标题字
  ✓ 完成: 成功 14, 失败 0
  📄 第 28 页: 20 个需要处理
  📂 方正兰亭刊黑 → 中文字体/正文字
  📂 思源黑体 Regular → 中文字体/正文字
  📂 未知字体（预览图与文件名不符） → 中文字体/正文字
  📂 方正兰亭黑 → 中文字体/正文字
  📂 tmp - zyh1102-fonts-tmp - fonts-master - 方正兰亭黑扁 → 中文字体/正文字
  📂 方正兰亭纤黑 → 中文字体/正文字
  📂 方正剪纸体 → 中文字体/装饰体
  📂 方正等线体 → 中文字体/正文字
  📂 方正胖娃简体 → 中文字体/装饰体
  📂 方正大草简体（毛泽东书法字体） → 中文字体/装饰体
  📂 Geometric Sans-Serif → 中文字体/正文字
  📂 方正基础像素 → 中文字体/像素体
  ✓ 完成: 成功 14, 失败 0
  📄 第 29 页: 20 个需要处理
  📂 "这是一款极致简洁、充满现代人文气息的无衬线黑体中文字体。从结构分析，字体笔画粗细高度均匀，呈现出中等偏细的视觉重量。起笔与收笔处理极为干净利落，没有任何多余的装饰。所有转角处均经过温和的圆润化处理，消除了生硬的直角，形成了流畅的视觉引导。字形比例方正稳定，x字高较高，字面率适中，保证了良好的识别度。重心位置稳定居中，字 → 中文字体/正文字
  📂 Twentieth Century MT → 中文字体/正文字
  📂 "这是一款融合仿宋骨架与楷书笔意的古典衬线字体。其结构特征鲜明：英文部分呈现高对比衬线特征 → 中文字体/衬线体
  📂 "这是一款严格按照GB2312国标字形规范设计的经典楷体字体。从结构上看，它完美体现了楷书的精髓，笔画具有典型的横细竖粗特征，起笔、收笔和转折处保留了顿笔、钩画和清晰的装饰角，细节处理一丝不苟。其字形方正，重心平稳居中，x字高适中，字面率较高，字内空间（字怀）开放，确保了优秀的易读性和识别度。字重介于常规与中粗之间，既不过 → 中文字体/正文字
  📂 无界线 → 中文字体/正文字
  📂 黑体简 → 中文字体/等线体
  📂 几何无衬线体 → 中文字体/等线体
  📂 思源黑体 → 中文字体/标题字
  📂 等线宽黑体 → 中文字体/等线体
  📂 几何等线体 → 中文字体/等线体
  📂 思源黑体细节版 → 中文字体/正文字
  📂 华文宋体 → 中文字体/标题字
  📂 GWEI Geometric Sans → 中文字体/正文字
  ✓ 完成: 成功 14, 失败 0
  📄 第 30 页: 20 个需要处理
  📂 锐线黑 → 中文字体/正文字
  📂 GT-流水黑体 → 中文字体/正文字
  📂 Geometric Modern Sans → 中文字体/正文字
  📂 黑体-现代简 → 中文字体/正文字
  📂 方正清晰等线 → 中文字体/正文字
  📂 思源黑体 等宽变体 → 中文字体/等线体
  📂 Geometric Open Sans → 中文字体/正文字
  📂 清朗黑体 → 中文字体/等线体
  📂 Gothic I → 中文字体/装饰体
  📂 GPOP03E → 中文字体/正文字
  📂 哥特体（GOTHICE） → 中文字体/哥特体
  📂 几何人文无衬线体 → 中文字体/正文字
  📂 等宽等线体GMIN00H → 中文字体/等线体
  📂 "这是一款现代感极强的几何无衬线字体，其最核心的特征在于笔画粗细高度均匀，近乎等线，呈现出一种冷静、精确的工业美学。字体结构非常严谨，所有字母的转角（如‘a’的下部弧线与竖笔衔接处）都处理得极为干净利落，几乎没有曲线过渡，呈现出硬朗的直线切割感。字母‘O’接近正圆，‘M’和‘W’的内部顶点尖锐如几何折角，整体字形方正紧凑，小写字母的x字高较高，保证了良好的可读性。字面率适中，重心稳定居 → 中文字体/正文字
  📂 GMHE圆润体 → 中文字体/正文字
  📂 几何无衬线体 → 中文字体/正文字
  📂 GHEI 无衬线体 → 中文字体/正文字
  📂 Modern Geometric Sans SC → 中文字体/正文字
  📂 GOTHICB → 中文字体/等线体
  ✓ 完成: 成功 20, 失败 0
  📄 第 31 页: 20 个需要处理
  📂 现代几何等线体 → 中文字体/等线体
  📂 GGTR00U等宽科技体 → 中文字体/等线体
  📂 "这是一款极致规整、高度标准化的现代等宽无衬线字体，其核心特征在于笔画粗细的绝对均匀与字符结构的严格统一。从预览图可以清晰看到，无论是英文字母、数字还是中文字符，其笔画均呈现单一的线条感，无任何粗细变化，起收笔简洁干练，转角处理干净利落，呈现出强烈的几何感与模块化特征。字体的字形方正，比例严谨，字内空间分布均匀且开放，确保了极高的识别度和清晰的排版对齐效果。其设计风格是典型的极简与理性主义，情感调性冷静、专业、不带个人色彩，完全服务于信息的清晰传达。这款等宽字体特别适合需要精确对齐和高可靠性的场景，如代码编辑器、技术文档、CAD工程制图以及追求严谨秩序的UI界面设计，是科技、工程、编程 → 中文字体/等线体
  📂 GCHW00U 等线无衬线体 → 中文字体/等线体
  📂 Cortoba (CAD字体库命名: GARR46) → 中文字体/衬线体
  📂 GARR66 → 中文字体/衬线体
  📂 Garamond-like → 中文字体/衬线体
  📂 GARAIT → 中文字体/衬线体
  📂 "这是一款基于几何化线条构建的现代极简无衬线字体，整体呈现出高度理性与功能性的视觉特质。其核心结构特征为笔画粗细高度均匀，几乎无任何粗细变化，起笔、收笔与转角均处理为干净的直角或硬朗的切线，摒弃了所有圆角与装饰性元素。字形比例偏窄长，x字高适中，这赋予了字体一定的纵向伸展感。其重心稳定，字怀（字内空间）开阔均匀，确保了即使在小字号下也具有极高的辨识度。英文大写字母与数字（如0-9）的高大处理尤为突出，强化了其技术与工程属性。这款字体在情感调性上显得冷静、专业且高效，特别适合需要传递精确、严谨信息的场景。它非常适合作为技术文档、数据报表、产品说明书、UI界面（尤其是工具类应用）、工程图纸标注以及科技类网站的正文排版字体，是 → 中文字体/等线体
  📂 方正大线条简体 → 中文字体/标题字
  📂 FZXH1FW（方正黑体简体） → 中文字体/等线体
  📂 CAD等宽无衬线体 → 中文字体/等线体
  📂 几何无衬线体（FZTJLSJW） → 中文字体/等线体
  📂 FZ圆角楷融 → 中文字体/装饰体
  📂 宋体国标 → 中文字体/衬线体
  ✓ 完成: 成功 16, 失败 0
  📄 第 32 页: 20 个需要处理
  📂 "这是一款专为CAD及工程制图场景设计的衬线体字体，兼具工具性与装饰性。英文部分呈现典型的现代衬线体（Modern Serif）特征，笔画粗细对比极其强烈——竖笔厚重饱满 → 中文字体/衬线体
  📂 "这是一款极具亲和力与俏皮感的无衬线体字体。其核心特征在于均匀笔画的末端与转角处，融入了圆润饱满、类似水滴或小圆点的装饰元素，这一设计在大小写Y、数字4及部分中文笔画的末梢尤为明显，赋予了字体独特的生命活力。字形比例适中，视觉重心稳定，x字高合理，确保了良好的易读性。整体风格轻松 → 中文字体/装饰体
  📂 FZK 楷宋混排 → 中文字体/标题字
  📂 FZMHJW CAD工程字体 → 中文字体/等线体
  📂 FZHPJW (CAD双线装饰体) → 中文字体/装饰体
  📂 DIN Rounded → 中文字体/正文字
  📂 FZHTJW → 中文字体/等线体
  📂 方正仿宋简体 CAD → 中文字体/标题字
  📂 几何匀线体 → 中文字体/衬线体
  📂 方正大宋报宋（FZDBSJW） → 中文字体/衬线体
  📂 圆角无衬线体 → 中文字体/等线体
  📂 均匀几何无衬线体（含中文） → 中文字体/正文字
  📂 Geometrica → 中文字体/衬线体
  📂 "这是一款极具传统印刷美感的宋体/仿宋风格衬线字体，其最核心的结构特征是夸张的笔画粗细对比：竖笔异常粗壮有力，横笔则纤细如发丝，形成了强烈的视觉节奏。字形比例高挑修长，结构严谨端庄，字重偏中等，重心居中，字内空间开放。风格上散发着浓厚的古典、正式与典雅气质，情感调性严肃、稳重且富有文化底蕴。视觉特征上锐利清晰，笔画独立，起笔收笔及转角处带有精致的微小顿角装饰。这款字体非常适合需要体现传统权威感与精致美学的场景，是书籍正文、学术论文、政府公文、经典文学排版 → 中文字体/衬线体
  📂 平直衬线等宽体 → 中文字体/等线体
  ✓ 完成: 成功 15, 失败 0
  📄 第 33 页: 20 个需要处理
  📂 DUTCHB → 中文字体/衬线体
  📂 EURR → 中文字体/衬线体
  📂 "这是一款现代感十足、几何构型严格的无衬线字体。其笔画粗细高度均匀，横平竖直，转角处处理为干净利落的直角或精确的圆弧，没有任何多余的装饰或衬线。字形比例方正稳重，x字高适中，字重中等，整体重心平稳，内部空间开阔均衡，带来了极佳的清晰度和易读性。风格上，它融合了包豪斯的理性主义与当代极简设计，情感调性冷静、客观且友好，视觉特征圆润与锐利并存——如字母“O”的完美圆形与“M”尖锐的外角形成对比。独特之处在于其严格的几何构型（如圆形、直线）、字母“G”的特殊横杠处理，以及为适应中文而 → 中文字体/正文字
  📂 锋锐衬线与现代黑体混合体 → 中文字体/正文字
  📂 "这是一款兼具现代感与人文温度的无衬线黑体字体，其设计在严谨的几何骨架上融入了精妙的圆角处理，展现出独特的视觉气质。从结构上看，字体笔画粗细均匀一致，横竖笔画的粗细关系极为接近，形成了稳定的视觉重量。其最显著的特征在于所有笔画的转角处都采用了明显的圆弧过渡，而非尖锐的直角，这使得字体在保持规整秩序的同时，流露出一种温和、友善的情感。拉丁字母的x字高较高，字内空间（字怀）开放，极大地提升了文本的可读性和屏幕阅读的舒适度。中文部分同样继承了这一特点，字形方正饱满，重心居中稳定，笔画处理简洁利落。整体风格理性、专业、现代，情感调性中性而可靠，既适合作为清晰传递信息的正文字体，也 → 中文字体/正文字
  📂 现代均匀体（或：细黑体） → 中文字体/正文字
  📂 DIN Pro → 中文字体/正文字
  📂 几何等线体 → 中文字体/正文字
  📂 几何无衬线体 → 中文字体/正文字
  📂 几何无衬线中粗体 → 中文字体/等线体
  📂 COURBD → 中文字体/标题字
  📂 Courier → 中文字体/等线体
  📂 CAD等线黑体（COUR45） → 中文字体/等线体
  📂 Geometric Sans Serif Regular → 中文字体/正文字
  📂 Comic BD → 中文字体/装饰体
  📂 Countryside → 中文字体/手写体
  📂 COPRGTB → 中文字体/等线体
  📂 Bodoni Moda / 现代衬线体 → 中文字体/衬线体
  ✓ 完成: 成功 18, 失败 0
  📄 第 34 页: 20 个需要处理
  📂 细语倾斜体 → 中文字体/手写体
  📂 CNTR46W → 中文字体/正文字
  📂 典雅宋体混排 → 中文字体/衬线体
  📂 "这是一款极具优雅气质的经典高对比度斜体衬线字体。其最显著的结构特征是笔画拥有极端的粗细对比，纤细如发丝的横笔与强劲的主笔形成戏剧性张力，起笔收笔处带有精致的喇叭口装饰，衬线呈现柔和而自然的弧线。字形比例适中，x字高较高，使得文本在保持古典风韵的同时具备良好的辨识度。整体重心平稳，字内空间开放。风格上，它散发着古典、正式且精致的情感调性，倾斜的体态为字体注入了一丝动态与流畅感，视觉上锐利而优雅。特别适合用于需要 → 中文字体/衬线体
  📂 CGOR66无衬线等线体 → 中文字体/等线体
  📂 思源黑体/Source Han Sans (基于视觉推断) → 中文字体/正文字
  📂 无衬线几何直角体 → 中文字体/正文字
  📂 "这是一款非常标准的无衬线黑体字，是中文数字排版中最具代表性和国民度的字体之一。其核心特征在于笔画粗细高度均匀，几乎没有任何明显的粗细变化，视觉效果非常平直、稳定。起笔与收笔处均为平直切线，转角处理利落，部分笔画交接处（如‘T’的横竖）略显锐利，而非柔和的圆角。字形结构方正、中宫略微收紧，重心平稳居中，字怀（字内空间）开放适中，确保了极佳的识别度和清晰度。整体字重属于常规范畴，不轻不重，兼顾了正文阅读的舒适性与一定的视觉分量。其设计风格是经典的现代极简主义，情感调性中性、专业、严肃且可靠。因其无可挑剔的清晰度和广泛的系统支持，它是各类屏幕显示和印刷 → 中文字体/正文字
  📂 "这是一款由Adobe和Google联合开发的现代、中性、高度通用的无衬线（黑体）字体——思源黑体（Source Han Sans / Noto Sans CJK）Regular字重。从结构上看，其笔画粗细均匀，没有明显的衬线装饰，字形结构严谨且几何感强，例如英文字母的x字高较大，小写字母如 → 中文字体/正文字
  📂 Geometric Sans → 中文字体/正文字
  📂 Bookman Old Style Bold Italic → 韩文字体/衬线体
  📂 Modern Sans → 中文字体/等线体
  📂 "这是一款基于几何构造的现代无衬线字体。其结构特征显著，笔画粗细高度均匀，无衬线，起笔与收笔干净利落，转角处理规整，整体呈现强烈的几何感与秩序感。字形比例方正匀称，具有较高的x字高和适中的字面率，确保了优秀的文本可读性。字重为常规至中粗，重心稳定居中，字怀（字内空间）开放通透，增强了字体的清晰度和现代感。该字体设计风格极简、理性，情感调性专业、可靠且不失亲和力，视觉上传 → 中文字体/正文字
  📂 Avenir Next LT Pro → 中文字体/正文字
  📂 BGOTHM → 中文字体/等线体
  ✓ 完成: 成功 16, 失败 0
  📄 第 35 页: 20 个需要处理
  📂 Arial Narrow Bold → 中文字体/等线体
  📂 ARIR65 (现代无衬线等宽体) → 中文字体/等线体
  📂 "该字体为一款典型的无衬线体（Sans-serif）。其英文字母结构极为简洁规整，笔画粗细完全均匀，起笔与收笔均为平直切口，无任何装饰性衬线或笔画变化，转角处理以锐利的直角为主。字形比例偏中性，x字高适中。中文字体采用黑体风格，与英文部分的风格高度统一，笔画横平竖直，结构方正，布白均匀。整体设计风格现代、极简且高度理性，情感调性上呈现出冷静、严肃、客观和科技感的特质。作为AutoCAD等工程绘图软件中常用于填充图案 → 中文字体/标题字
  📂 Aris Sans → 中文字体/正文字
  📂 无衬线几何等宽体 → 中文字体/正文字
  📂 ANTR45W → 中文字体/衬线体
  📂 ALBR56W → 中文字体/标题字
  📂 ANTIQUABI → 中文字体/衬线体
  📂 "这是一款模拟粗笔刷或马克笔手写效果的无衬线字体，具有强烈的手工感和视觉张力。其核心特征在于笔画粗细对比极为强烈：主笔画厚重饱满，而一些连接或收尾笔画则突然收细，形成鲜明的节奏感。字母结构修长，重心居中，字形比例不完全统一，部分字母（如Z、Q）的倾斜与拉长处理增加了动感与随意性。转角处兼具锐利与微圆的混合质感，起笔收笔干脆利落，仿佛一挥而就。字体整体风格现代、随性、充满活力，情感调性活泼且富有艺术表现力，带有一种不拘一格的自由气息。非常适合用于需要突出个性、创意与手工温度的设计场景，如潮流品牌的Logo、艺术展览海报、咖啡馆菜单标题、社交媒体创意配图、文创产品包装以及运动相关的视觉设计。作为一款适合XX场景的创意字体， → 中文字体/标题字
  📂 雅宋韵 → 中文字体/装饰体
  📂 Helvetica → 中文字体/等线体
  📂 范笑歌行楷手写体 → 中文字体/手写体
  📂 J016-樱花 → 中文字体/手写体
  ✓ 完成: 成功 14, 失败 0
  📄 第 36 页: 20 个需要处理
  📂 悠然手写体 → 中文字体/手写体
  📂 孙过庭书谱体 → 中文字体/手写体
  📂 腾祥相思繁体 → 中文字体/装饰体
  📂 黄彦文手写体 → 中文字体/手写体
  📂 简娃娃篆 → 中文字体/装饰体
  📂 汉仪星宇体简 → 中文字体/装饰体
  📂 隼風侍郎 (J018-隼風) → 中文字体/手写体
  📂 HYRunYuan-65W → 中文字体/正文字
  📂 中山行书百年纪念版 → 中文字体/手写体
  📂 "这是一款经典的GB2312标准中文衬线字体，其核心特征在于融合了宋体的骨架与楷书的笔意，是数字排版领域仿宋体的标杆之作。中文字符结构严谨，笔画横细竖粗，对比分明，且起笔收笔处带有明显的尖锋处理，赋予了字体特有的锐利感和书卷气。西文部分为标准衬线体，具备清晰的笔画粗细对比、优雅的衬线末端以及较高的x字高，呈现出经典、规整的印刷品质感。字重为常规，重心居中，字怀适中，整体视觉效果清晰、挺拔且高度规范。其风格古典、正式、优雅，适合政府公文、学术论文、法律文书 → 中文字体/衬线体
  📂 现代匀体无衬线字体 → 中文字体/等线体
  📂 浮生未歇无衬线体 → 中文字体/正文字
  📂 仿宋_GB2312 → 中文字体/衬线体
  📂 简黑无衬线体 → 中文字体/正文字
  📂 思源黑体 几何无衬线 → 中文字体/正文字
  📂 黑体52 - 现代等线技术体 → 中文字体/等线体
  📂 "这是一款具有现代几何感的等线体（无衬线体）字体。其最显著的结构特征在于笔画宽度的高度均匀，几乎没有任何粗细变化，展现出强烈的理性与秩序感。英文部分字形修长，字母如‘O’呈现为完美的圆形，转角处理锐利而精确，没有任何装饰性末端。中文字符笔画平直，结构方正匀称，与西文风格高度统一。整体视觉呈现冷静、专业的气质，带有明显的科技感与极简主义倾向。字体字怀开放，清晰易读，适合 → 中文字体/衬线体
  📂 几何无衬线体 → 中文字体/装饰体
  ✓ 完成: 成功 18, 失败 0
  📄 第 37 页: 20 个需要处理
  📂 几何无衬线 Regular → 中文字体/正文字
  📂 几何圆角体 → 中文字体/正文字
  📂 几何匀线体 → 中文字体/正文字
  📂 迷你简柏青 → 中文字体/衬线体
  📂 Modern Sans Pro (现代无衬线专业体) → 中文字体/正文字
  📂 思源黑体简 → 中文字体/正文字
  📂 圆润无衬线字体 → 中文字体/正文字
  📂 圆转黑体 → 中文字体/正文字
  📂 几何无衬线体 → 中文字体/正文字
  📂 几何无衬线体-现代等宽 → 中文字体/衬线体
  📂 毛泽东字体 → 中文字体/装饰体
  📂 CAD Sans → 中文字体/等线体
  📂 简悦手写体 → 中文字体/手写体
  📂 GT_KT细等线体 → 中文字体/正文字
  📂 "这是一款具有强烈几何构成感和极简美学的无衬线中文字体。其结构特征极为鲜明：所有笔画，无论是横、竖还是撇、捺，其粗细均保持高度一致，几乎消除了传统书写的粗细变化，呈现出高度的理性与规整感。英文字母部分，特别是圆形字母如‘o’、‘e’，以及三角形字母如‘A’、‘M’，均被提炼为最简洁的几何形状，线条利落，转角锐利，没有任何多余的装饰或衬线。中文字形结构均衡，笔画分布均匀，字面率较高，确保了在中等字号下依然清晰可读。字体的重心居中，字内空间开放、通透， → 中文字体/正文字
  📂 Geometric Cut Sans → 中文字体/标题字
  📂 锐角等线体 → 中文字体/等线体
  📂 章草 → 中文字体/装饰体
  ✓ 完成: 成功 18, 失败 0
  📄 第 38 页: 20 个需要处理
  📂 文悦古典明朝体 → 中文字体/衬线体
  📂 "这是一款将几何纯粹性发挥到极致的无衬线字体。其最核心的结构特征是**所有笔画保持绝对均匀的粗细**，呈现出严谨的“等线”质感，起笔与收笔均为平直的切断，毫无装饰。字形比例极为方正，大写字母宽高比接近1:1，小写字母的x字高适中，字面率高，确保了极佳的清晰度。字母‘O’、‘C’、‘Q’的轮廓几乎是完美的正圆形，而所有直线笔画与曲线、转角 → 中文字体/正文字
  📂 几何黑体 Regular → 中文字体/正文字
  📂 思源黑体 (Noto Sans) → 中文字体/正文字
  📂 Hellenic Ethos Ultra Light → 中文字体/装饰体
  📂 思源极简 → 中文字体/等线体
  📂 哥特无衬线双体 → 中文字体/标题字
  📂 书体坊赵九江钢笔行书 → 中文字体/手写体
  📂 "这是一款现代感极强的几何无衬线字体，其最核心的特征在于笔画粗细的绝对均匀。从预览图中可以清晰看到，无论是大写的英文字母、小写字母还是中文字符，其所有笔画的粗细几乎保持一致，没有任何刻意的粗细对比或装饰性变化。字体的转角处理极其利落，呈现出纯粹的几何切割感，起笔与收笔干脆平直，没有多余的笔锋或弧度。字形比例略显修长，尤其是大写字母与数字部分，赋予字体一种挺拔、利落的视觉印象。字重适中，重心稳定居中，中宫开阔，字内空间均匀开放，这使得该字体在从大标题到小号正文的多种尺寸下都能保持极佳的可读性与清晰度。风格上，它属于极致的现代主义与极简主义，情感调性理性、冷静、充满秩序感与科技感，视觉特征干净、利落、方正且带有几何美感。这款字体非常适合用于追求绝对清晰度与现代科技感的场景，例如科技产品的UI界面、APP内容排版、网页正文、电子书、教育类课件、金融或医疗行业的报告与数据可视化，以及任何需要高度可读性和专业、严谨视觉形象的设计项目， → 中文字体/衬线体
  📂 GOTHICI → 中文字体/衬线体
  📂 GothicG → 中文字体/哥特体
  📂 几何等宽无衬线体 → 中文字体/等线体
  📂 几何无衬线体（Geometric Sans） → 中文字体/等线体
  📂 Gothic Sans SC → 中文字体/正文字
  📂 "这是一款现代人文无衬线字体，其核心特征在于笔画粗细存在微妙而克制的变化，兼具几何的规整与人文的柔和。英文部分，字母形态开阔，x字高适中，笔画的起笔和收笔处有轻微的粗细过渡，增强了可读性和友好感。中文部分结构严谨，横平竖直，但 → 中文字体/标题字
  📂 Consolas → 中文字体/等线体
  ✓ 完成: 成功 17, 失败 0
  📄 第 39 页: 20 个需要处理
  📂 行楷无衬线双语体 → 中文字体/手写体
  📂 GHEI01H → 中文字体/正文字
  📂 Glow Gothic → 中文字体/正文字
  📂 向佳红毛笔行书 → 中文字体/装饰体
  📂 Geometric Sans 通用无衬线体 → 中文字体/标题字
  📂 Rounded Geometric Sans → 中文字体/正文字
  📂 几何圆润无衬线体 → 中文字体/正文字
  📂 CAD单线等宽字体 → 中文字体/等线体
  📂 蔡云汉行楷 → 中文字体/标题字
  📂 GARR65 → 中文字体/衬线体
  📂 醉生梦死-米芾体 → 中文字体/手写体
  📂 GARR45 → 中文字体/正文字
  📂 加里福尼亚衬线 → 中文字体/衬线体
  📂 方正风雅宋 → 中文字体/装饰体
  📂 罗西钢笔行楷 → 中文字体/手写体
  📂 GARABD → 中文字体/衬线体
  📂 均匀无衬线等线体 → 中文字体/等线体
  ✓ 完成: 成功 17, 失败 0
  📄 第 40 页: 20 个需要处理
  📂 MiSans几何体 → 中文字体/正文字
  📂 几何无衬线等线体 → 中文字体/正文字
  📂 CAD字体库（填充图案）- FZXH1JW → 中文字体/等线体
  📂 方正中黑简体 → 中文字体/正文字
  📂 方正大标宋 → 中文字体/标题字
  📂 FZWBFW衬线体 → 中文字体/标题字
  📂 FZXJW (方正简中无衬线等线体) → 中文字体/等线体
  📂 几何圆润无衬线体 → 中文字体/等线体
  📂 锐宋 (RuiSong) → 中文字体/衬线体
  📂 一代宗师 → 中文字体/手写体
  📂 "这是一款根植于中国传统毛笔草书艺术，并融入现代字体设计理念的优雅手写体。其结构特征鲜明：笔画粗细对比强烈，完美再现了毛笔书写时的提按顿挫与自然节奏；转角处理圆润流畅，毫无生硬感；字形在保持草书连贯性的同时，对中文字形进行了适度规范化，使其在保持艺术感的同时具备良好的识别性。整体字重中等偏粗，视觉重心稳定，字内空间开阔疏朗，赋予字体一种洒脱、大气的气质。设计风格古典而雅致，情感调 → 中文字体/标题字
  📂 FZSerif-CN → 中文字体/衬线体
  📂 详情页字体预览 - 部分中文字体预览图 - 无怨无悔 - c259-书体坊兰亭体I → 中文字体/手写体
  📂 汉仪跳跳体简 → 中文字体/装饰体
  📂 方正方角等宽体 → 中文字体/等线体
  📂 方正隶书简体 → 中文字体/等线体
  ✓ 完成: 成功 17, 失败 0
  📄 第 41 页: 20 个需要处理
  📂 书体坊赵九江钢笔行书 → 中文字体/手写体
  📂 圆润无衬线体-黑 → 中文字体/正文字
  📂 锐线几何体 → 中文字体/装饰体
  📂 FZL2JW（基于几何无衬线特征） → 中文字体/正文字
  📂 仿宋类衬线体 → 中文字体/衬线体
  📂 魚石行書 → 中文字体/标题字
  📂 华丽装饰衬线体 → 中文字体/装饰体
  📂 几何楷体 → 中文字体/等线体
  📂 FZHTFW → 中文字体/正文字
  📂 沙孟海行书体 → 中文字体/手写体
  📂 FZFSFW → 中文字体/等线体
  📂 字酷堂清楷体 → 中文字体/衬线体
  📂 日文毛笔 → 中文字体/正文字
  📂 现代优雅衬线体 → 中文字体/标题字
  📂 方正兰亭黑 → 中文字体/正文字
  📂 华文中宋 (STZhongsong) / 方正粗宋体 (FZCuSong) → 中文字体/衬线体
  ✓ 完成: 成功 16, 失败 0
  📄 第 42 页: 20 个需要处理
  📂 FZCYFW → 中文字体/等线体
  📂 蒙納喜宴體簡 → 中文字体/手写体
  📂 默陌黑体 → 中文字体/正文字
  📂 方正中等线体 → 中文字体/正文字
  📂 仿宋_GBK → 中文字体/衬线体
  📂 FTB等线体（CAD风格） → 中文字体/等线体
  📂 田英章毛笔楷书 → 中文字体/手写体
  📂 详情页字体预览 - 部分中文字体预览图 - 浪漫爱情 - 蔡云汉繁体行书书法字体 → 中文字体/手写体
  📂 禹卫书法行书繁体 → 中文字体/手写体
  📂 DUTCHI → 中文字体/衬线体
  📂 Dutch Bi Serif → 中文字体/衬线体
  📂 金梅圆 → 中文字体/等线体
  📂 欧太楷体 细 → 中文字体/正文字
  📂 DUTCH → 中文字体/衬线体
  📂 DOUR45 无衬线工程字体 → 中文字体/等线体
  📂 几何人文无衬线 → 中文字体/正文字
  📂 思源黑体 (Source Han Sans / Noto Sans CJK) Regular → 中文字体/标题字
  ✓ 完成: 成功 17, 失败 0
  📄 第 43 页: 20 个需要处理
  📂 "这是一款源自唐代书法家颜真卿楷书风格的数字化字体。其结构特征鲜明，笔画丰腴雄 → 中文字体/手写体
  📂 "DFTT-K5是一款将几何无衬线骨架与全局圆润转角巧妙融合的现代中文字体。其笔画线条均匀纤细，粗细一致，起笔收笔干脆利落，无任何装饰性末端。字形结构严谨，采用标准的中性比例，x字高适中，字面率均衡，整体重心平稳居中。最独特的特征在于，所有笔画转角处，无论是西文如C、S、Q的弧线，还是汉字中‘口’、‘国’等字的折角，都处理得 → 中文字体/正文字
  📂 DFTT-B7 Geometric Blend → 中文字体/标题字
  📂 汉仪全唐诗繁 → 中文字体/衬线体
  📂 DF几何无衬线体 → 中文字体/等线体
  📂 几何无衬线体 → 中文字体/正文字
  📂 圆润几何无衬线体 → 中文字体/正文字
  📂 有泽行书 → 中文字体/手写体
  📂 超世纪细毛楷 → 中文字体/衬线体
  📂 等宽极细黑体 → 中文字体/等线体
  📂 几何无衬线中英文等宽体 → 中文字体/标题字
  📂 Courier CAD → 中文字体/衬线体
  📂 稚拙手写衬线 → 中文字体/装饰体
  📂 现代等宽无衬线体 → 中文字体/标题字
  📂 "这是一款经典、正式且具有鲜明铜版印刷风格的衬线字体，其最核心的视觉冲击力源于极端且清晰的笔画粗细对比：垂直笔画粗壮有力，而水平笔画、连接处及衬线则处理得极为纤细优雅。字形比例整体偏宽，结构舒展大气，赋予文本沉稳而不局促的节奏感。其衬线造型尤为独特，呈现为锐利、精致的直线尖角，而非传统的弧形或粗衬线，转角处理干净利落，带有强烈的古典雕版印刷韵味。字重偏粗，重心平稳适中，字内空间（字怀）开阔，确保了即便在复杂排版中也具备良好的可读性。整体风格散发着权威、高端、专业和精致的气息，非常适合用于需要传达历史感、信任感或奢华感的严肃场景，例如学术出版物、金融报告、法律文书、经典书籍排版、高端品牌Logo、正式邀请函与证书设计。在现代应用中，它也是时尚杂志标题、奢侈品包装、品牌VI系统 → 中文字体/衬线体
  📂 Comic Sans MS → 中文字体/装饰体
  ✓ 完成: 成功 20, 失败 0
  📄 第 44 页: 20 个需要处理
  📂 COMPI → 中文字体/正文字
  📂 现代几何无衬线体 → 中文字体/正文字
  📂 Cormorant Garamond → 中文字体/装饰体
  📂 CNTR65W → 中文字体/等线体
  📂 CNTR45W Sans → 中文字体/等线体
  📂 "这是一款现代感十足的无衬线字体，其设计在几何结构与圆润细节之间取得了出色的平衡。字体笔画粗细均匀一致，没有明显的对比变化，字形结构清晰、严谨，字面率适中，既不过分舒展也不显拥挤，确保了极佳的易读性。最显著的特征在于其笔画末端和转角处均采用了光滑的圆形或弧形处理，例如字母“g”的收笔、“j”和“y”的尾部、数字“0”的两端以及中文字符的转折处，都呈现出柔和的圆弧，有效中和了几何形态的冷峻感，增添了亲和力。该字体情感调性专业而友好，视觉特征整洁、柔和，整体风格极简且富有现代气息。它非常适合用于科技公司官网、移动应用界面、在线教育平台等需要清晰传达信息的数字屏幕场景，也适用于企业 → 中文字体/正文字
  📂 "这是一款源自CAD工程环境的特殊衬线字体，具有极强的视觉识别度和雕塑感。其最显著的特征是笔画处理：所有笔画（尤其是衬线部分）均呈现出一种锐利的“凿刻”或“楔形”末端，如同用凿子在石材或金属上切割而成，线条粗壮有力，起笔收笔均为尖锐的斜角或直角，转角方硬，毫无圆润 → 中文字体/标题字
  📂 几何圆润无衬线体 → 中文字体/正文字
  📂 清风无衬线体 → 中文字体/等线体
  📂 CAD字体库(填充图案) - CAD字体库大全(填充图案大全 共7633个) - CAD字体库大全（4752个） - CGTR65W → 中文字体/衬线体
  📂 CGTR45W宽明体 → 中文字体/衬线体
  📂 详情页字体预览 - 部分中文字体预览图 - 败家子 - 陈继世-硬笔行书 → 中文字体/手写体
  📂 "这是一款极具现代感与温暖几何特征的圆角无衬线字体。其核心结构特征在于笔画粗细均匀、几何感强烈，同时转角处均采用了精细的圆润化处理，赋予了字体柔和、友好的气质。拉丁字母中的‘O’被设计为正圆形，‘G’的横线与弧线衔接流畅，小写字母如‘a’、‘g’的字腔开放，字形比例接近正方形，重心稳定居中，字面率适中。整体字重介于常规与中粗之间，视觉呈现清晰饱满。其情感调性友好而专业，既保留了几何字体的规整与秩序感，又通过圆角处理消除了尖锐与冷硬，呈现出一种科技与人文相结合的独特气质。该字体特别适合需要兼顾现代感、亲和力与清晰度的各类设计场景，如科技公司品牌标识、UI → 中文字体/等线体
  📂 CGOR65W → 中文字体/等线体
  📂 黑体SimHei → 中文字体/正文字
  📂 圆润无衬线体 → 中文字体/正文字
  📂 硬笔行书体 → 中文字体/手写体
  ✓ 完成: 成功 18, 失败 0
  📄 第 45 页: 20 个需要处理
  📂 CGOR45W → 中文字体/衬线体
  📂 CAD字体库(填充图案) - CAD字体库大全(填充图案大全 共7633个) - CAD字体库大全（4752个） - CALIST → 中文字体/衬线体
  📂 "这是一款将古典衬线风骨与现代精密度完美融合的衬线字体。其最显著的结构特征在于锐利清晰的衬线设计，以及主笔画与发丝笔画之间极为强烈的粗细对比，营造出强烈的视觉节奏。字形比例经典匀称，小写字母如‘a’, ‘g’结构饱满且细节丰富，具有典型的人文主义衬线特征，赋予字体一种优雅的生命力。整体字重适中，重心平稳，字内空间（字怀）开放适中，确保了极高的可读性。设计风格上，它既保留了传统衬线体的庄重与权威感，又通过其精准、整洁的线条处理呈现出强烈的现代气息，整体调性优雅、严肃且极具专业可信度。这款字体非常适合用于需要体现品质感、历史积淀或正式感的场景，如书籍与学术出版物的正文排版、高端品牌标识 → 韩文字体/衬线体
  📂 BGOTHL - CAD专用等宽工程字体 → 中文字体/等线体
  📂 现代无衬线中文字体（AVKV） → 中文字体/正文字
  📂 Bookman Bold → 韩文字体/衬线体
  📂 简悦无衬线体 → 中文字体/等线体
  📂 "这是一款极具视觉冲击力的极粗斜体无衬线字体。其结构特征极为突出：笔画粗细均匀且达到极粗字重级别，起笔收笔及所有转角均处理为方直的锐利直角，几乎无曲线过渡，呈现出高度的几何化特征。字形宽大饱满，字面率极高，x字高较大，重心略微偏高，内部空间（如 → 中文字体/标题字
  📂 CAD字体库-ARIALN（英文Arial Narrow + 中文替代字体） → 中文字体/等线体
  📂 今昔豪龙等线体 → 中文字体/正文字
  📂 Arial Bold Italic → 中文字体/正文字
  📂 Arial → 中文字体/正文字
  📂 ANTR66W → 中文字体/正文字
  📂 Antiqua Bold → 中文字体/衬线体
  📂 ANTR46W → 中文字体/等线体
  📂 Antiqua → 中文字体/衬线体
  📂 思源黑体 Regular → 中文字体/正文字
  ✓ 完成: 成功 19, 失败 0
  📄 第 46 页: 20 个需要处理
  📂 思源等线体 (Source Han Sans / Noto Sans CJK) Regular → 中文字体/等线体
  📂 ALBR85 → 中文字体/正文字
  📂 字体库 - 详情页字体预览 - HelloBeautiful - HelloBeautiful-Swashes → 中文字体/装饰体
  📂 ABALC 点阵等宽字体 → 中文字体/等线体
  📂 "这是一款以优雅流畅的花体装饰为核心特征的衬线字体，整体风格古典而精致。其最显著的特征是字母的起笔和收笔处带有大量优美的卷曲和延伸装饰（Swashes），如同丝带般轻盈飘逸，赋予字体强烈的动态美感和艺术气息。字母主体结构保持了衬线体的传统骨架，笔画粗细对比适中，字形舒展，重心平稳。整体情感调性极为优雅、复古且富有文艺气息。这款字体并不适合长篇正文，其装饰性过强，在小字号下可读性会降低。它非常适合用作婚礼请柬、高端品牌Logo、艺术展览标题、时尚杂志封面、精品店招牌或贺卡设计。作为一款典型的装饰体，它能瞬间提升设计的仪式感与奢华感，是复古婚礼、轻奢品牌、文化艺术活动以及精品咖啡馆等场景的理想选择。这是一款适合高端印刷品和精致UI设计的 → 中文字体/标题字
  📂 畅晰无衬线体 → 中文字体/衬线体
  📂 你好世界无衬线体 → 中文字体/正文字
  📂 罗西钢笔行楷 → 中文字体/手写体
  📂 悠哉黑体 → 中文字体/正文字
  📂 部分中文字体预览图 - 部分中文字体预览图 - 永日壹欹枕 - 康熙字典體 → 中文字体/正文字
  📂 几何无衬线中文黑体 → 中文字体/标题字
  📂 中式毛笔书法字体 → 中文字体/标题字
  📂 "这是一款具有浓郁传统书法韵味的行书手写字体。从结构上看，其笔画呈现出自然的毛笔书写质感，粗细变化丰富且富有节奏感。起笔、收笔和转折处圆润流畅，无生硬的直角，可见明显的笔锋和牵丝连带。字形结构舒展，中宫相对放松，字怀开放，使得整体视觉效果既连贯流动又不显拥挤。重心平稳，字面率适中，保证了良好的识别性。在风格上，它完美融合了书法的艺术性与字体的规整度， → 中文字体/手写体
  📂 思源宋体 圆点装饰版 → 中文字体/衬线体
  📂 Nunito或类似几何圆体 → 中文字体/正文字
  📂 一代宗师 → 中文字体/手写体
  📂 MiSans → 中文字体/衬线体
  📂 米芾体 → 中文字体/装饰体
  ✓ 完成: 成功 19, 失败 0
  📄 第 47 页: 20 个需要处理
  📂 汉仪跳跳体简 → 中文字体/装饰体
  📂 书体协尚书体 → 中文字体/手写体
  📂 今昔黑体 → 中文字体/正文字
  📂 "这是一款极具视觉冲击力和艺术表现力的日系手写字体，整体风格奔放、自由，充满了动态的书写张力。其最显著的结构特征是模拟毛笔在粗糙纸面上快速挥洒产生的“飞白”或“枯笔”效果，笔画边缘呈现不规则的毛刺与断裂，形成强烈的视觉肌理。笔画粗细变化极其剧烈，起笔收笔锋利果断，转角处充满力量感。字体字形比例偏宽，重心偏高，赋予字符一种昂扬的姿态。内部空间（字怀）相对开放，有效避免了复杂笔画带来的拥挤感。风格上，它完美融合了传统书法的骨力、现代设计的构成感以及手写的随性气息，情感调性硬 → 中文字体/手写体
  📂 C299-苏新诗古印宋简 → 中文字体/标题字
  📂 等宽等线体 → 中文字体/等线体
  📂 "这是一款源自书法大师沙孟海作品的经典行楷书法字体。其核心特征在于极具真实感的毛笔书写质感：笔画粗细对比极其强烈，起笔收笔的顿挫、提按以及行笔过程中的飞白效果均被精细还原。字形结构稳健宽博，布局在严谨中富有行书的流动感与节奏感。字体风格沉稳大气 → 中文字体/手写体
  📂 思源细体 / Source Han Sans ExtraLight → 中文字体/正文字
  📂 毛笔行书体 → 中文字体/手写体
  📂 现代无衬线黑体 → 中文字体/正文字
  📂 思源黑体-中黑 → 中文字体/正文字
  📂 几何风格现代无衬线体 → 中文字体/标题字
  📂 字酷堂清楷体 → 中文字体/衬线体
  📂 "这是一款融合传统书法韵味与现代设计感的中文标题字体，核心特征是笔画边缘带有强烈的、模拟毛笔飞白与墨渍飞溅的视觉效果。其笔画粗细对比鲜明，主笔画厚重有力，而飞溅的“墨点”与“毛边”则增添了动感与不羁 → 中文字体/标题字
  📂 手写印象体 → 中文字体/标题字
  ✓ 完成: 成功 20, 失败 0
  📄 第 48 页: 20 个需要处理
  📂 蒙纳喜宴体简体 → 中文字体/手写体
  📂 几何中黑体 → 中文字体/正文字
  📂 中易黑体 (ZhongYiHeiTi) / 思源黑体 (Source Han Sans) 类 → 中文字体/正文字
  📂 详情页字体预览 - 部分中文字体预览22 - 奔跑吧 - 禹卫书法行书简体 → 中文字体/手写体
  📂 简约黑体 → 中文字体/等线体
  📂 部分中文字体预览图 - 部分中文字体预览图 - 毛笔楷书 - 田英章毛笔楷书 → 中文字体/手写体
  📂 切角无衬线体 → 中文字体/装饰体
  📂 详情页字体预览 - 部分英文字体预览图 - 6 hold love - Staccat0 → 中文字体/装饰体
  📂 详情页字体预览 - 部分英文字体预览图 - 26 posble - Elrotex → 中文字体/手写体
  📂 部分中文字体预览图 - 部分中文字体预览图 - 楷書字 - J001-A-OTF-OutaiKaiStd-Light → 中文字体/衬线体
  📂 Carosello → 中文字体/手写体
  📂 现代几何无衬线体 → 中文字体/正文字
  📂 书体坊颜体 → 中文字体/无衬线体
  📂 Addictype → 中文字体/手写体
  📂 部分中文字体预览图 - 部分中文字体预览图 - 古诗3 - 汉仪全唐诗繁 → 中文字体/衬线体
  📂 COWBOY BASE05 → 中文字体/标题字
  ✓ 完成: 成功 17, 失败 0
  📄 第 49 页: 20 个需要处理
  📂 HarmonyOS Sans SC → 中文字体/标题字
  📂 文悦古典行楷 → 中文字体/标题字
  📂 德彪钢笔行书字库 → 中文字体/手写体
  📂 商用字体包270款 - 商用字体包270款 - 003-英文可商用字体-87款 - SourceSerifPro-SemiBold → 中文字体/衬线体
  📂 商用字体包270款 - 商用字体包270款 - 003-英文可商用字体-87款 - Seaside Resort NF → 中文字体/装饰体
  📂 有泽行书（德高望重系列） → 中文字体/标题字
  📂 等线体 → 中文字体/等线体
  📂 "这是一款设计均衡、具有现代几何感的无衬线字体。其核心特征是笔画粗细高度均匀，结构清晰规整，展现出典型的无衬线体特征。字形比例标准，x字高适中且字面率较大，确保了在中小尺寸下极高的可读性。独特之处在于，其字母的转 → 中文字体/标题字
  📂 C276-超世纪细毛楷 → 中文字体/正文字
  📂 Roboto-Regular → 中文字体/正文字
  📂 稚行书体 → 中文字体/手写体
  📂 禹卫书法隶书简体 → 中文字体/装饰体
  📂 PostNoBills Jaffna Bold → 日文字体/标题字
  ✓ 完成: 成功 14, 失败 0
  📄 第 50 页: 20 个需要处理
  📂 Poiret One Regular → 中文字体/装饰体
  📂 Pacifico → 中文字体/手写体
  📂 Muli Light Italic → 中文字体/正文字
  📂 商用字体包270款 - 商用字体包270款 - 003-英文可商用字体-87款 - Nunito-Regular → 中文字体/正文字
  📂 几何方正无衬线体 → 中文字体/正文字
  📂 商用字体包270款 - 商用字体包270款 - 003-英文可商用字体-87款 - Montserrat-Light → 中文字体/正文字
  📂 硬笔行书 130106 → 中文字体/标题字
  📂 败家子 (中文硬笔行书) / Rounded (英文圆体) → 中文字体/标题字
  📂 Merak-Free → 中文字体/装饰体
  📂 Kraskario Italic → 韩文字体/衬线体
  📂 详情页字体预览 - 部分中文字体预览图 - 中国制造 - c284-腾祥范笑歌楷书简 → 中文字体/手写体
  📂 Manuale Medium → 中文字体/衬线体
  📂 "这是一款现代感十足、几何风格强烈的无衬线字体。其核心特征是笔画粗细极其均匀，所有转角均处理为干净利落的直角，字母和数字的笔画末端呈现出独特的方块状切口。字形结构方正、紧凑，x字高较大，整体字怀开放，确保了在屏幕上的清晰可读性。这款字体散发着冷静、理性和专业的气息，视觉上极具科技感和未来感，同时又不失稳重。非常适合用于科技产品UI界面、网页 → 中文字体/标题字
  ✓ 完成: 成功 16, 失败 0
  📄 第 51 页: 20 个需要处理
  📂 极细几何空心体 → 中文字体/标题字
  📂 详情页字体预览 - 部分中文字体预览图 - 樱花绽放 - J016-樱花 → 中文字体/装饰体
  📂 Fira Sans Condensed Thin → 中文字体/正文字
  📂 钟齐陈伟勋硬笔行书体 → 中文字体/手写体
  📂 EncodeSansExpanded-Medium → 中文字体/等线体
  📂 DroidSans Bold → 中文字体/标题字
  📂 孙过庭书谱体 → 中文字体/装饰体
  📂 Dolce Vita → 中文字体/装饰体
  📂 黄彦文行书字体 → 中文字体/手写体
  📂 Cormorant Upright Light → 中文字体/衬线体
  📂 商用字体包270款 - 商用字体包270款 - 003-英文可商用字体-87款 - DancingScript-Regular → 中文字体/手写体
  📂 腾祥相思繁体 → 中文字体/标题字
  📂 Cormorant SC Light → 中文字体/衬线体
  📂 Cabin SemiBold Italic → 中文字体/标题字
  📂 商用字体包270款 - 商用字体包270款 - 003-英文可商用字体-87款 - Cabin-Regular → 中文字体/正文字
  📂 "这是一款高度几何化的现代无衬线字体，整体风格干净、专业且富有科技感。其核心特征是笔画粗细高度均匀，字形结构在严格遵循几何基础的同时，于所有笔画的转角和末端细节处融入了精妙的微圆角处理，成功平衡了理性冷峻的结构感与亲和的人文温度。字体具有显著的等宽特性，字母、数字及符号的宽度一致，营造出严谨的秩序感和出色的屏幕显示效果。字形比例略偏窄，x字高充足，中宫饱满开放 → 中文字体/等线体
  ✓ 完成: 成功 16, 失败 0
  📄 第 52 页: 20 个需要处理
  📂 J018-隼風 → 中文字体/正文字
  📂 "这是一款极具现代感与几何设计感的英文装饰字体。字体采用无衬线结构，笔画粗细高度均匀，呈现出极强的机械感和精确性。字母整体呈方正形态，字面率高，重心居中，字内空间规整。其最显著的设计特征在于对标准无衬线字母进行了大胆的几何重构：如字母'A'采用纯三角形设计，去除了横杠；字母'N'的顶端被水平切平；字母'Q'的尾巴呈45度直线而非曲线；字母'Z'则带有独特的折线处理。这种处理赋予了字体一种冷静、硬朗且充满未来科技感的视觉调性。它非常适合用于科技品牌标识、现代感强的海报标题、先锋艺术展览的视觉设计、游戏UI中的科幻元素、以及任何需要强调极简、前卫与精准气质的场景。作为一款装饰性极强的字体，它 → 中文字体/标题字
  📂 汉仪星宇体简 → 中文字体/装饰体
  📂 Cabin Medium → 中文字体/等线体
  📂 汉仪润圆65W → 中文字体/标题字
  📂 "这是一款现代感十足、兼具力量与亲和力的无衬线粗体字。其笔画粗细均匀，线条饱满有力，字重为粗体（Bold），赋予了字体强烈的视觉存在感。字形结构稳固，字母比例均衡，x字高适中，重心位置居中，确保了良好的稳定性和阅读舒适度。特别值得注意的是，其字腔（字内空间）设计得非常开放，如‘o’、‘e’、‘c’等字母的内部空间宽敞，这极大地 → 中文字体/标题字
  📂 "这是一款融合了传统书法美学与现代设计感的字体，呈现出一种独特的‘中英双形态’特征。中文部分（以“你好世界”等字样为代表）具有典型的行书笔意：笔画流畅、连笔自然，粗细变化明显，起笔收笔带有毛笔的提按顿挫感，结构疏朗，重心略高，整体气韵生动、灵动飘逸。英文及数字部分则采用规整的衬线体（Serif）设计，笔画精致，粗细对比清晰，衬线尖锐挺 → 中文字体/标题字
  📂 装甲明朝体 → 中文字体/衬线体
  📂 思源黑体/Source Han Sans → 中文字体/正文字
  📂 腾祥金砖黑简 → 中文字体/标题字
  📂 站酷意大利体02 → 中文字体/衬线体
  📂 "这是一款极具特色的现代书法风格字体，完美融合了无衬线体的几何规整与硬笔隶书的书法韵味。中文字体在方正稳重的骨架基础上，巧妙地融入了硬笔书法的笔触特征：横画起笔有轻微的顿笔，收笔处则呈现出自然的出锋效果，捺画也带有经典的隶书波磔感，整体既有黑体 → 中文字体/正文字
  📂 "这是一款融合了现代极简主义与手写自然感的创意中英文字体。其结构特征显著，英文部分为规整的无衬线体，笔画粗细均匀，字形偏窄，结构紧凑；而中文部分笔画则带有微妙的粗 → 中文字体/标题字
  ✓ 完成: 成功 13, 失败 0
  📄 第 53 页: 20 个需要处理
  📂 商用字体包270款 - 002-其它类中文-可商用字体-126款 - 杨任东竹石体7款 - 杨任东竹石体-Regular → 中文字体/手写体
  📂 站酷快乐体 → 中文字体/装饰体
  📂 商用字体包270款 - 002-其它类中文-可商用字体-126款 - 杨任东竹石体7款 - 杨任东竹石体-Light → 中文字体/装饰体
  📂 清河書景 → 中文字体/标题字
  📂 杨任东竹石体 → 中文字体/正文字
  📂 详情页字体预览 - 部分中文字体预览图 - 柠檬茶水 - 迷你简柏青 → 中文字体/手写体
  📂 新蒂小丸子小学版 → 中文字体/装饰体
  📂 现代无衬线黑体（基于视觉特征） → 中文字体/正文字
  📂 文泉驿微米黑 → 中文字体/正文字
  📂 思源黑体 → 中文字体/正文字
  📂 随手墨迹体 → 中文字体/手写体
  📂 "这是一款融合传统书法笔触与现代设计感的衬线字体。其核心特征在于笔画具有强烈且优雅的粗细对比（横细竖粗），结构方正严谨，字形饱满。转角处理锐利，笔画末端（如点、撇、捺）带有精心设计的装饰性尖角，赋予字体古典韵味与现代力量感。字体的重心平稳，字内空间紧凑，整体呈现出一种庄重、典雅、有力的 → 中文字体/标题字
  📂 文泉驿等宽微米黑 → 中文字体/标题字
  📂 毛泽东字体 → 中文字体/手写体
  📂 迷你简陈频破-狂想曲 → 中文字体/标题字
  📂 详情页字体预览 - 部分中文字体预览图 - 教书育人 - 毛泽东字体 → 中文字体/标题字
  📂 "这是一款典型的现代几何无衬线字体。其结构特征极为规整：笔画粗细高度均匀，呈现等线体特质；起笔与收笔处理直接利落，转角均为精准的直角或平直线条，带有强烈的几何感。字形比例偏方正，x字高较高，字内空间开放适中，确保了出色的阅读清晰度，尤其适合屏幕显示。整体风格极简、理性且富有科技感，情感调性严肃、硬朗、专业且可靠。视觉上具有强烈的规则性和秩序感，笔画结构紧凑，没有多余的装饰。由于其高可读性和现代感，非常适合作为UI界面 → 中文字体/等线体
  ✓ 完成: 成功 19, 失败 0
  📄 第 54 页: 20 个需要处理
  📂 Noto Sans SC → 中文字体/衬线体
  📂 商用字体包270款 - 002-其它类中文-可商用字体-126款 - 王汉宗自由字形42款 - 王汉宗中明体破音三 → 中文字体/衬线体
  📂 等线体/无衬线体 → 中文字体/正文字
  📂 无界现代黑体 → 中文字体/等线体
  📂 思源黑体 Regular → 中文字体/正文字
  📂 详情页字体预览 - 部分中文字体预览图 - 古诗2 - 文悦古典明朝 → 中文字体/衬线体
  📂 商用字体包270款 - 002-其它类中文-可商用字体-126款 - 王汉宗自由字形42款 - 王汉宗颜楷体繁 → 中文字体/衬线体
  📂 王汉宗中楷体破音三 → 中文字体/标题字
  📂 思源黑体 → 中文字体/正文字
  📂 详情页字体预览 - 部分中文字体预览图 - 法式湿吻 - 字心坊李林哥特体简体中文 → 中文字体/标题字
  📂 "这是一款笔画均匀纤细、字形圆润现代的无衬线字体。其结构特征鲜明：整体字重为细体（Light），笔画粗细完全一致，没有任何粗细变化，线条感极强。起笔、收笔及所有转角处均采用柔和的圆角处理，消除了尖锐感，赋予字体亲切、友好的视觉印象。字形比例适中，中文部分方正中略带舒展，英文x字高比例和谐，整体字面率较高，内部空间（字怀）开放通透，确保了良好的易读性。情感调性上，它兼具科技感的简洁与人文气息的柔和，视觉特征圆润、有机、舒展，无任何装饰性连笔。适合用于需要清晰传达信息又不失温度的 → 中文字体/标题字
  📂 王汉宗细明体 → 中文字体/衬线体
  📂 现代几何无衬线体 → 中文字体/正文字
  📂 商用字体包270款 - 002-其它类中文-可商用字体-126款 - 王汉宗自由字形42款 - 王汉宗特明体-标准 → 中文字体/衬线体
  ✓ 完成: 成功 17, 失败 0
  📄 第 55 页: 20 个需要处理
  📂 王汉宗空叠圆繁 → 中文字体/装饰体
  📂 详情页字体预览 - 部分中文字体预览图 - 乘风破浪 - 华文行楷 → 中文字体/标题字
  📂 商用字体包270款 - 002-其它类中文-可商用字体-126款 - 王汉宗自由字形42款 - 王汉宗仿宋体-标准 → 中文字体/衬线体
  📂 向佳红毛笔行书 → 中文字体/手写体
  📂 蹂躏太行爆炸体 → 中文字体/装饰体
  📂 详情页字体预览 - 部分中文字体预览图 - 俺来啦 - C288-蔡云汉隶书书法字体 → 中文字体/手写体
  📂 部分中文字体预览22 - 部分中文字体预览22 - 扬帆起航 - 华文行楷 → 中文字体/手写体
  📂 汉仪尚巍手书W → 中文字体/手写体
  📂 台湾明体 → 中文字体/衬线体
  📂 庞门正道标题体 → 中文字体/标题字
  📂 部分中文字体预览22 - 部分中文字体预览22 - 虎啸山河 - 李旭科书法 → 中文字体/手写体
  📂 黑体风格无衬线体 → 中文字体/正文字
  📂 现代中文无衬线体 → 中文字体/正文字
  📂 商用字体包270款 - 002-其它类中文-可商用字体-126款 - 思源宋体7款 - NotoSerifCJKsc-SemiBold → 中文字体/标题字
  ✓ 完成: 成功 16, 失败 0
  📄 第 56 页: 20 个需要处理
  📂 思源黑体 → 中文字体/等线体
  📂 鲸海醉侯 → 中文字体/标题字
  📂 部分中文字体预览22 - 部分中文字体预览22 - 颁奖盛典 - 中山行书百年纪念版 → 中文字体/手写体
  📂 Noto Serif CJK SC Medium → 中文字体/衬线体
  📂 Noto Serif CJK SC ExtraLight → 中文字体/衬线体
  📂 Source Han Sans Normal → 中文字体/正文字
  📂 华文行楷 → 中文字体/手写体
  📂 思源黑体 Light → 中文字体/正文字
  📂 汉仪尚巍手书W → 中文字体/标题字
  📂 思源黑体 ExtraLight → 中文字体/正文字
  📂 圆角无衬线体 - 通用高可读性字体 → 中文字体/正文字
  📂 几何现代体 → 中文字体/等线体
  📂 "这是一款经典的现代无衬线字体，具有极高的普适性和可读性。字体结构上，笔画粗细均匀一致，无任何衬线装饰或末端处理，转角处处理锐利、利落，展现出强烈的几何感与秩序感。字形比例方正，重心居中稳定，字面率较高，使得单个字符在屏幕或印刷品上都显得饱满、清晰。其风格现代、极简、理性，情感调性严肃、专业、可靠，能有效传递信息而不带个人色彩。作为一款基础字体，它非常适合用于各类正文排版，如书籍、杂志、网页正文、APP界面、文档报告 → 中文字体/标题字
  📂 墨迹书写 → 中文字体/手写体
  📂 思源黑体 (Source Han Sans CN) Medium → 中文字体/正文字
  📂 禹卫书法行书简体 → 中文字体/手写体
  ✓ 完成: 成功 16, 失败 0
  📄 第 57 页: 20 个需要处理
  📂 详情页字体预览 - 部分中文字体预览22 - 茶 终归这里 - 禹卫书法行书简体 → 中文字体/手写体
  📂 思源黑体 极粗 (Source Han Sans Heavy) → 中文字体/标题字
  📂 思源黑体 Bold → 中文字体/正文字
  📂 002-其它类中文-可商用字体-126款 - 思源黑体18款 - NotoSansCJK-思源黑体 Google自有版本 - NotoSansCJK-Regular → 中文字体/正文字
  📂 002-其它类中文-可商用字体-126款 - 思源黑体18款 - NotoSansCJK-思源黑体 Google自有版本 - NotoSansCJK-Light → 中文字体/正文字
  📂 思源黑体 Bold (Noto Sans CJK SC Bold) → 中文字体/正文字
  📂 "这是一款优雅而随性的英文手写体，其最大特点是模拟了真实钢笔或签字笔书写的自然质感。在结构上，字体为无衬线设计，笔画粗细变化显著，模拟了书写时的提按顿挫，转角圆润流畅。字形比例舒展，尤其是大写字母（如G、J、Q）的末端带有优雅的装饰性延伸，小写字母的尾部（如g、y、z）也呈现出自然的拖曳笔触，整体重心居中，字内空间开放，避免了拥挤感。风格上，它属于 → 中文字体/标题字
  📂 详情页字体预览 - 部分英文字体预览图 - 7 KGTangled - KGTangledUpInYou → 中文字体/标题字
  📂 "这是一款极具视觉冲击力和破坏感的粗体无衬线字体预览，核心特征在于其强烈的人为做旧、斑驳、破碎效果。英文字母笔画粗壮，但边缘被处理成不规则的侵蚀、剥落和磨损痕迹，仿佛历经岁月侵蚀或故意破坏的工业风格。字体结构方正，字重为粗体，x字高较高，字内空间因破碎效果显得开放与封闭交织。整体设计风格融合了复古、工业与粗犷美学，情感调性硬朗、叛逆且带有破坏性的艺术感。其最突出的特征正是这种强烈的“Bad Grunge”做旧质感，赋予字体强烈的叙事性和场景感。这款字体极其适合用于需要表达力量、原始、复古或叛逆情绪的创意设计场景，如摇滚音乐节海报、极限运动品牌Logo、电影海报标题、游戏中的破坏性元素、 → 中文字体/标题字
  📂 Opificio Neue → 中文字体/正文字
  📂 商用字体包270款 - 002-其它类中文-可商用字体-126款 - 思源黑体18款 - 思源黑体旧字形 Regular → 中文字体/正文字
  📂 CraterFaceShrapnelBB → 中文字体/标题字
  📂 "这是一款具有强烈笔刷触感的无衬线手写字体，呈现出浓厚的街头艺术与现代潮流气息 → 中文字体/手写体
  📂 "这是一款纤细优雅的现代无衬线中文字体，为思源黑体的旧字形Light版本。其结构特征鲜明：笔画极度均匀纤细，粗细变化几乎不可见；字重轻盈（Light），视觉压力极小；字形比例均衡，呈标准的方形结构；重心平稳居中，确保阅读流畅。字怀（字内空间）开放，内部留白充足，增强了清晰度与呼吸感。设计风格现代、极简、中性，情感调性优雅而专业，带有传统字形（旧字形）的细微书卷气，视觉感受干净、规整、几何化。其笔画末端处理利落，无多余装饰，保持了高度的克制与平衡 → 中文字体/正文字
  📂 Dearest → 中文字体/哥特体
  📂 Avenir Next → 中文字体/衬线体
  📂 "这是一款具有古典优雅气质的英文手写风格字体，其笔画设计模拟了流畅的书法或尖头画笔的书写效果，呈现出明显而自然的粗细对比，线条舒展。笔画的起笔和收笔处常带有优美的卷曲或钩状装饰，增强了字体的装饰性与艺术感。整体字形修长，字母重心居中，排列疏朗，字内空间开放，赋予单个字母独立的优雅姿态。其设计风格复古而浪漫，情感调性高贵、文艺，视觉上既流畅又富有动态美感。它非常适合用于婚礼请柬、品牌标志、高端产品包装、艺术展览海报以及任何需要传递精致、浪漫或个性化气息的标题设计。作为一款经典的婚礼字体或优雅风格 → 中文字体/手写体
  ✓ 完成: 成功 17, 失败 0
  📄 第 58 页: 20 个需要处理
  📂 Palm Beach → 中文字体/装饰体
  📂 12 Assassi → 中文字体/装饰体
  📂 YesevaOne-Regular → 中文字体/衬线体
  📂 赵九江钢笔行书 → 中文字体/手写体
  📂 Transformers Movie → 中文字体/装饰体
  📂 书体坊郭小语钢笔楷体 → 中文字体/手写体
  📂 Saira-Black → 中文字体/标题字
  📂 "这是一款融合了现代无衬线结构与手写流畅感的装饰字体，整体风格清新优雅。笔画以均匀的细线条为主，起笔收笔及转角处处理圆润柔和，摒弃了尖锐的棱角，赋予字体温和的视觉感受。字形结构修长，x字高适中，字内空间开放通透，呈现出轻盈舒展的姿态。字重介于常规与中粗之间，重心稳定居中。其最大的特点在于将工整的几何骨架与富有弹性的、带有微妙手写痕迹的笔画末端（如‘l’、‘t’等字母的钩形收笔）相结合，形成了独特的文艺气质。这款字体适合用于需要营造优雅、清新或文艺氛围的标题、Logo设计、海报、书籍封面、社交媒体图片及品牌包装，尤其适配文化、 → 中文字体/标题字
  📂 "这是一款源自台湾全字库的标准宋体正文字体。其最核心的结构特征是笔画具有极为鲜明的‘横细竖粗’对比，这是宋体风格的典范。起笔、收笔及笔画转折处带有清晰、锐利的三角形或钩形衬线装饰，展现出强烈的印刷质感和精确的工艺感。字形方正，中宫适度饱满，字面率较大，提供了开阔、舒适的阅读视野。字重为常规，重心平稳居中，整体视觉均匀、稳定。该字体在情感调性上呈现出极度的规范、中性与严肃，不带个人色彩，传递出权威、可靠和严谨的氛围。其 → 中文字体/衬线体
  📂 Roboto Light Italic → 中文字体/正文字
  📁 创建: 日文字体/等线体
  📂 商用字体包270款 - 商用字体包270款 - 003-英文可商用字体-87款 - PostNoBillsJaffna-Regular → 日文字体/等线体
  📂 Pangolin → 中文字体/标题字
  📂 NISCRIPT-Regular → 中文字体/装饰体
  ✓ 完成: 成功 14, 失败 0
  📄 第 59 页: 20 个需要处理
  📂 商用字体包270款 - 商用字体包270款 - 003-英文可商用字体-87款 - Montserrat-ThinItalic → 中文字体/衬线体
  📂 Muli ExtraLight → 中文字体/正文字
  📂 濑户字体 → 中文字体/手写体
  📂 Kraskario → 韩文字体/衬线体
  📂 Jura Medium → 中文字体/等线体
  📂 FirstShine → 中文字体/装饰体
  📂 商用字体包270款 - 商用字体包270款 - 003-英文可商用字体-87款 - EncodeSans-Thin → 中文字体/标题字
  📂 商用字体包270款 - 商用字体包270款 - 003-英文可商用字体-87款 - GemunuLibre-Light → 中文字体/标题字
  📂 Didact Gothic Regular → 中文字体/正文字
  📂 Roughhand → 中文字体/手写体
  ✓ 完成: 成功 10, 失败 0
  📄 第 60 页: 20 个需要处理
  📂 无衬线中文字体，中等字重，结构匀称 → 中文字体/标题字
  📂 "这是一款极具现代感和几何美学的无衬线粗体字体。其核心特征在于笔画粗细高度均匀，但通过精妙的转角处理和墨水陷阱设计（如字母‘n’、‘r’的转角处），有效避免了视觉上的单调感，增强了辨识度。字母结构非常规整，大写字 → 中文字体/装饰体
  📂 Cormorant SC → 中文字体/衬线体
  📂 商用字体包270款 - 商用字体包270款 - 003-英文可商用字体-87款 - CabinSketch-Regular → 中文字体/手写体
  📂 无衬线黑体-中等粗细 → 中文字体/标题字
  📂 商用字体包270款 - 商用字体包270款 - 003-英文可商用字体-87款 - Cabin-MediumItalic → 中文字体/标题字
  📂 Cabin Italic → 中文字体/正文字
  📂 商用字体包270款 - 商用字体包270款 - 003-英文可商用字体-87款 - Cabin-Bold → 中文字体/标题字
  📂 Baihui-黑体 → 中文字体/正文字
  📂 商用字体包270款 - 002-其它类中文-可商用字体-126款 - 刻石录字体5款 - 刻石录明体 → 中文字体/衬线体
  📂 Amaranth Italic → 中文字体/标题字
  📂 Arual断笔体 → 中文字体/标题字
  📂 AiDeep-几何无衬线体 → 中文字体/正文字
  📂 华文行楷 → 中文字体/手写体
  📂 商用字体包270款 - 002-其它类中文-可商用字体-126款 - 站酷字体7款 - 站酷文艺体 → 中文字体/标题字
  📂 装饰性古典花体 → 中文字体/标题字
  ✓ 完成: 成功 16, 失败 0
  📄 第 61 页: 20 个需要处理
  📂 华文隶书 → 中文字体/标题字
  📂 Hiragino Sans GB W6 → 中文字体/正文字
  📂 杨任东竹石体-Medium → 中文字体/正文字
  📂 商用字体包270款 - 002-其它类中文-可商用字体-126款 - 杨任东竹石体7款 - 杨任东竹石体-Heavy → 中文字体/手写体
  📂 商用字体包270款 - 002-其它类中文-可商用字体-126款 - 杨任东竹石体7款 - 杨任东竹石体-Bold → 中文字体/正文字
  📂 "这是一款现代简约风格的无衬线中文字体。其笔画粗细基本均匀，线条干净利落，但在笔画末端与转角处做了微妙的圆润处理，避免了机械感，增添了亲和力。字形结构方正均衡，字面率较高，x字高适中，重心平稳，整体字内空间开放，这使得字体在长文本排版中具有出色的可读性与舒适度。情感调性友好、亲切且带有一丝文艺气息，视觉上圆润、开放、舒展。它非常适合用于需要清晰易读且风格轻松的场景，例如教育类应用的正文、儿童读物、生活类APP界面、社交媒体图文排版以及品牌宣传中的辅助文案。作为一款高易读性的正文字体，它能很好地服务于教育、儿童、生活方式等行业的数字与 → 中文字体/标题字
  📂 文泉驿正黑 → 中文字体/标题字
  📂 文泉驿等宽正黑 → 中文字体/等线体
  📂 華康抖抖體 → 中文字体/装饰体
  📂 商用字体包270款 - 商用字体包270款 - 001-淘宝授权使用-华康字体-58款 - 華康小皮體 → 中文字体/装饰体
  📂 "这是一款充满手绘温度与视觉张力的POP风格字体。其结构上表现为无衬线体特征，但笔画并非简单的几何线条，而是拥有均匀的粗壮笔画和显著的笔画末端圆点装饰，起笔收笔及所有转角都经过了圆润处理，呈现出饱满、富有弹性的视觉效果。字形比例偏向正方 → 中文字体/标题字
  📂 商用字体包270款 - 商用字体包270款 - 002-其它类中文-可商用字体-126款 - 文鼎PL细上海宋 → 中文字体/衬线体
  📂 "这是一款笔画均匀、转角圆润的无衬线圆体字体，整体呈现出友好、亲切的现代感。其结构特征为典型的无衬线设计，所有笔画粗细基本保持一致，没有明显的粗细变化，起笔收笔处以及所有转角（如A、M、N的尖角）均做了平滑的圆角处理，赋予字体柔和、可爱的视觉特征。字形比例适中，x字高（小写字母主体高度）较高，使得小写字母清晰可辨。字重属于常规或中粗，既保证了视觉分量，又不会显得笨重 → 中文字体/标题字
  📂 商用字体包270款 - 002-其它类中文-可商用字体-126款 - 王汉宗自由字形42款 - 王汉宗综艺体-双空阴 → 中文字体/装饰体
  📂 圆润几何等线体 → 中文字体/正文字
  ✓ 完成: 成功 15, 失败 0
  📄 第 62 页: 20 个需要处理
  📂 王汉宗中魏碑简 → 中文字体/衬线体
  📂 商用字体包270款 - 商用字体包270款 - 001-淘宝授权使用-华康字体-58款 - 华康手札体简W5 → 中文字体/手写体
  📂 明锐宋 → 中文字体/衬线体
  📂 商用字体包270款 - 商用字体包270款 - 001-淘宝授权使用-华康字体-58款 - 华康宋体W12(P) → 中文字体/衬线体
  📂 王汉宗极细等线体 → 中文字体/标题字
  📂 王汉宗自由字形42款 - 王汉宗中黑简 → 中文字体/正文字
  📂 "这是一款专为教育及注音场景特别设计的楷体衍生字体。其核心特征在于为每一个中文字符都精确标注了标准的汉语拼音注音符号，且位置与字形结合紧密，浑然一体。字体结构上，中文部分继承了传统楷书的笔画神韵，起收笔有自然的顿挫，横画略带斜势，撇捺舒展，转折处圆润而有力，整体字形端庄、匀称，字面率高，确保了极佳的清晰度与易读性。英文与数字部分为经典的衬线体设计，笔画粗细变化分明，衬线尖锐精致，与中文的优雅气质高度协调。整体风格兼具古典书法的典雅与现代印刷体的规整，情感调性正式、严肃且富有文化底蕴。作为一款“注音字体”，其最直接且无可替代的适用场景是儿童识字读本、对外汉语教学材料、语文教材 → 中文字体/衬线体
  📂 "这是一款带有传统韵味的现代中仿宋衬线字体。其结构特征显著，横笔画纤细，竖笔画及撇、捺等主笔画较为粗壮，形成了鲜明的粗细对比，是典型的仿宋体骨架。笔画末端带有精致的三角形或点状衬线装饰，起笔与收笔处有明显的顿角， → 中文字体/标题字
  📂 王汉宗中楷体破音二 → 中文字体/标题字
  📂 商用字体包270款 - 002-其它类中文-可商用字体-126款 - 王汉宗自由字形42款 - 王汉宗新潮体-波浪 → 中文字体/装饰体
  📂 商用字体包270款 - 002-其它类中文-可商用字体-126款 - 王汉宗自由字形42款 - 王汉宗细新宋简 → 中文字体/衬线体
  📂 "这是一款现代简约、精致优雅的中文无衬线正文字体。其核心特征在于笔画纤细且极度均匀，粗细变化极其微小，呈现出高度的简洁与理性。字形结构严谨，中宫收紧，中文部分字形略显修长，而英文部分则相对方正，整体重心居中，字怀（字内空间）开放适中。字重为细体，视觉感受轻盈通透，长时间阅读不易产生疲劳。设计风格极简而克制，情感调性偏向优雅、专业与理性，既适合正式的商务场景，也 → 中文字体/正文字
  📂 商用字体包270款 - 商用字体包270款 - 001-淘宝授权使用-华康字体-58款 - 华康隶书体W7 → 中文字体/装饰体
  📂 华康黑体W9 → 中文字体/标题字
  ✓ 完成: 成功 15, 失败 0
  📄 第 63 页: 20 个需要处理
  📂 "这是一款具有古典印刷美感的中文衬线字体，由字形设计师王汉宗设计。其结构特征鲜明，英文部分具有典型的“特明体”风格，笔画粗细对比极为强烈，竖笔厚重有力，横笔纤细锐利，衬线装饰清晰明确，转角处保留了尖锐的切割感。中文部分继承了横细竖粗的经典明体结构，笔画挺拔，字形方正而略显紧凑，字重较重，重心平稳，字内空间分布均匀。整体风格典雅、正式且富有历史感，情感调性庄重而可靠，适合传达权威与经典的气质。这款字体特别适用于书籍正文、杂志内页排版、学术出版、正式文件及文化类印刷品的设计， → 中文字体/标题字
  📂 商用字体包270款 - 商用字体包270款 - 001-淘宝授权使用-华康字体-58款 - 华康楷体W5 → 中文字体/标题字
  📂 商用字体包270款 - 商用字体包270款 - 001-淘宝授权使用-华康字体-58款 - 华康黑体W5 → 中文字体/正文字
  📂 "这是一款装饰性极强的海报标题字体，视觉冲击力显著。其笔画特征鲜明，具有强烈的粗细对比，尤其在英文字母的转折和收笔处，呈现出类似毛笔或马克笔书写的圆润收点。英文字形自由随性，排列不齐整，大小错落，具有强烈的手写体特征和不规则的节奏感。中文部分笔画同样粗壮有力，结构方正但笔画处理富有装饰性和趣味性。整体重心偏低，字怀开放，字面率高。设计风格活泼、复古且充满趣味，情感调性友好、亲切、充满创意。最适合用于需要 → 中文字体/标题字
  📂 商用字体包270款 - 002-其它类中文-可商用字体-126款 - 王汉宗自由字形42款 - 王汉宗勘亭流繁 → 中文字体/装饰体
  📂 Sigmar One → 中文字体/标题字
  📂 Sansita-Black → 中文字体/标题字
  📂 商用字体包270款 - 002-其它类中文-可商用字体-126款 - 王汉宗自由字形42款 - 王汉宗钢笔行楷繁 → 中文字体/标题字
  📂 Ropa Sans Italic → 中文字体/标题字
  📂 Roboto Light Italic → 中文字体/正文字
  📂 王汉宗粗圆体-双空 → 中文字体/标题字
  📂 PostNoBillsJaffna-Regular → 日文字体/等线体
  📂 PostNoBillsColombo-ExtraBold → 中文字体/标题字
  📂 王汉宗粗楷体简 → 中文字体/衬线体
  📂 字体库 - 商用字体包270款 - 003-英文可商用字体-87款 - YesevaOne-Regular → 中文字体/衬线体
  ✓ 完成: 成功 15, 失败 0
  📄 第 64 页: 20 个需要处理
  📂 Pangolin-Regular → 中文字体/手写体
  📂 NeoGeometric → 中文字体/正文字
  📂 王汉宗超黑体俏皮动物装饰体 → 中文字体/装饰体
  📂 "这是一款极具现代感和极简主义风格的无衬线细斜体字体。其核心特征是笔画极细且粗细高度均匀，几乎没有笔画对比度，起笔收笔干净利落，转角处理圆润流畅。字形比例适中，呈优雅的倾斜姿态，字重为极细级别， → 中文字体/标题字
  📂 商用字体包270款 - 002-其它类中文-可商用字体-126款 - 王汉宗自由字形42款 - 王汉宗标楷体-空心 → 中文字体/装饰体
  📂 Muli-ExtraLight → 中文字体/正文字
  📂 古典衬线体 → 韩文字体/衬线体
  📂 Montserrat Black → 中文字体/标题字
  📂 Manuale-SemiBold → 中文字体/标题字
  📂 Gemunu Libre Light → 中文字体/正文字
  📂 几何无衬线体 → 中文字体/正文字
  📂 Jura-Medium → 中文字体/等线体
  📂 "这是一款基于无衬线结构但具有强烈装饰性的艺术字体，其核心特征为独特的纤细双线勾勒出的“空心”字形。字体的笔画粗细均匀，转角多为干净的直角或精密曲线，营造出强烈的几何感与现代主义美学。大写字母宽大舒展，小写字母的x字高相对较低，形成优雅而独特的视觉比例。整体风格简约、精致、极富科技感与艺术感，仿佛是精密仪器绘制的蓝图字体。它非常适合作为 → 中文字体/衬线体
  📂 GemunuLibre-SemiBold → 中文字体/标题字
  ✓ 完成: 成功 14, 失败 0
  📄 第 65 页: 20 个需要处理
  📂 Droid Sans (英文) + 系统宋体 (中文) → 中文字体/正文字
  📂 思源黑体 Regular → 中文字体/标题字
  📂 Didot Gothic Regular → 中文字体/正文字
  📂 Encode Sans Thin → 中文字体/标题字
  📂 CormorantSC-Regular → 中文字体/衬线体
  📂 "这是一款极具现代感和几何美学的无衬线字体，以其纤细而优雅的笔画闻名。其结构特征非常鲜明：整体笔画粗细高度一致，呈现出均匀的细线效果，字重明确属于Light（细体）级别。字形比例偏宽，字母如“O”呈现完美的正圆，赋予字体强烈的几何感和开阔感。起笔收笔平直干净，而所有转角处都经过了极其圆 → 中文字体/标题字
  📂 Cabin Sketch → 中文字体/手写体
  📂 Cuprum Bold → 中文字体/标题字
  📂 Cabin Medium Italic (参考) → 中文字体/正文字
  📂 Cabin SemiBold → 中文字体/标题字
  📂 几何等线体 → 中文字体/等线体
  📂 Cabin-Italic 与中文宋体 → 中文字体/衬线体
  📂 高度压缩无衬线体 → 中文字体/等线体
  📂 Amaranth Bold Italic → 中文字体/衬线体
  📂 现代圆角无衬线中粗体 → 中文字体/正文字
  📂 Amaranth Italic → 中文字体/正文字
  📂 AsapCondensed-Bold → 中文字体/标题字
  ✓ 完成: 成功 17, 失败 0
  📄 第 66 页: 20 个需要处理
  📂 AiDeep优雅衬线 → 中文字体/正文字
  📂 均衡无衬线体 → 中文字体/正文字
  📂 优雅古典衬线体 → 中文字体/标题字
  📂 清晰均衡无衬线体 → 中文字体/等线体
  📂 杨任东竹石体-Medium → 中文字体/标题字
  📂 方正几何无衬线体 → 中文字体/等线体
  📂 杨任东竹石体 Bold → 中文字体/标题字
  📂 思源黑体 中粗 → 中文字体/正文字
  📂 站酷文艺体 → 中文字体/其他
  📂 "这是一款现代感十足的无衬线字体，其设计核心在于极致的均匀与温和。从结构上看，其笔画粗细完全均一，几乎没有任何变化，起笔和收笔处理得非常利落、简洁。最显著的特征是其转角处被处理得极为圆润，无论是字母的拐角还是中文的转折，都避免了生硬的直角，赋予了字体强烈的亲和力与柔和感。字形比例略显宽方，拥有较高的x字高和字面率，确保了在小字号下依然清晰易读，字内空间开放，呼吸感良好。整体风格极简、中性且高度专业，情感调性友好、平和，视觉上呈现出几何般的规整与有机的圆润感。作为一款优秀的中英文混排字体，其中英文字符的设计语言和视觉重量高度协调，中文部分尤其显得饱满 → 中文字体/正文字
  📂 文泉驿等宽正黑 → 中文字体/等线体
  📂 极简几何无衬线体 → 中文字体/标题字
  📂 思源黑体 Regular → 中文字体/衬线体
  📂 思源黑体圆角 Regular → 中文字体/正文字
  📂 Source Han Serif Medium → 中文字体/衬线体
  📂 "这是一款现代几何风格的无衬线字体，其设计核心在于极简与功能性。结构上，笔画粗细高度均匀，从起笔到收笔均采用干净利落的方头处理，转角处为直角或极细微的圆角，毫无多余装饰。字形比例修长，小写字母的x字高较高，保证了开放的字内空间与优秀的易读性。整体字重为常规，重心位置居中，结构稳定均衡。设计风格冷静、专业、清晰，情感调性偏向中性，传递出一种可靠、高效、现代的视觉感受。视觉特征上，字体具有强烈的几何感，线条平直，比例匀称，如字母“O”和“C”接近正圆，彰显其构造的纯粹性。作为一款高可读性的正文字体，它特别适合用于书籍正文、杂志内页、长篇文章、网页内容、UI界面文字、技术文档及数据报告排版。在行业上，它广泛适配于科技、金融、教育、医疗、企业宣传等 → 中文字体/标题字
  📂 几何无衬线体-力量版 → 中文字体/衬线体
  📂 均衡无衬线体 → 中文字体/衬线体
  ✓ 完成: 成功 18, 失败 0
  📄 第 67 页: 20 个需要处理
  📂 典雅衬线体 → 中文字体/衬线体
  📂 Bodoni与宋体混合展示 → 中文字体/衬线体
  📂 思源黑体 → 中文字体/正文字
  📂 汉仪尚巍手书W → 中文字体/手写体
  📂 思源黑体（细体） → 中文字体/正文字
  📂 思源宋体（Noto Serif CJK SC） → 中文字体/衬线体
  📂 MiSans Regular → 中文字体/标题字
  📂 Modern Serif Elegant → 中文字体/衬线体
  📂 思源黑体 ExtraLight → 中文字体/正文字
  📂 现代无衬线中英文通用体 → 中文字体/正文字
  📂 均衡无衬线体 → 中文字体/正文字
  📂 王汉宗细新宋简 → 中文字体/衬线体
  📂 几何切角无衬线 → 中文字体/正文字
  📂 锐线体 → 中文字体/正文字
  📂 王汉宗特明体繁 → 中文字体/衬线体
  📂 几何现代等线体 → 中文字体/等线体
  📂 思源黑体 → 中文字体/正文字
  📂 锯齿波浪圆体 → 中文字体/装饰体
  📂 王汉宗细黑体繁 → 中文字体/正文字
  ✓ 完成: 成功 19, 失败 0
  📄 第 68 页: 20 个需要处理
  📂 铅笔手写无衬线体 → 中文字体/正文字
  📂 几何无衬线体 → 中文字体/等线体
  📂 双线空心几何体 → 中文字体/其他
  📂 几何均衡体 → 中文字体/其他
  📂 古典优雅衬线体 → 中文字体/衬线体
  📂 墨映手写体 → 中文字体/手写体
  📂 锐线体 Regular → 中文字体/正文字
  📂 均衡几何等线体 → 中文字体/正文字
  📂 字体模板 → 中文字体/其他
  📂 行书体 → 中文字体/手写体
  📂 青鸟体 → 中文字体/标题字
  📂 匀质圆角无衬线体 → 中文字体/正文字
  📂 "这是一款基于传统楷书结构进行现代化、无衬线化处理的规范字体。其核心特征在于骨架源自楷书，但笔画粗细高度均匀一致，起笔、收笔与转折处均采用利落、整洁的方正处理，彻底摒弃了传统楷书的装饰性笔锋。字形结构严谨，中宫收紧，字面率较高，在保持优雅结构的同时，实现了极佳的清晰度与可读性。整体设计风格现代、极简且理性，情感调性严肃、专业、中立，毫无多余装饰。该字体的适用场景非常广泛，特别适合需要清晰、规范传达信息的场合，例如教育教材、正式报告、用户界面(UI)正文、网页文本、技术文档、书籍内文 → 中文字体/正文字
  📂 流萤手写无衬线体 → 中文字体/手写体
  📂 思源黑体无衬线示例 → 中文字体/正文字
  📂 DIN Alternate → 中文字体/正文字
  📂 几何现代无衬线体 → 中文字体/衬线体
  ✓ 完成: 成功 17, 失败 0
  📄 第 69 页: 20 个需要处理
  📂 瑞意黑体 → 中文字体/正文字
  📂 几何无衬线体 → 中文字体/正文字
  📂 锋锐衬线（Sharp Serif） → 中文字体/标题字
  📂 思源黑体 (Source Han Sans) → 中文字体/正文字
  📂 Geometric Sans → 中文字体/正文字
  📂 现代圆体无衬线 → 中文字体/正文字
  📂 喵黑逗连体 → 中文字体/标题字
  📂 华康棒霜粗 → 中文字体/衬线体
  📂 思源黑体 Regular (Source Han Sans Regular) → 中文字体/标题字
  📂 华康POP1体W9 → 中文字体/标题字
  📂 商用字体包270款 - 002-其它类中文-可商用字体-126款 - 思源黑体7款 - SourceHanSansK-Medium → 中文字体/等线体
  📂 华康正颜楷体W7 → 中文字体/标题字
  📂 思源黑体 Heavy → 中文字体/正文字
  📂 "这是一款以极致圆润为核心特征的无衬线圆体字，属于“华康圆体”家族中的细体（W3）字款。其最显著的结构特征是所有笔画的末端和转角都经过了完美的半圆形圆滑处理，彻底消除了锐利感，形成了一种连贯、柔和的视觉流。字形方正饱满，x字高较高，字面率大，使得在同等尺寸下显得更为清晰易读。笔画粗细高度均匀，属于细字重，重心位置适中偏高，字怀（字内空间）开放通透，共同营造出一种轻盈、通透的质感。在风格上，它传递出友好、亲切、活泼且带有现代极简感的情绪调性，视觉上非常圆润、舒展、有机，毫无攻击性。这款字体因其独特的亲和力，非常适合用于儿童产品设计、教育类APP界面、轻松的社交媒体图文、游戏界面文字、休闲品牌的Logo及VI系统、温馨的电商海报、以及任何需要营造可爱、友好、无压力氛围的场景。它尤其适合需要屏幕显示和移动端阅读的UI设计，能有效提升界面的亲和力和 → 中文字体/标题字
  📂 华康雅宋体W9(P) → 中文字体/衬线体
  📂 思源黑体粗体 (Source Han Sans Bold) → 中文字体/等线体
  📂 商用字体包270款 - 商用字体包270款 - 001-淘宝授权使用-华康字体-58款 - 华康娃娃体W5(P) → 中文字体/标题字
  📂 华康宋体W7(P) → 中文字体/衬线体
  ✓ 完成: 成功 18, 失败 0
  📄 第 70 页: 20 个需要处理
  📂 华康宋体W3-A → 中文字体/衬线体
  📂 002-其它类中文-可商用字体-126款 - 思源黑体18款 - SourceHanSansCN-思源黑体 简体中文版 - SourceHanSansCN-Normal → 中文字体/正文字
  📂 SourceHanSansCN-Light → 中文字体/正文字
  📂 华康手札体W7 → 中文字体/标题字
  📂 思源黑体 ExtraLight → 中文字体/正文字
  📂 商用字体包270款 - 商用字体包270款 - 001-淘宝授权使用-华康字体-58款 - 华康少女文字W3 → 中文字体/手写体
  📂 "这是一款具有现代简约风格的无衬线体中文字体。其笔画粗细均匀，线条流畅自然，起笔收笔干净利落，转角处处理得圆润而不生硬，整体字形略显修长，视觉比例协调。字体的字怀（内空间）较为开放，这使得在屏幕显示和小字号阅读时仍能保持极佳的清晰度与舒适度。其中文字符结构规整，重心稳定居中，传递出一种友好、亲切又不失专业感的情绪。该字体 → 中文字体/标题字
  📂 "这是一款为数字时代精心打造的现代无衬线等线体（Noto Sans CJK Medium）。其最显著的特征是笔画粗细的绝对均匀性，起笔收笔及转角处理均呈现出干净利落的直角与直线，展现出强烈的几何理性。作为中等字重（Medium）版本，它在纤细与厚重之间取得了出色的平衡，既保证了正文阅读的舒适度，又具备足够的视觉分量。字形比例规整，中文方正、西文稍显修长，x字高（主要指拉丁字母）设置得较高，极大地提升了小字号下的可读性。整体重心稳定，字内空间开放适中，使得笔画繁简不一的字符在混排时能保持视觉灰度统一。这款字体设计风格极简、 → 中文字体/正文字
  📂 华康俪金黑W8 → 中文字体/标题字
  📂 002-其它类中文-可商用字体-126款 - 思源黑体18款 - NotoSansCJK-思源黑体 Google自有版本 - NotoSansCJK-DemiLight → 中文字体/正文字
  📂 商用字体包270款 - 商用字体包270款 - 001-淘宝授权使用-华康字体-58款 - 华康金文体W3 → 中文字体/正文字
  📂 002-其它类中文-可商用字体-126款 - 思源黑体18款 - NotoSansCJK-思源黑体 Google自有版本 - NotoSansCJK-Black → 中文字体/标题字
  📂 商用字体包270款 - 002-其它类中文-可商用字体-126款 - 思源黑体18款 - 思源黑体旧字形 Normal → 中文字体/正文字
  📂 DkansakuGothic Pro W3 (华康黑体W3) → 中文字体/正文字
  📂 思源黑体 旧字形 ExtraLight → 中文字体/正文字
  📂 华康标题宋W9(P) → 中文字体/标题字
  📂 Source Serif Pro SemiBold → 中文字体/标题字
  ✓ 完成: 成功 17, 失败 0
  📄 第 71 页: 20 个需要处理
  📂 商用字体包270款 - 002-其它类中文-可商用字体-126款 - 书体坊字体8款 - 书体坊禚效锋行草体 → 中文字体/标题字
  📂 Seaside Resort NF → 中文字体/装饰体
  📂 Roboto Thin → 中文字体/等线体
  📂 Railway → 中文字体/正文字
  📂 商用字体包270款 - 002-其它类中文-可商用字体-126款 - 书体坊字体8款 - 书体坊王学勤钢笔行书 → 中文字体/手写体
  📂 书体坊硬笔行书（含英文） → 中文字体/手写体
  📂 Pacifico → 中文字体/手写体
  📂 Nunito-Regular → 中文字体/正文字
  📂 "这款字体由书体坊的安景臣设计，完美模拟了钢笔在纸上书写的质感。中文 → 中文字体/其他
  📂 PoiretOne → 中文字体/标题字
  📂 思源黑体 Bold → 中文字体/正文字
  📂 Nexa Light → 中文字体/标题字
  📂 Muli-LightItalic → 中文字体/正文字
  📂 字体库 - 商用字体包270款 - 003-英文可商用字体-87款 - Roboto-Regular → 中文字体/正文字
  ✓ 完成: 成功 14, 失败 0
  📄 第 72 页: 20 个需要处理
  📂 Montserrat Light → 中文字体/正文字
  📂 Great Vibes → 中文字体/手写体
  📂 Kraskario → 韩文字体/衬线体
  📂 商用字体包270款 - 002-其它类中文-可商用字体-126款 - 刻石录字体5款 - 刻石录明体标点置中 → 中文字体/标题字
  📂 "这是一款兼具古典优雅与现代清晰感的衬线字体。其笔画具有明显的粗细对比，衬线设计经典而精致，并非简单的直线，而是带有微妙的曲线和尖角，如小写字母'a'和't'的衬线处理。字形比例适中，结构稳健，字重均匀（Regular），字怀（内部空间）开放，确保了良好的可读性。整体风格典雅、正式、且富有文人气息，传递出严谨、高端与可信赖的情感调性。它非常适合用作书籍、杂志的正文排版，或作为金融、教育、奢侈品、旅游行业品牌宣传、邀请函、证书及高端印刷品中的标题与正文，是一款适用于屏幕显示与 → 中文字体/标题字
  📂 Fira Sans Condensed Thin → 中文字体/正文字
  📂 字体模板 → 中文字体/衬线体
  📂 GemunuLibre-ExtraBold → 中文字体/标题字
  📂 Cute Sans Bold → 中文字体/装饰体
  📂 Encode Sans Expanded Medium → 中文字体/正文字
  📂 Dolce Vita → 中文字体/衬线体
  📂 商用字体包270款 - 002-其它类中文-可商用字体-126款 - 刻石录字体5款 - 刻石录钢笔鹤体 → 中文字体/标题字
  📂 华文新魏 → 中文字体/衬线体
  📂 字体库 - 商用字体包270款 - 003-英文可商用字体-87款 - FirstShine-Thin → 中文字体/装饰体
  📂 Cormorant SC Light → 中文字体/衬线体
  📂 字体库 - 商用字体包270款 - 003-英文可商用字体-87款 - DancingScript-Regular → 中文字体/手写体
  ✓ 完成: 成功 16, 失败 0
  📄 第 73 页: 20 个需要处理
  📂 Cormorant Upright Light → 中文字体/衬线体
  📂 "这是一款现代感强烈的几何无衬线粗体字体，整体风格硬朗而富有冲击力。其结构特征极为鲜明：笔画粗壮均匀，几乎无粗细变化；字母采用方正、略显宽厚的比例，字重达到极粗级别，视觉分量感十足；字母转角处理干净利落，部分结构如‘Q’和‘R’的尾巴带有简洁的几何切角 → 中文字体/标题字
  📂 "这是一款名为Cabin-SemiBoldItalic的人文主义衬线字体。其核心特征在于优雅的衬线设计与半粗（SemiBold）笔画相结合，同时整体向右倾斜，形成独特的斜体（Italic）效果。笔画富有粗 → 中文字体/正文字
  📂 Cabin-Regular → 中文字体/正文字
  📂 商用字体包270款 - 002-其它类中文-可商用字体-126款 - 冬青黑体2款 - Hiragino Sans GB W3 → 中文字体/正文字
  📂 BEYNO → 中文字体/装饰体
  📂 "这是一款现代感强烈的粗斜体无衬线字体。其笔画粗壮有力，字重较大，且整体向右倾斜约12度，带来明显的动感和方向性。字母形态呈现几何化特征，如‘o’接近圆形，‘ → 中文字体/标题字
  📂 Cabin Medium → 中文字体/标题字
  📂 文徽明体 → 中文字体/正文字
  📂 Amaranth → 中文字体/正文字
  📂 "这是一款具有现代简约风格的无衬线字体。其核心特征是笔画粗细高度均匀，几乎没有变化，呈现出一种干净、规整的视觉感受。字形结构清晰，比例协调，英文的x字高适中，中文的字面开阔，内部空间（字怀） → 中文字体/标题字
  📂 華康連連體 → 中文字体/装饰体
  📂 站酷意大利体 → 中文字体/衬线体
  📂 "这是一款极具视觉冲击力的现代无衬线标题字体。笔画特征极其粗壮、饱满，粗细变化几乎为零，起笔收笔和转角处理干净利落，多呈现直角或轻微的圆角，带有明显的几何感和力量感。字形比例偏方正，字面率极高，笔画几乎填满字身框，重心稳定居中。字怀（字内空间）因笔画过粗而显得相对封闭，尤其在笔画密集的字中尤为明显。其设计风格直白、现代，情感调性友好、硬朗且充满活力，视觉上非常紧凑、醒目。作为典型的POP风格字体，它天生带有强烈的商业宣传属性，能瞬间抓住观者视线。这款字体非常适合用于需要大字号、强吸引力的场景，如电商促销海报、社交媒体大图、短视频标题、综艺节目字幕、 → 中文字体/标题字
  📂 字体库 - 商用字体包270款 - 001-淘宝授权使用-华康字体-58款 - 華康榜書體 → 中文字体/标题字
  ✓ 完成: 成功 15, 失败 0
  📄 第 74 页: 20 个需要处理
  📂 商用字体包270款 - 002-其它类中文-可商用字体-126款 - 站酷字体7款 - 站酷高端黑 → 中文字体/标题字
  📂 "这是一款现代、活泼的卡通风格无衬线字体。其最显著的特征是笔画末端和转角处均采用了夸张而均匀的圆角处理，使整体字形显得极为圆润、柔和，如同卡通人物般充满亲和力与趣味性。笔画粗细一致，字重较粗，具有很强的视觉冲击力和吸引力。中文字符的结构方正饱满，字怀开放，字面率高，确保了优秀的可读性。该字体情感调性友好、亲切、轻松，视觉上呈现出舒展、有机的特质。非常适合用于儿童教育产品、玩具包装、休闲游戏界面、社交媒体表情包及轻松主题的海报标题设计。作为一款强调趣味与识别度的标题字或品牌字，它能有效营造欢乐、无压力的氛围，是儿童行业及年轻化品牌设计的理想 → 中文字体/标题字
  📂 "这是一款现代感十足、笔画均匀的粗体圆体字体。其结构特征 → 中文字体/标题字
  📂 商用字体包270款 - 002-其它类中文-可商用字体-126款 - 杨任东竹石体7款 - 杨任东竹石体-Regular → 中文字体/手写体
  📂 华康圆体 W3 (P) → 中文字体/正文字
  📂 杨任东竹石体-Light → 中文字体/手写体
  📂 "这是一款笔画粗壮、衬线锐利、结构方正的现代宋体变体字体，适用于需要强烈视觉冲击力的标题与品牌设计。该字体具有极粗的字重（W9），笔画粗细对比极为强烈，竖笔浑厚有力，横笔纤细锐利，形成独特的张力。字形比例方正，重心稳定居中，字面率较高，确保了在大尺寸下的醒目性。其设计风格融合了古典宋体的结构美感和现代字体的硬朗气质，情感调性严肃、正式、高端，同时带有强烈的工业感和力量感。 → 中文字体/标题字
  📂 新蒂小丸子小学版 → 中文字体/手写体
  📂 商用字体包270款 - 002-其它类中文-可商用字体-126款 - 新蒂字体3款 - 新蒂文征明简繁 → 中文字体/手写体
  📂 现代几何无衬线体 → 中文字体/标题字
  📂 文泉驿微米黑 → 中文字体/正文字
  📂 字体库 - 商用字体包270款 - 001-淘宝授权使用-华康字体-58款 - 华康娃娃体W5(P) → 中文字体/装饰体
  📂 商用字体包270款 - 002-其它类中文-可商用字体-126款 - 文泉驿字体4款 - 文泉驿等宽微米黑 → 中文字体/等线体
  📂 王汉宗中行书繁 → 中文字体/手写体
  📂 字体库 - 商用字体包270款 - 001-淘宝授权使用-华康字体-58款 - 华康宋体W7(P) → 中文字体/衬线体
  ✓ 完成: 成功 15, 失败 0
  📄 第 75 页: 20 个需要处理
  📂 王汉宗中明体注音 → 中文字体/手写体
  📂 华康手札体W7 → 中文字体/正文字
  📂 华康少女文字W3 → 中文字体/装饰体
  📂 "这是一款融合了现代几何感与传统明体（宋体）骨架的衬线字体。其核心结构特征在于拥有极其锐利、角度分明的直角或尖角衬线，无论是中文字符的横画末端 → 中文字体/衬线体
  📂 "这是一款兼具几何精准度与人文圆润感的现代无衬线中文字体。其核心结构特征在于笔画粗细高度均匀，起收笔干净利落，展现出精致的现代工艺感；然而在转角与部分笔画末端，设计师巧妙地融入了微妙的圆润化处理，有效中和了纯几何字体的冷峻感，使其呈现出刚柔并济的独特气质。字形比例略偏修长，重心稳定居中，字内空间（字怀）开阔通透，确保了在小字号与高密度排版下依然保持卓越的清晰度与呼吸感。情感调性上，它友好、亲切、平静且带有一丝优雅的秩序感，风格极简而富有现代设计美感。这款字体非常适合作为数字内容（如APP界面、网页正文、电子书）的默认 → 中文字体/正文字
  📂 王汉宗中楷体注音 → 中文字体/手写体
  📂 王汉宗中楷体（含注音版） → 中文字体/正文字
  📂 "这是一款兼具传统韵味与现代排版适配性的仿宋风格中文字体。其最显著的结构特征在于强烈的笔画粗细对比，横画纤细而竖画相对饱满，呈现出“横细竖粗”的经典形态。起笔与收笔处带有精致的、模拟毛笔“顿笔”效果的衬线装饰，笔画末端形态清晰而富有书法笔意。字形整体方正严谨，中宫收紧，重心稳定，字面率适中， → 中文字体/衬线体
  📂 王汉宗中明体 → 中文字体/衬线体
  📂 方正兰亭黑体 → 中文字体/正文字
  📂 华康黑体 W7 → 中文字体/正文字
  📂 商用字体包270款 - 002-其它类中文-可商用字体-126款 - 王汉宗自由字形42款 - 王汉宗颜楷体繁 → 中文字体/标题字
  📂 字体库 - 商用字体包270款 - 001-淘宝授权使用-华康字体-58款 - 华康勘亭流W9 → 中文字体/标题字
  📂 华康黑体W3 → 中文字体/标题字
  📂 商用字体包270款 - 002-其它类中文-可商用字体-126款 - 王汉宗自由字形42款 - 王汉宗细圆体繁 → 中文字体/正文字
  📂 "这是一款继承了传统明体（宋体）骨架，并在此基础上进行纤细化处理的繁体中文衬线字体。其最显著的结构特征是横画与竖画的粗细对比强烈，呈现典型的“横细竖粗”特点，但笔画整体比标准宋体更为纤细、优雅。字形修长，重心偏高，显得挺拔精神。字内空间（字怀）开放，确保了良好的清晰度与可读性。风格上，它散发着浓郁的古典文艺气息，情感调性沉静、典雅、具有书卷气，适合用于需要体现传统美感与精致排版的场景。具体而言，它非常适合书籍正文排版、杂志内文、 → 中文字体/标题字
  📂 王汉宗中明体注音版 → 中文字体/衬线体
  📂 王漢宗中仿宋體 → 中文字体/衬线体
  ✓ 完成: 成功 18, 失败 0
  📄 第 76 页: 20 个需要处理
  📂 王漢宗特圓體 → 中文字体/标题字
  📂 商用字体包270款 - 002-其它类中文-可商用字体-126款 - 王汉宗自由字形42款 - 王汉宗特明体-标准 → 中文字体/标题字
  📂 商用字体包270款 - 002-其它类中文-可商用字体-126款 - 王汉宗自由字形42款 - 王汉宗酷正海报 → 中文字体/标题字
  📂 "这是一款以卡通风格为核心、视觉识别度极高的空心轮廓字体。其核心特征在于所有字符均由粗细均匀的黑色轮廓线勾勒而成，内部完全留白，形成了独特的“描边”或“空心”视觉效果。笔画粗壮饱满，所有转角、起笔和收笔处均采用大弧度的圆角处理，完全避免了尖锐棱角，营造出柔和、膨胀的视觉感受。字形结构偏宽，字面率高，视觉重心稳定，笔画内部的留白区域均匀且开阔，极大地增强了字体的图形化与装饰感。这种设计融合了卡通的活泼趣味与几何的规整感，风格轻松友好，充满童趣与创意。它非常适合用于需要突出趣味性、亲 → 中文字体/装饰体
  📂 王漢宗酷儷海報體 → 中文字体/手写体
  📂 商用字体包270款 - 002-其它类中文-可商用字体-126款 - 王汉宗自由字形42款 - 王汉宗海报体-半天水 → 中文字体/标题字
  📂 王汉宗仿宋_标准 → 中文字体/正文字
  📂 商用字体包270款 - 002-其它类中文-可商用字体-126款 - 王汉宗自由字形42款 - 王汉宗特圆体繁 → 中文字体/其他
  📂 商用字体包270款 - 002-其它类中文-可商用字体-126款 - 王汉宗自由字形42款 - 王汉宗粗明体繁 → 中文字体/标题字
  📂 王漢宗超明體繁 → 中文字体/衬线体
  📂 方正兰亭黑体 → 中文字体/标题字
  📂 王汉宗超明体繁 → 中文字体/正文字
  📂 王汉宗正颜楷一钟鼎山林 → 中文字体/衬线体
  📂 王汉宗波卡体-空阴 → 中文字体/标题字
  📂 商用字体包270款 - 002-其它类中文-可商用字体-126款 - 王汉宗自由字形42款 - 王汉宗仿宋体-标准 → 中文字体/衬线体
  ✓ 完成: 成功 15, 失败 0
  📄 第 77 页: 20 个需要处理
  📂 汉仪字典宋简 → 中文字体/标题字
  📂 字体库 - 商用字体包270款 - 002-其它类中文-可商用字体-126款 - 台湾明体 → 中文字体/衬线体
  📂 汉仪篆书繁体 → 中文字体/标题字
  📂 思源黑体 Regular → 中文字体/正文字
  📂 Noto Serif CJK SC SemiBold → 中文字体/衬线体
  📂 "这是一款融合了现代几何感与传统印刷风格的优雅衬线体。其最显著的结构特征是笔画上存在极为清晰且规律的粗细对比：竖笔与主要结构笔画粗壮有力，而横笔、连接笔画以及收笔处的装饰性衬线则纤细精致，这种强烈的对比塑造了字体的立体感与节奏感。字母与汉字的中宫收紧，重心平稳，字面率较高，整体形态挺拔、规整且极具张力。设计风格兼具古典的典雅与现代的锐利，情感调性正式、专业且充满高端质感。它非常适合用于需要体现权威、经典或奢华感的场景，如品牌Logo、书籍封面、高端产品包装、邀请函、海报主标题以及金融、奢侈品、出版等行业的宣传材料，是一款能显著提升设计格调与视觉 → 中文字体/正文字
  📂 "这是一款经典的中文宋体字体，呈现出现代、规整且略带几何感的视觉效果。其笔画粗细均匀，横画与竖画宽度接近，结构方正稳定，字腔开阔，具有极高的清晰度和中性气质。字体融合了传统宋体的骨架结构与无衬线的现代感处理，尤其在笔画的起笔、收笔和转角处处理得简洁、利落 → 中文字体/标题字
  📂 汉仪竹节体简 → 中文字体/其他
  📂 汉仪简黑体 (或类似等效的现代无衬线体) → 中文字体/正文字
  📂 汉仪中黑简 → 中文字体/标题字
  📂 商用字体包270款 - 002-其它类中文-可商用字体-126款 - 思源宋体7款 - NotoSerifCJKsc-ExtraLight → 中文字体/衬线体
  📂 汉仪中等线简 → 中文字体/正文字
  📂 "汉仪智楷繁是一款融合了传统楷书笔画结构与现代设计感的繁体中文衬线字体。其字形端正严谨，笔画起收处有明显的顿笔和回锋细节，保留了楷书的书法韵味，但整体结构更为规整、均衡，具有较高的辨识度和良好的阅读性。笔画粗细对比适中， → 中文字体/标题字
  📂 思源黑体 Medium → 中文字体/正文字
  📂 汉仪赵丽颖体简 → 中文字体/手写体
  📂 商用字体包270款 - 002-其它类中文-可商用字体-126款 - 思源宋体7款 - NotoSerifCJKsc-Black → 中文字体/标题字
  📂 字体库 - 分类字体包 - JYLZTHJ008-汉仪字体合集 - 汉仪珍珠隶简 → 中文字体/衬线体
  📂 字体库 - 分类字体包 - JYLZTHJ008-汉仪字体合集 - 汉仪长艺体简 → 中文字体/装饰体
  ✓ 完成: 成功 18, 失败 0
  📄 第 78 页: 20 个需要处理
  📂 汉仪长宋 → 中文字体/衬线体
  📂 汉仪长宋简 → 中文字体/衬线体
  📂 汉仪长仿宋体 → 中文字体/衬线体
  📂 "这是一款具有鲜明个人书写风格的中文手写体。其结构特征表现为笔画粗细变化自然，起笔与收笔带有明显的毛笔触感，转角圆润流畅，无锐利棱角。字形比例上，英文与数字显得较为宽体，中文则方正中见舒展，字面率较大，字重达到中粗级别，整体视觉份量感足。重心居中，字怀（字内空间）开放，笔画间留有呼吸感，阅读体验轻松。设计风格上，它融合了现代感与传统书法韵味，情感调性亲切、活泼且富有文艺气息，视觉上呈现出有机、圆润的特征。笔画连接方面，英文字母独立，中文笔画则有自然的行书连带感，但非完全连笔。该字体非常适合用于营造轻松、友好氛围的场景，如社交媒体 → 中文字体/标题字
  📂 商用字体包270款 - 002-其它类中文-可商用字体-126款 - 思源黑体7款 - SourceHanSansK-Light → 中文字体/正文字
  📂 思源黑体 Normal (Source Han Sans K) → 中文字体/无衬线体
  📂 字体库 - 分类字体包 - JYLZTHJ008-汉仪字体合集 - 汉仪悠然体简 → 中文字体/正文字
  📂 商用字体包270款 - 002-其它类中文-可商用字体-126款 - 思源黑体7款 - SourceHanSansK-ExtraLight → 中文字体/标题字
  📂 "这是一款兼具手写笔触与现代规整感的中文无衬线字体。其笔画特征粗细高度均匀，线条干净利落，起笔与收笔处处理得较为果断利落，转角处带有自然流畅的圆润感，整体呈现出一种流畅的手写痕迹。字形结构方正适中，略带修长感，字内空间开放通透，重心平稳居中，赋予字体轻松自然又不失稳定可靠的视觉感受。设计风格上，它完美融合了手写体的自然亲切与现代字体的清晰规整，情感调性友好、活泼、充满文艺气息，视觉特征介于圆润与利落之间，带有一定的舒展感。此字体非常适合用于社交媒体图文标题、文创产品包装、轻量级品牌Logo、休闲类APP界面、以及需要传递轻松、创意、亲和氛围的海报与广告设计。它在 → 中文字体/手写体
  📂 汉仪圆叠体繁 → 中文字体/其他
  📂 汉仪伊宁隶繁 → 中文字体/装饰体
  📂 002-其它类中文-可商用字体-126款 - 思源黑体18款 - SourceHanSansCN-思源黑体 简体中文版 - SourceHanSansCN-Medium → 中文字体/正文字
  📂 现代无衬线正文字体 → 中文字体/标题字
  📂 002-其它类中文-可商用字体-126款 - 思源黑体18款 - SourceHanSansCN-思源黑体 简体中文版 - SourceHanSansCN-Regular → 中文字体/等线体
  📂 字体库 - 分类字体包 - JYLZTHJ008-汉仪字体合集 - 汉仪雁翎体简 → 中文字体/手写体
  📂 汉仪雅酷黑W → 中文字体/标题字
  📂 002-其它类中文-可商用字体-126款 - 思源黑体18款 - SourceHanSansCN-思源黑体 简体中文版 - SourceHanSansCN-Bold → 中文字体/标题字
  📂 字体库 - 分类字体包 - JYLZTHJ008-汉仪字体合集 - 汉仪雪君体简 → 中文字体/手写体
  📂 字体库 - 分类字体包 - JYLZTHJ008-汉仪字体合集 - 汉仪雪峰体简 → 中文字体/装饰体
  ✓ 完成: 成功 19, 失败 0
  📄 第 79 页: 20 个需要处理
  📂 002-其它类中文-可商用字体-126款 - 思源黑体18款 - NotoSansCJK-思源黑体 Google自有版本 - NotoSansCJK-Regular → 中文字体/正文字
  📂 汉仪许嵩体简 → 中文字体/标题字
  📂 汉仪秀英体简 → 中文字体/标题字
  📂 002-其它类中文-可商用字体-126款 - 思源黑体18款 - NotoSansCJK-思源黑体 Google自有版本 - NotoSansCJK-Light → 中文字体/正文字
  📂 字体库 - 分类字体包 - JYLZTHJ008-汉仪字体合集 - 汉仪秀体简 → 中文字体/正文字
  📂 字体库 - 分类字体包 - JYLZTHJ008-汉仪字体合集 - 汉仪行楷简 → 中文字体/手写体
  📂 NotoSansCJK-Bold → 中文字体/标题字
  📂 汉仪新人文宋W → 中文字体/正文字
  📂 汉仪谢娜体简 → 中文字体/手写体
  📂 汉仪星宇体简锐角版 → 中文字体/其他
  📂 商用字体包270款 - 002-其它类中文-可商用字体-126款 - 思源黑体18款 - 思源黑体旧字形 Regular → 中文字体/其他
  📂 字体库 - 分类字体包 - JYLZTHJ008-汉仪字体合集 - 汉仪晓波折纸体简 → 中文字体/装饰体
  📂 商用字体包270款 - 002-其它类中文-可商用字体-126款 - 思源黑体18款 - 思源黑体旧字形 Light → 中文字体/正文字
  📂 字体库 - 分类字体包 - JYLZTHJ008-汉仪字体合集 - 汉仪小麦体简 → 中文字体/手写体
  📂 商用字体包270款 - 002-其它类中文-可商用字体-126款 - 书体坊字体8款 - 書體坊顏體㊣ → 中文字体/衬线体
  📂 汉仪圆叠黑简 → 中文字体/正文字
  📂 字体库 - 分类字体包 - JYLZTHJ008-汉仪字体合集 - 汉仪小隶书繁 → 中文字体/衬线体
  ✓ 完成: 成功 17, 失败 0
  📄 第 80 页: 20 个需要处理
  📂 商用字体包270款 - 002-其它类中文-可商用字体-126款 - 书体坊字体8款 - 书体坊雪纯体 → 中文字体/手写体
  📂 商用字体包270款 - 002-其它类中文-可商用字体-126款 - 书体坊字体8款 - 书体坊赵九江钢笔行书 → 中文字体/手写体
  📂 HarmonyOS Sans / 小米兰亭Pro（基于视觉特征推测） → 中文字体/等线体
  📂 汉仪夏日体W → 中文字体/装饰体
  📂 全字库正宋体 → 中文字体/衬线体
  📂 字体库 - 分类字体包 - JYLZTHJ008-汉仪字体合集 - 汉仪细中圆繁 → 中文字体/正文字
  📂 "这是一款现代感十足的无衬线字体，属于汉仪字库的细圆系列。其结构特征表现为笔画粗细 → 中文字体/标题字
  📂 汉仪细行楷简 → 中文字体/正文字
  📂 汉仪细等线简 → 中文字体/标题字
  📂 "这是一款现代感十足、方正硬朗的无衬线字体。其笔画粗细均匀，线条挺拔，字形结构严谨方正，具有极高的字面率和辨识度。字体字重较粗（85W），重心稳定，笔画末端（如字母“A”、“M”）带有干脆的斜切处理，呈现出明显的几何感和现代工业美学，整体风格简洁、有力、直接。其情感调性严肃、稳重且具有科技感，视觉上显得紧凑、硬朗、富有冲击力。最适合用作需要力量感和高辨识度的标题设计，如科技产品海报、金融品牌Logo、运动赛事宣传、网页大标题、书籍封面 → 中文字体/标题字
  📂 全字库说文解字黑体 → 中文字体/正文字
  📂 分类字体包 - JYLZTHJ008-汉仪字体合集 - 汉仪文黑系列 - 汉仪文黑-65W → 中文字体/正文字
  📂 分类字体包 - JYLZTHJ008-汉仪字体合集 - 汉仪文黑系列 - 汉仪文黑-45W → 中文字体/标题字
  📂 濑户字体 → 中文字体/等线体
  📂 刻石录黑体 → 中文字体/正文字
  📂 汉仪微微欲飞简 → 中文字体/标题字
  📂 汉仪王行楷繁体 → 中文字体/手写体
  📂 "这是一款具有自然手写质感的中文简体字体，以明星“王俊凯”的书写风格为设计蓝本。字体结构上，属于无衬线体，笔画粗细均匀中带有手写特有的细微力度变化，转角处理圆润流畅，起笔收笔自然，带有轻微的笔触抖动感，呈现出放松而不失力度的书写状态。字形比例适中，字怀（字内空间）开放，视觉重心偏高，整体显得挺拔且富有活力。风格上，它精准捕捉了现代年轻人书写时的亲切感与随性，情感调性友好、活泼、充满青春气息，既不过于严肃也不过于夸张，适合作为传递个人化、年轻化信息的载体。其独特的 → 中文字体/标题字
  📂 几何黑体 → 中文字体/其他
  ✓ 完成: 成功 19, 失败 0
  📄 第 81 页: 20 个需要处理
  📂 现代方正无衬线体（基于特征命名，具体名称需核实） → 中文字体/正文字
  📂 分类字体包 - JYLZTHJ008-汉仪字体合集 - 汉仪铁线黑系列 - 汉仪铁线黑-45J → 中文字体/等线体
  📂 刻石录明体 → 中文字体/衬线体
  📂 华文行楷 → 中文字体/手写体
  📂 汉仪铁线黑-65J → 中文字体/其他
  📂 冬青黑体 (Hiragino Sans GB W6) → 中文字体/等线体
  📂 字体库 - 分类字体包 - JYLZTHJ008-汉仪字体合集 - 汉仪跳跳体简 → 中文字体/装饰体
  📂 华文隶书 → 中文字体/衬线体
  📂 汉仪宋韵朗黑W → 中文字体/标题字
  📂 "这是一款融合了隶书与楷书神韵、并经过现代化设计的装饰性衬线字体。其核心特征在于笔画末端带有明显而优雅的波挑装饰，这种装饰并非完全复刻古隶 → 中文字体/手写体
  📂 字体库 - 分类字体包 - JYLZTHJ008-汉仪字体合集 - 汉仪糖糖体简 → 中文字体/手写体
  📂 汉仪水滴体繁体 → 中文字体/其他
  📂 字体库 - 商用字体包270款 - 001-淘宝授权使用-华康字体-58款 - 華康小皮體 → 中文字体/装饰体
  📂 字体库 - 分类字体包 - JYLZTHJ008-汉仪字体合集 - 汉仪双线体简 → 中文字体/装饰体
  📂 汉仪黑体简 → 中文字体/正文字
  📂 "这是一款源自经典宋体字族、结构严谨的中文衬线字体。其最显著的特征是笔画粗细对比鲜明：横画纤细如发，竖画粗壮有力，形成了典型的“横细竖粗”视觉节奏。笔画末端带有标准的、如小三角般的衬线装饰，起笔处有精致的点状顿笔，收笔利落，转角处方正刚劲，毫不含糊。字形方正饱满，中宫收紧，字怀（内部空间）开放适度，重心平稳居中，整体比例匀称端正，展现出极高的清晰度和阅读舒适性。设计风格古典而正式，情感调性端庄、典雅，富有浓厚的文化书 → 中文字体/衬线体
  📂 汉仪书宋一简 → 中文字体/衬线体
  📂 思源黑体 → 中文字体/其他
  ✓ 完成: 成功 18, 失败 0
  📄 第 82 页: 20 个需要处理
  📂 汉仪书魂体简 → 中文字体/正文字
  📂 华康POP3体W12 → 中文字体/手写体
  📂 字体库 - 商用字体包270款 - 001-淘宝授权使用-华康字体-58款 - 華康抖抖體 → 中文字体/其他
  📂 分类字体包 - JYLZTHJ008-汉仪字体合集 - 汉仪润圆系列 - 汉仪润圆-75W → 中文字体/等线体
  📂 汉仪神工体简 → 中文字体/标题字
  📂 字体库 - 分类字体包 - JYLZTHJ008-汉仪字体合集 - 汉仪瘦金书繁 → 中文字体/手写体
  📂 分类字体包 - JYLZTHJ008-汉仪字体合集 - 汉仪润圆系列 - 汉仪润圆-55W → 中文字体/正文字
  📂 华康POP1体W5 → 中文字体/标题字
  📂 "这是一款具有显著现代感和亲和力的无衬线圆体字体。在结构特征上，其最核心的设计在于笔画的起笔、收笔、转折及尖角处均进行了彻底 → 中文字体/装饰体
  📂 汉仪润圆-35W → 中文字体/标题字
  📂 汉仪全唐诗简 → 中文字体/正文字
  📂 汉仪晴空体繁 → 中文字体/标题字
  📂 字体库 - 商用字体包270款 - 001-淘宝授权使用-华康字体-58款 - 华康雅艺体W6-B5 → 中文字体/装饰体
  📂 字体库 - 商用字体包270款 - 001-淘宝授权使用-华康字体-58款 - 华康魏碑W7(P) → 中文字体/衬线体
  📂 字体库 - 分类字体包 - JYLZTHJ008-汉仪字体合集 - 汉仪青云W → 中文字体/手写体
  📂 字体库 - 商用字体包270款 - 001-淘宝授权使用-华康字体-58款 - 华康唐风隶W5 → 中文字体/衬线体
  ✓ 完成: 成功 16, 失败 0
  📄 第 83 页: 20 个需要处理
  📂 华康宋体W5 → 中文字体/衬线体
  📂 华康宋体W12(P) → 中文字体/衬线体
  📂 汉仪平安行简 → 中文字体/正文字
  📂 汉仪喵魂体 → 中文字体/装饰体
  📂 字体库 - 商用字体包270款 - 001-淘宝授权使用-华康字体-58款 - 华康手札体简W5 → 中文字体/正文字
  📂 字体库 - 分类字体包 - JYLZTHJ008-汉仪字体合集 - 汉仪咪咪体繁 → 中文字体/装饰体
  📂 "这是一款现代感十足的无衬线中文字体，整体风格简洁、规整且富有亲和力。从结构上看，字体笔画粗细均匀，起笔收笔利落，转角处均采用圆润处理，避免了尖锐的视觉感受。字形比例匀称，x字高（汉字的重心部分）较高，使得中宫开放，字内空间舒适透气，字面率适中，保证了良好的屏幕渲染效果和阅读舒适度。字重属于中等（Regular），重心稳定居中，结构方正稳健 → 中文字体/标题字
  📂 汉仪六字黑简 → 中文字体/装饰体
  📂 "这是一款具有强烈几何感和现代气质的无衬线粗体字体。其最显著的结构特征在于笔画粗细极其均匀，所有竖向笔画的末端（如字母“i”、“l”、“j”的末端，以及所有竖笔的起收）均采用垂直平直的切割方式，没有任何圆点或衬线装饰，显得极为干练、锐利。字形整体方正饱满， → 中文字体/标题字
  📂 字体库 - 分类字体包 - JYLZTHJ008-汉仪字体合集 - 汉仪萝卜体简 → 中文字体/装饰体
  📂 方正兰亭黑 → 中文字体/正文字
  📂 字体库 - 分类字体包 - JYLZTHJ008-汉仪字体合集 - 汉仪凌波体简 → 中文字体/手写体
  📂 "这是一款将传统楷书骨架与现代行书笔意融合的“新小楷”书法字体。其笔画具有明显的提按节奏与毛笔质感，粗细变化自然，起笔、收笔与转折处可见笔锋，避免了机械刻板。字形结构舒展而不失规整，重心居中偏稳，字内空间适中，既保证了良好的可读性，又赋予了灵动优雅的视觉气质。整体风格兼具古典韵味与现代感，情感调性优雅、文艺且富有温度，非常适合用于文化品牌标题、书籍封面、艺术海报、邀请函、高端包装设计以及 → 中文字体/手写体
  📂 字体模板 → 中文字体/等线体
  ✓ 完成: 成功 14, 失败 0
  📄 第 84 页: 20 个需要处理
  📂 汉仪楷体简 → 中文字体/衬线体
  📂 汉仪劲楷简 → 中文字体/正文字
  📂 字体库 - 商用字体包270款 - 001-淘宝授权使用-华康字体-58款 - 华康楷体W5 → 中文字体/衬线体
  📂 华康黑体W5 → 中文字体/正文字
  📂 字体库 - 分类字体包 - JYLZTHJ008-汉仪字体合集 - 汉仪家书简 → 中文字体/手写体
  📂 字体库 - 分类字体包 - JYLZTHJ008-汉仪字体合集 - 汉仪火柴体简 → 中文字体/装饰体
  📂 中黑体（无衬线） → 中文字体/正文字
  📂 字体库 - 分类字体包 - WHZ字体打包 - 王漢宗中明體破音三 → 中文字体/衬线体
  📂 "这是一款现代感极强的艺术无衬线标题字体。其结构特征极为鲜明：笔画粗细对比强烈，横笔纤细，竖笔极其粗壮，形成了极具张力的视觉节奏。字形方正宽博，大写字母重心稳健，字怀空间开阔。设计风格硬朗、几何化且富有装饰性，所有转角均处理为锐利的直角或利落的切割面，笔画末端干脆利落，无多余装饰。整体情感调性充满力量感、现代感和高端艺术气息，视觉上锐利、紧凑、极具冲击力 → 中文字体/标题字
  📂 汉仪琥珀体繁 → 中文字体/装饰体
  📂 王汉宗特明体标准体 → 中文字体/衬线体
  📂 汉仪黑棋体 → 中文字体/装饰体
  📂 汉仪黑咪体繁 → 中文字体/标题字
  📂 Noto Sans SC → 中文字体/正文字
  📂 字体库 - 分类字体包 - WHZ字体打包 - 王漢宗中仿宋繁 → 中文字体/衬线体
  ✓ 完成: 成功 15, 失败 0
  📄 第 85 页: 20 个需要处理
  📂 王汉宗粗明体繁 → 中文字体/标题字
  📂 "这是一款极具视觉冲击力与现代艺术感的装饰字体。其最显著的结构特征在于笔画末端独特的波浪形装饰，如同海面起伏的波纹，赋予了字体流动的生命力 → 中文字体/其他
  📂 王漢宗超黑體俏皮動物 → 中文字体/装饰体
  📂 汉仪哈哈体简 → 中文字体/装饰体
  📂 字体库 - 分类字体包 - JYLZTHJ008-汉仪字体合集 - 汉仪寒石体繁 → 中文字体/手写体
  📂 字体库 - 分类字体包 - JYLZTHJ008-汉仪字体合集 - 汉仪光棍要火简 → 中文字体/装饰体
  📂 王漢宗標楷體一空心 → 中文字体/正文字
  📂 方正几何无衬体 → 中文字体/正文字
  📂 汉仪足球宝贝简 → 中文字体/装饰体
  📂 字体库 - 分类字体包 - JYLZTHJ008-汉仪字体合集 - 汉仪高铚谦体繁 → 中文字体/正文字
  📂 字体库 - 分类字体包 - JYLZTHJ008-汉仪字体合集 - 汉仪综艺体繁 → 中文字体/标题字
  📂 分类字体包 - JYLZTHJ008-汉仪字体合集 - 汉仪刚艺体系列 - 汉仪刚艺体-45W → 中文字体/等线体
  📂 字体库 - 分类字体包 - JYLZTHJ008-汉仪字体合集 - 汉仪铸字童年体W → 中文字体/装饰体
  📂 字体库 - 分类字体包 - JYLZTHJ008-汉仪字体合集 - 汉仪字典宋繁 → 中文字体/衬线体
  ✓ 完成: 成功 14, 失败 0
  📄 第 86 页: 20 个需要处理
  📂 汉仪仿宋繁体 → 中文字体/衬线体
  📂 汉仪中圆繁 → 中文字体/正文字
  📂 字体库 - 分类字体包 - JYLZTHJ008-汉仪字体合集 - 汉仪竹节体繁 → 中文字体/装饰体
  📂 汉仪方墨体繁 → 中文字体/其他
  📂 汉仪范笑歌隶书简 → 中文字体/衬线体
  📂 汉仪中隶书简 → 中文字体/标题字
  📂 "汉仪蝶语体简是一款将手写书法神韵与现代装饰美学深度融合的艺术字体。其核心结构特征在于笔画具有强烈的粗细对比，尤其在笔画末端呈现出饱满的、近似水滴状或花苞状的装饰性收笔，起笔处常带有轻微的顿挫感，模拟毛笔书写的自然韵律。英文字母的x字高较高，字形饱满；中文字符结构宽松舒展，字面率较高，重心稳定居中，字内空间开放，确保了良好的识别度。整体风格生动有机，视觉上圆润流畅且充满动态的优雅感，情感调性亲切、文艺且富有女性化的柔美气质。这是一款装饰性极强的标题字体，最适合用于需要艺术氛围和情感表达的场景，例如时尚品牌海报、美妆 → 中文字体/装饰体
  📂 字体库 - 分类字体包 - JYLZTHJ008-汉仪字体合集 - 汉仪中宋简 → 中文字体/衬线体
  📂 汉仪中黑繁 → 中文字体/正文字
  📂 汉仪中楷简 → 中文字体/衬线体
  📂 "这是一款以可爱小狗为主题、极具创意和趣味性的中文字体。其核心结构为无衬线体，笔画粗细适中且变化自然，呈现出手写般的随性质感，起笔、收笔及转角处均采用圆润设计，避免了尖锐的棱角。字形比例偏宽，字面率较大，视觉上饱满可爱，重心居中偏稳。其最显著的特征在于将生动的小狗表情符号（如狗头、爪印、爱心等）巧妙地嵌入或连接到部分汉字的笔画末端，如“好”、“界”、“设”等字，这些装饰元素与笔画浑然一体，既是字体的点睛之笔，也构成了其“单身汪”主题的核心视觉语言，充满了萌系气息和幽默感。英文及数字部分则保持了简洁 → 中文字体/标题字
  📂 字体库 - 分类字体包 - JYLZTHJ008-汉仪字体合集 - 汉仪嘟嘟体简 → 中文字体/装饰体
  📂 字体库 - 分类字体包 - JYLZTHJ008-汉仪字体合集 - 汉仪中等线繁 → 中文字体/标题字
  📂 汉仪智草繁 → 中文字体/手写体
  📂 字体库 - 分类字体包 - JYLZTHJ008-汉仪字体合集 - 汉仪大宋简 → 中文字体/衬线体
  📂 "这是一款融合了隶书笔意的创意展示字体。其最显著的结构特征是极具分量的字重与扁方的字形比例，横画舒展且厚重，竖画相对收敛，形成强烈的粗细对比。笔画的起笔处常有饱满的“蚕头”造型，收笔处则带有经典隶书的“波磔”上挑装饰，转角处理圆润有力，整体重心偏低，营造出稳重、大气的视觉感受。在风格上，它古典而庄重，兼具传统书法的韵味与现代字体设计的规整感，情感调性偏向优雅、正式与文化底蕴。这款字体因其强烈的视觉冲击力和独特的传统美感，非常适合作为中式餐饮品牌、文化类活动海报、茶叶或传统工艺品包装、旅游景区标识以及书籍封面的大标题使用，能够瞬间奠定高端、有格调的视觉基调， → 中文字体/标题字
  📂 字体模板 → 中文字体/装饰体
  ✓ 完成: 成功 17, 失败 0
  📄 第 87 页: 20 个需要处理
  📂 汉仪长艺体繁 → 中文字体/装饰体
  📂 字体库 - 分类字体包 - JYLZTHJ008-汉仪字体合集 - 汉仪赵楷繁 → 中文字体/手写体
  📂 字体库 - 分类字体包 - JYLZTHJ008-汉仪字体合集 - 汉仪长宋繁 → 中文字体/衬线体
  📂 "这是一款源自书法家张乃仁先生墨宝的行书字体，整体呈现出浓厚的传统文化底蕴与文人书写气质。其核心特征在于笔画间强烈的墨韵质感与动态的连笔节奏。起笔处常有锐利而果断的“入笔”形态，收笔则根据笔势或出锋 → 中文字体/手写体
  📂 "这是一款笔画极其粗壮、带有显著圆形装饰元素的现代装饰字体。其结构特征鲜明：采用无衬线体设计，笔画浑厚饱满，字重极粗，笔画末端和转角处经过圆润处理，而非锋利切割。字形整体偏向宽体，x字高较高，字面率极高，使每个字符都显得饱满有力。字内空间（字怀）因笔画的粗壮而略显紧凑，但通过巧妙的圆形装饰（如字母“i”和“j”的点变为圆圈，数字“0”内部的圆圈）维持了视觉的趣味性和一定的呼吸感。设计风格现代且极具装饰性，情感调性友好、活泼，略带趣味和亲和力。视觉上圆润、舒展，笔画独立，没有连笔。这款字体最独特之处在于其“粗圆叠”的组合美学，即在极粗的无衬线骨架上，叠加了富有节奏感的圆形符号作为笔画的一部分，形成了强烈的视觉记忆点。它非常适合用于需要高辨识度和视觉冲击力的场景，例如品牌Logo、海报主标题、产品包装、儿童相关设计、社交媒体 → 中文字体/标题字
  📂 汉仪元隆黑-35简 → 中文字体/正文字
  📂 字体库 - 分类字体包 - JYLZTHJ008-汉仪字体合集 - 汉仪粗篆繁 → 中文字体/装饰体
  📂 汉仪褚楷繁 → 中文字体/衬线体
  📂 字体库 - 分类字体包 - JYLZTHJ008-汉仪字体合集 - 汉仪意宋W → 中文字体/衬线体
  📂 汉仪手写体 → 中文字体/手写体
  📂 汉仪叶叶相思简 → 中文字体/装饰体
  📂 字体库 - 分类字体包 - JYLZTHJ008-汉仪字体合集 - 汉仪晨妹子 → 中文字体/正文字
  ✓ 完成: 成功 12, 失败 0
  📄 第 88 页: 20 个需要处理
  📂 "这是一款极具戏剧张力和装饰艺术风格的装饰字体，其设计核心灵感明确源自蝴蝶飞舞时翅膀的形态。该字体最显著的特征是在字母和汉字笔画的起笔、收笔及关键转角处，都添加了向外放射的、尖锐纤细的装饰性笔画，如同蝶翼的精致边缘，形成了强烈的视觉焦点。笔画粗细对比极为悬殊，主笔画浑厚、饱满、有力，而装饰性线条则极其纤细、锐利，这种强烈的反差营造出华丽、优雅且充满节奏感的视觉效果。整体字形结构舒展，重心稳健，字内空间（字怀）相对开放，避免了因装饰繁复而产生的拥挤感。其风格带有浓郁的装饰艺术（Art Deco）和复古美学特征，情感上既高贵优雅又富有现代戏剧性。非常适合用于需要强烈视觉吸引力和艺术表现力的场景，如时尚品牌标题、高端产品包装、艺术展览海报、杂志封面以及创意活动邀请 → 中文字体/装饰体
  📂 汉仪彩云体简 → 中文字体/标题字
  📂 字体库 - 分类字体包 - JYLZTHJ008-汉仪字体合集 - 汉仪颜楷繁 → 中文字体/衬线体
  📂 汉仪柏京体简 → 中文字体/装饰体
  📂 "宋体，汉仪，中文衬线体，横细竖粗，印刷字体，书籍排版，传统典雅，正式，精致衬线，经典设计，文化感，长文阅读，出版，学术，教育，高 → 中文字体/衬线体
  📂 汉仪旗黑Y4-95W → 中文字体/标题字
  📂 "这是一款充满童趣与亲切感的无衬线卡通字体。其结构特征极为鲜明：笔画粗细高度均匀，没有传统手写体的轻重变化，呈现出稳定、朴实的等线感。所有笔画的起笔、收笔和转角处都经过了极致的圆润化处理，毫无尖锐棱角，营造出一种独特的“钝感萌”视觉效果。字形比例偏 → 中文字体/装饰体
  📂 分类字体包 - JYLZTHJ008-汉仪字体合集 - 71款汉仪旗黑系列全集 - 汉仪旗黑Y4-75W → 中文字体/等线体
  📂 "这是一款具有浓郁传统毛笔书写韵味的繁体手写体中文字体。笔画特征鲜明，粗细变化自然流畅，完美模拟了软笔书写的提按顿挫节奏，起笔处常有尖锐入锋，收笔处带有清晰的回锋与顿点，转折圆润而不失力度。字形结构舒展大方，中宫较为宽松开放，重心稳健居中，字内空间通透，呈现出良好的呼吸感与书写韵律。整体风格优雅而富有文艺气息，兼具传统书法的法度规范与现代手写的随性亲切。非常适合用于文创产品、旅游宣传 → 中文字体/手写体
  📂 分类字体包 - JYLZTHJ008-汉仪字体合集 - 71款汉仪旗黑系列全集 - 汉仪旗黑Y4-35W → 中文字体/正文字
  📂 汉仪雪峰体繁 → 中文字体/装饰体
  📂 分类字体包 - JYLZTHJ008-汉仪字体合集 - 71款汉仪旗黑系列全集 - 汉仪旗黑Y4-55W → 中文字体/正文字
  📂 分类字体包 - JYLZTHJ008-汉仪字体合集 - 71款汉仪旗黑系列全集 - 汉仪旗黑Y3-65W → 中文字体/等线体
  📂 汉仪秀圆 → 中文字体/其他
  📂 锐线 → 中文字体/正文字
  📂 "这是一款融合了Art Nouveau（新艺术运动）风格与卡通化处理、装饰性极强的字体。其最核心的结构特征是笔画极为饱满圆润，字重偏粗，几乎所有笔画的末端、起笔或转角处都装饰有标志性的圆点或漩涡状卷曲，尤其是在小写字母‘a’、‘e’、‘o’、‘s’以及中文字符的笔画交叉处尤为明显。字形比例宽大，字怀开放，重心适中，给人一种饱满而富有弹性的视觉感受。设计风格复古而俏皮，情感调性活泼、友好且充满童趣，视觉特征高度圆润、有机，并带有一种手工绘制的精致感。由于其强烈的装饰性和非标准字形，该字体完全不适合用于正文排版，而是理想的标题与创意设计字体。它特别适合用于儿童产品、节日庆典、趣味包装、休闲餐饮品牌、复古海报、社交媒体趣味贴图或任何需要营造轻松、欢乐、奇幻或复古 → 中文字体/装饰体
  ✓ 完成: 成功 16, 失败 0
  📄 第 89 页: 20 个需要处理
  📂 汉仪旗黑Y2-75W → 中文字体/正文字
  📂 分类字体包 - JYLZTHJ008-汉仪字体合集 - 71款汉仪旗黑系列全集 - 汉仪旗黑Y2-55W → 中文字体/标题字
  📂 分类字体包 - JYLZTHJ008-汉仪字体合集 - 71款汉仪旗黑系列全集 - 汉仪旗黑Y2-95W → 中文字体/正文字
  📂 字体库 - 分类字体包 - JYLZTHJ008-汉仪字体合集 - 汉仪行者笔记简 → 中文字体/手写体
  📂 分类字体包 - JYLZTHJ008-汉仪字体合集 - 71款汉仪旗黑系列全集 - 汉仪旗黑Y1-85W → 中文字体/标题字
  📂 分类字体包 - JYLZTHJ008-汉仪字体合集 - 71款汉仪旗黑系列全集 - 汉仪旗黑Y2-35W → 中文字体/正文字
  📂 思源黑体 轻 → 中文字体/其他
  📂 分类字体包 - JYLZTHJ008-汉仪字体合集 - 71款汉仪旗黑系列全集 - 汉仪旗黑Y1-45W → 中文字体/正文字
  📂 汉仪旗黑Y1-65W → 中文字体/正文字
  📂 字体库 - 分类字体包 - JYLZTHJ008-汉仪字体合集 - 汉仪星宇体繁 → 中文字体/正文字
  📂 新蒂人文无衬线 → 中文字体/衬线体
  📂 汉仪星趣体 → 中文字体/其他
  📂 分类字体包 - JYLZTHJ008-汉仪字体合集 - 71款汉仪旗黑系列全集 - 汉仪旗黑X4-95W → 中文字体/其他
  📂 字体库 - 分类字体包 - JYLZTHJ008-汉仪字体合集 - 汉仪晓波美妍体繁 → 中文字体/装饰体
  📂 分类字体包 - JYLZTHJ008-汉仪字体合集 - 71款汉仪旗黑系列全集 - 汉仪旗黑X4-75W → 中文字体/正文字
  📂 分类字体包 - JYLZTHJ008-汉仪字体合集 - 71款汉仪旗黑系列全集 - 汉仪旗黑X3-85W → 中文字体/标题字
  📂 汉仪黑方 → 中文字体/等线体
  📂 汉仪旗黑X4-35W → 中文字体/正文字
  📂 字体库 - 分类字体包 - JYLZTHJ008-汉仪字体合集 - 汉仪小隶书简 → 中文字体/标题字
  ✓ 完成: 成功 19, 失败 0
  📄 第 90 页: 20 个需要处理
  📂 分类字体包 - JYLZTHJ008-汉仪字体合集 - 71款汉仪旗黑系列全集 - 汉仪旗黑X3-45W → 中文字体/正文字
  📂 分类字体包 - JYLZTHJ008-汉仪字体合集 - 71款汉仪旗黑系列全集 - 汉仪旗黑X4-55W → 中文字体/其他
  📂 字体库 - 分类字体包 - JYLZTHJ008-汉仪字体合集 - 汉仪小公主体 → 中文字体/其他
  📂 分类字体包 - JYLZTHJ008-汉仪字体合集 - 71款汉仪旗黑系列全集 - 汉仪旗黑X3-65W → 中文字体/正文字
  📂 汉仪相思体 → 中文字体/装饰体
  📂 汉仪旗黑X2-95W → 中文字体/标题字
  📂 字体库 - 分类字体包 - JYLZTHJ008-汉仪字体合集 - 汉仪细中圆简 → 中文字体/正文字
  📂 汉仪细秀体简 → 中文字体/衬线体
  📂 汉仪细简黑 → 中文字体/正文字
  📂 汉仪旗黑 X2-55W → 中文字体/正文字
  📂 汉仪细圆简 → 中文字体/正文字
  📂 汉仪旗黑 X2-35W → 中文字体/其他
  📂 汉仪细等线繁 → 中文字体/等线体
  📂 "这是一款现代感十足、几何风格强烈的无衬线字体，属于汉仪旗黑家族中的细至中等字重版本。其核心特征在于极致锐利的转角处理，笔画线条均匀、起笔收笔干脆利落，没有丝毫拖泥带水。字形比例方正，x字高较高，字面率饱满，使得每个字符在视觉上都显得充实而突出。字内空间（字怀）开放通透，确保了文字在排列时具有良好的呼吸感和可读性。整体设计摒弃了所有装饰，情感调性严谨、理性、清晰，视觉上呈现出一种冷静的科技感与极简 → 中文字体/正文字
  📂 "这是一款现代感十足的中文无衬线字体，属于汉仪文黑系列的中粗字重版本。其核心结构特征在于笔画粗细高度均匀，几乎无粗细变化，横竖撇捺的线条保持一致的视觉重量，赋予了字体强烈的稳定感和中性感。字形方正，比例匀称，重心居中，字内空间（字怀）开放，使得字符在较小尺寸下依然清晰可辨。转角处理平滑圆润，但笔画末端干净利落，呈现出一种简洁而精确的几何美感。整体风格极简、专业、可靠，带有一种温和的科技感，情感调性上偏向严肃、理性与亲和力的平衡。它非常适合用于需要高可读性和现代感的长篇正文阅读场景，例如UI → 中文字体/标题字
  📂 "这是一款现代、极简风格的粗体无衬线字体。其最显著的结构特征是笔画粗细高度均匀，从起笔到收笔几乎保持一致的线宽，没有任何多余的装饰性细节，这赋予了字体强烈的整体感和秩序感。字体字形方正饱满，重心适中且稳定，x字高较高，字面率（字形占据字身框的比例）较大，因此视觉冲击力强，显得清晰醒目。转角处理干净利落，笔画末端多为垂直切割或简单的平切，显得硬 → 中文字体/标题字
  📂 分类字体包 - JYLZTHJ008-汉仪字体合集 - 71款汉仪旗黑系列全集 - 汉仪旗黑-85S → 中文字体/等线体
  📂 汉仪旗黑X1-65W → 中文字体/标题字
  ✓ 完成: 成功 18, 失败 0
  📄 第 91 页: 20 个需要处理
  📂 "这是一款由汉仪字库推出的现代中文无衬线字体——汉仪文黑。作为一款以“文黑”命名的字体，它完美融合了现代黑体的简洁与人文主义的细腻。其结构特征显著：笔画粗细高度均匀，起笔与收笔处理干净利落，转角处带有极其微妙的圆润过渡，既保证了视觉上的平直感，又避免了生硬的锐角。字形比例接近正方形，字面率较大，x字高较高，使得字体在中小字号下依然清晰易读。字重适中（55W → 中文字体/标题字
  📂 分类字体包 - JYLZTHJ008-汉仪字体合集 - 汉仪文黑系列 - 汉仪文黑-35W → 中文字体/标题字
  📂 汉仪旗黑-75W → 中文字体/标题字
  📂 "这是一款源自北魏碑刻书法的传统衬线字体。其笔画刚劲有力，起笔与收笔处常带有尖锐的顿角或出锋，展现出鲜明的金石刻碑质感。转角处方折硬朗，笔画粗细对比强烈，整体字形方正严谨，结构重心稳定，字内空间疏密有致。情感调性严肃、典雅且富有力量感，视觉上极具历史厚重感与文化权威性。适合用于传统文化、历史主题 → 中文字体/标题字
  📂 分类字体包 - JYLZTHJ008-汉仪字体合集 - 71款汉仪旗黑系列全集 - 汉仪旗黑-65S → 中文字体/其他
  📂 "这是一款专为标题与视觉焦点设计的现代无衬线字体（汉仪旗黑-55S）。其结构特征极为鲜明：笔画粗细高度均匀，无任何装饰性衬线或粗细对比，起笔与收笔呈干净利落的直角，转角处处理果断，近乎直角。字形整体方正，宽高比例均衡，字重属于粗体范畴，赋予了字体强大的视觉重量与冲击力。字体的重心居中且稳定，字怀（内部空间）开放通透，保证了即使在粗壮的笔画下，字形依然清晰可辨。在风格上，它传递出强烈的现代感、专业感与力量感，情感调性严肃、硬朗且极具效率，视觉特征上表现为高度的几何感与紧凑感。由于其出色的识别度和稳重感，它非常适合用于需要突出信息层级与权威性的场景，例如科技品牌Logo、金融产品海报标题、体育赛事宣传、教育类出版 → 中文字体/标题字
  📂 "这是一款具有鲜明个人手写风格的创意字体，以明星“王珞丹”的签名笔迹为基础设计而成。其笔画模仿了软笔或马克笔的书写效果，线条流畅自然，带有明显的墨迹感和笔触变化 → 中文字体/手写体
  📂 字体库 - 分类字体包 - JYLZTHJ008-汉仪字体合集 - 汉仪王源体 → 中文字体/标题字
  📂 分类字体包 - JYLZTHJ008-汉仪字体合集 - 71款汉仪旗黑系列全集 - 汉仪旗黑-35S → 中文字体/标题字
  📂 "这是一款充满童趣与亲切感的手写风格字体，中文名称为“汉仪歪歪体简”。其核心特征是刻意模仿手写时产生的不规则感与随意性。结构上，字体的笔画粗细基本均匀，但带有轻微的手写颤抖痕迹，起笔收笔皆圆润柔和，无尖锐棱角。字形整体呈现出“歪歪扭扭”的倾斜与不对称，字母和汉字的基线（baseline）刻意不平齐，重心偏高，形成一种摇摇晃晃的可爱视觉效果。字面率较大，字内空间开放，使得整体观感饱满而不压抑。设计风格极具手写感和个性化，情感调性活泼、友好、充满趣味，视觉特征圆润、有机且舒展，笔画之间完全独立，无连笔。这款字体最适合用于需要传递轻松、可爱、非正式氛围的场景，如儿童教育产品的标题、社交媒体上的趣味文案、游戏中的对话框文字、轻松活泼的品牌 → 中文字体/标题字
  📂 汉仪旗黑-45S → 中文字体/正文字
  📂 汉仪铁线黑-55J → 中文字体/标题字
  📂 汉仪兔子别跑简 → 中文字体/装饰体
  📂 汉仪铁线黑-75J → 中文字体/标题字
  📂 分类字体包 - JYLZTHJ008-汉仪字体合集 - 71款汉仪旗黑系列全集 - 汉仪旗黑-105JF → 中文字体/其他
  📂 字体库 - 分类字体包 - JINMEI字体库22 - 金梅综艺豆豆字体 → 中文字体/其他
  📂 "这是一款极致纤细、高度几何化的现代无衬线字体。其最显著的特征是笔画粗细完全一致，没有任何粗细变化，线条纤细如铁丝，展现出极简与理性的美感。字形结构高挑，比例修长，x字高适中，字面率舒展。笔画起收笔处均为利落的平切，转角处理极为干净、锐利，带有强烈的几何感和建筑感。整体重心居中，字内空间（字怀）开放、通透 → 中文字体/标题字
  📂 字体模板 → 中文字体/其他
  📂 现代黑体 → 中文字体/正文字
  ✓ 完成: 成功 19, 失败 0
  📄 第 92 页: 20 个需要处理
  📂 汉仪特细等线简 → 中文字体/等线体
  📂 金梅重圆体 → 中文字体/标题字
  📂 字体库 - 分类字体包 - JINMEI字体库22 - 金梅重圆浮体白字 → 中文字体/其他
  📂 "这是一款充满甜美气息的卡通风格无衬线字体，笔画特征极为鲜明。其核心特点是所有笔画末端与转角均经过圆角化处理，呈现出高度统一的圆润感，毫无锐利棱角。字重为明显的粗体，笔画粗壮且粗细均匀，确保了强烈的视觉存在感和良好的可读性。字形比例接近方形，x字高较大，重心居中稳定，字怀空间开放，使得字体即使在较粗的情况下也不显拥挤。整体风格活泼、友好且极具亲和力，情感调性轻松愉快，视觉上传递出可爱、有机、充满童趣的感受。非常适合用于儿童产品包装、休闲游戏界面、零食饮料品牌、儿童教育APP、社交媒体表情包或任何需要营造轻松、可爱、无压力氛围的设计场景 → 中文字体/标题字
  📂 汉仪太极体简-创意圆润装饰体 → 中文字体/标题字
  📂 金梅重黑浮体白字 → 中文字体/其他
  📂 金梅现代黑体 → 中文字体/正文字
  📂 现代几何无衬线体 → 中文字体/正文字
  📂 汉仪水波体简 → 中文字体/装饰体
  📂 等线圆体 → 中文字体/标题字
  📂 汉仪双线体繁（双线装饰体） → 中文字体/装饰体
  📂 汉仪舒圆黑简体 → 中文字体/装饰体
  📂 字体库 - 分类字体包 - JYLZTHJ008-汉仪字体合集 - 汉仪水滴体简 → 中文字体/标题字
  📂 汉仪书宋一繁 → 中文字体/标题字
  📂 Geometric Sans → 中文字体/正文字
  📂 "这是一款现代极简风格与圆润设计语言相结合的无衬线字体。其最显著的结构特征在于笔画粗壮且粗细完全一致，并在所有转角处（如字母“L”、“M”、“N”及中文字“的”、“口”、“日”等）采用了平滑的圆弧处理，彻底消除了尖锐的直角。字形饱满方正，重心居中，字怀开放，字面率高，整体视觉效果厚重而稳定。设计风格上，它既具有几何字体的现代感和秩序感，又通过无 → 中文字体/标题字
  📂 字体模板 → 中文字体/其他
  📂 思源等宽黑体（Noto Sans Mono CJK SC） → 中文字体/等线体
  📂 金梅印篆字形空心 → 中文字体/正文字
  📂 字体库 - 分类字体包 - JYLZTHJ008-汉仪字体合集 - 汉仪书宋二繁 → 中文字体/衬线体
  ✓ 完成: 成功 20, 失败 0
  📄 第 93 页: 20 个需要处理
  📂 汉仪时光体W → 中文字体/标题字
  📂 柔和现代无衬线体 → 中文字体/正文字
  📂 汉仪润圆-65W → 中文字体/正文字
  📂 "这是一款现代几何风格强烈的无衬线字体，兼具专业感与亲和力。其结构特征鲜明：笔画粗细高度均匀，呈现极简的等线美感；字形比例宽适，x字高适中，字面率较高，确保了优秀的辨 → 中文字体/正文字
  📂 汉仪润圆-45W → 中文字体/正文字
  📂 汉仪瑞意宋W → 中文字体/标题字
  📂 字体库 - 分类字体包 - JINMEI字体库22 - 金梅印篆九宫实心 → 中文字体/装饰体
  📂 现代中文无衬线混排体 → 中文字体/正文字
  📂 "这是一款现代感极强的极简风格无衬线字体。其核心特征在于笔画的极致均匀，无论是字母还是汉字，所有线条粗细保持完全一致，没有任何粗细对比或笔画末端的装饰，呈现出高度的几何规整感。字形比例舒展、偏宽，x字高较高，字面率大，使得字内空间（字怀）显得非常开放、通透，视觉上清晰易读。整体重心居中，结构稳重平衡。设计风格极为简洁、现代、理性，情感调性中性、友好、具有科技感，同时因圆润的笔画处理而显得柔和，避免了冷峻感。这款字体特别适合需要清晰传达信息且追求现代简约美感的场景，是极佳的网页正文、UI界面、应用内文字、电子邮件及品牌说明文档字体。它也适用于教育、科技、数字产品、电商等行业的界面设计、 → 中文字体/标题字
  📂 金梅新锐黑体 → 中文字体/正文字
  📂 "这是一款极具现代感的细体无衬线字体，其核心特征在于笔画粗细异常均匀，线条纤细而坚实，构建出强烈的通透感与科技感。字体转角与笔画末端均采用微妙的圆弧处理，而非锋利直角，这一“圆角几何”特征在纤细的骨架上融合了柔和与理性。中文字符字形方正稳健，英文字母与数字则比例修长、几何感强，字内空间（字怀）开放，重心平稳居中，确保了极佳的字面率和可读性。整体设计风格是极简主义与数字美学的结合，情感调性冷静、专业且不失友好，视觉上呈现出清晰、干净、优雅的特质。该字体尤其适合需要长时间阅读或传递清晰信息的数字界面与印刷品，如科技产品的UI设计、网页正文排版、教育类文档、商务报告、简约风格的APP界面及移动端应用，是一款优秀的现代风格 → 中文字体/标题字
  📂 像素等宽体 → 中文字体/像素体
  📂 汉仪中黑 → 中文字体/等线体
  📂 金梅新水管体 → 中文字体/正文字
  📂 Jinmei Gothic Rounded → 中文字体/正文字
  📂 简约现代无衬线体 → 中文字体/正文字
  ✓ 完成: 成功 18, 失败 0
  📄 第 94 页: 20 个需要处理
  📂 汉仪平安行繁 → 中文字体/手写体
  📂 汉仪欧行繁 → 中文字体/手写体
  📂 汉仪喵小姐体简 → 中文字体/装饰体
  📂 金梅几何方正体 → 中文字体/正文字
  📂 几何无衬线体 → 中文字体/等线体
  📂 金梅几何圆体 → 中文字体/衬线体
  📂 "这是一款现代简约的无衬线繁体中文字体。其最显著的结构特征是笔画粗细极其均匀，几乎没有明显的粗细对比，线条流畅稳定，起笔收笔干净利落。字形方正饱满，中宫充分开放，字面率高，内部空间舒适。字重适中，重心稳定，整体呈现出一种从容、清晰的视觉节奏。设计风格简约而现代，略带温润感，情感调性友好、亲切，易于阅读且能建立信任感。由于其出色的可读性和舒适的阅读体验，它非常适合用作书籍正文、长文网页、APP界面文案、产品说明手册等需要长时间阅读的场景。同时，其简洁、科技感的特质也使其能胜任 → 中文字体/标题字
  📂 悦黑体 → 中文字体/标题字
  📂 汉仪中黑体 → 中文字体/其他
  📂 思源黑体（Source Han Sans） → 中文字体/标题字
  📂 清圆现代体 → 中文字体/标题字
  📂 "这是一款现代感与经典美学相结合的衬线字体。从结构上看，其笔画拥有显著的粗细对比，横画纤细而竖画粗壮，起笔、收笔及转角处均带有尖锐、精致的衬线装饰，这种装饰赋予了字体强烈的韵律感与古典气质。字形比例适中，重心居中，英文x字高略高，中文部分则显得方正挺拔，整体结构开放、清晰。设计风格上，它融合了现代设计的简约线条与传统衬线的优雅，情感调性正式、优雅且富有力量感，视觉特征锐利、精致，带有明显的几何切割感。这款字体非常适合用于需要凸显品质与格调的设计，例如高端品牌的Logo与包装、时尚杂志的标题、学术出版物的封面、以及各类邀请函 → 中文字体/标题字
  📂 字体库 - 分类字体包 - JYLZTHJ008-汉仪字体合集 - 汉仪菱心体繁 → 中文字体/标题字
  📂 金梅小甜甜美工字 → 中文字体/标题字
  📂 极简几何无衬线体 → 中文字体/正文字
  ✓ 完成: 成功 17, 失败 0
  📄 第 95 页: 20 个需要处理
  📂 汉仪锐正体 → 中文字体/正文字
  📂 金梅正黑体 → 中文字体/标题字
  📂 金梅圆润衬线体 → 中文字体/装饰体
  📂 "这是一款具有自然书写风格的中文手写字体，整体呈现出亲切、随性且富有文艺气息的设计感。在结构上，笔画粗细变化明显，模仿了真实书写的运笔节奏，起笔与收笔处带有柔和的圆润感，转角处理流畅自然，无生硬棱角。字形比例较为舒展，字怀（字内 → 中文字体/标题字
  📂 金梅细黑体 → 中文字体/正文字
  📂 "这是一款现代优雅、兼具力量感与精致度的无衬线字体。其结构特征鲜明：笔画粗细对比适中，主要笔画坚实有力，转角处理圆润流畅，赋予字体友好亲和的视觉感受。字形比例偏方正，小写字母的x字高较高，字面率高，确保了良好的辨识度和开阔的视觉感受。字体字重介于中粗至粗之间，重心居中稳定，内部空间（字怀）开放均衡，既不显拥挤也不松散。在设计风格上，它融合了几何的简洁与有机线条的柔和，整体呈现出现代、高端、精致的气质，情感调性优雅而专业。视觉上兼具方正结构与圆润细节，笔画独立清晰。这款字体非常适合用于品牌Logo、高端产品包装、时尚与奢侈品行业宣传、金融类应用标题、现代UI界面标题、以及各类需要 → 中文字体/标题字
  📂 现代经典衬线体 → 中文字体/衬线体
  📂 汉仪现代等宽体 → 中文字体/等线体
  📂 思源黑体等宽体 → 中文字体/正文字
  📂 汉仪花农体简 → 中文字体/标题字
  📂 金梅特圆体 → 中文字体/正文字
  📂 "这是一款现代感十足的无衬线字体。其最显著的特征是笔画极其纤细、均匀且干净，呈现出一种轻盈、通透的视觉感受。字形结构方正规整，字面率高，笔画的转角处处理得非常圆润柔和，与笔画直挺的线条形成对比，平衡了锐利感与亲和力。字体重心居中，内部空间（字怀）开放，确保了在小字号下的清晰度和在大字号下的优雅姿态。整体设计风格偏向极简与未来主义，情感调性优雅、冷静、科技且富有文艺气息， → 中文字体/正文字
  📂 金梅特黑匀体（规整型） → 中文字体/正文字
  📂 "这是一款极具现代极简主义美感的无衬线字体，以其独特的“极细”字重和高度几何化的设计为核心特征。笔画粗细高度均匀，纤细如发丝，起笔、收笔及转角处均采用干脆利落的平直切割，摒弃一切圆滑过渡，呈现出冷静、精准的视觉效果。字形 → 中文字体/正文字
  📂 方正兰亭黑 → 中文字体/标题字
  📂 思源黑体 → 中文字体/等线体
  📂 金梅特粗黑体 → 中文字体/标题字
  📂 字体库 - 分类字体包 - JYLZTHJ008-汉仪字体合集 - 汉仪寒石体简 → 中文字体/标题字
  ✓ 完成: 成功 18, 失败 0
  📄 第 96 页: 20 个需要处理
  📂 "这是一款现代感十足的几何无衬线字体，具有极高的中性与可读性。其结构特征表现为笔画粗细均匀一致，字形方正稳重，字怀（字内空间）开放通透，重心稳定居中，整体比例协调。设计风格简约、理性且略带科技感，情感调性严肃、专业、友好，视觉特征上呈现出强烈的几何感与规律性，笔画末端多为平直切角，处理干净利落。这款字体极其适合作为UI界面、网页正文、科技类文档或报告的正文排版使用，其清晰、高效的视觉传达特性也使其非常适合用于Logo、品牌标识、广告标题及各类印刷品的正文部分，是一款应用广泛的专业级正文字体，适合科技、金融、教育、医疗等需要体现专业与现代感的 → 中文字体/标题字
  📂 现代优雅无衬线中文字体 → 中文字体/标题字
  📂 等线体 - 金梅字形库22 - 金梅正黑体 → 中文字体/正文字
  📂 "这是一款极具视觉冲击力和现代几何感的粗体黑体字体。其核心特征是笔画极为粗壮且粗细均匀，所有转角均处理为硬朗的直角或平直切线，赋予字体强烈的力量感、稳定感和工业气息。字形方正饱满，x字高较高，重心平稳，字内空间（字怀）在粗笔画下依然保持了合理的开放度，确保了基本的 → 中文字体/标题字
  📂 泡泡装饰体 → 中文字体/标题字
  📂 方正兰亭黑 → 中文字体/正文字
  📂 Geometric Grotesk 中文 → 中文字体/其他
  📂 金梅几何无衬线体 → 中文字体/标题字
  📂 几何无衬线体 → 中文字体/标题字
  📂 金梅特黑裂开字 → 中文字体/装饰体
  ✓ 完成: 成功 15, 失败 0
  📄 第 97 页: 20 个需要处理
  📂 几何无衬线体 → 中文字体/标题字
  📂 汉仪范笑歌隶书繁 → 中文字体/装饰体
  📂 金梅几何无衬线体 → 中文字体/正文字
  📂 汉仪豆豆体简 → 中文字体/标题字
  📂 汉仪大宋繁 → 中文字体/衬线体
  📂 金梅优雅衬线体 → 中文字体/衬线体
  📂 "这是一款基于“汉仪粗圆简”的粗体圆润字体，其最突出的结构特征在于所有笔画，包括末端、起笔与收笔，均被处理成饱满、平滑的圆形，转角处也采用大圆弧进行过渡，形成了高度统一的圆润视觉。笔画粗细均匀一致，无明显变化，字形舒展饱满，字面率较高，重心平稳居中，字内空间（字怀） → 中文字体/装饰体
  📂 圆润现代无衬线体 → 中文字体/正文字
  📂 字体库 - 分类字体包 - JYLZTHJ008-汉仪字体合集 - 汉仪黛玉体简 → 中文字体/标题字
  ✓ 完成: 成功 11, 失败 0
  📄 第 98 页: 20 个需要处理
  📂 方正等线体 → 中文字体/正文字
  📂 "这是一款带有明显圆润装饰元素的粗衬线字体，整体风格厚实而富有装饰性。字体笔画粗壮有力，粗细变化不大，属于中等偏粗的字重，给人以稳重、饱满的视觉感受。其最显著的结构特征在于笔画末端和转折处采用了独特的球状或圆点装饰，例如大写字母'S'、'C'的起收笔，以及小写字母'g'、'y'的尾部，都带有这种圆润的装饰性收尾，形成了类似双圈的视觉焦点。字形比例方正，x字高适中，字面率较大，确保了良好的辨识度。重心居中，字内空间（字怀）开放，阅读起来清晰不拥挤。在风格上，这款字体融合了装饰艺术（Art Deco）的几何感与一丝现代活泼的气息，情感调性友好、亲切，同时不失设计感。它非常适合用于需要视觉吸引力和亲和力的场景， → 中文字体/标题字
  📂 "这是一款融合了行书笔意与现代简约设计的中文手写字体。其核心结构特征在于笔画处理的“圆润感”：无论是中文的起笔、收笔与转折，还是英文的笔画末端，均呈现出自然饱满的弧度与柔和的顿挫，而非生硬的几何切割，赋予字体温润亲切的触感。字形上，中文字形舒展而不散漫，重心略高，字面率适中，确保了优雅的识别度；英文字母结构紧凑，x字高比例协调，与中文字形和谐统一。整体字重为中粗，笔画粗细变化自然流畅，视觉重心稳定。设计风格现代而不失传统书法底蕴，情感调性优雅、文艺且富有亲和力。它特别适合用于需要传达人文气息与精致美感的场景，例如文艺类书籍的标题、文化品牌Logo、创意海报与社交媒体文案、艺术展览邀请函、高端文创产品包装，以及文化类网站或 → 中文字体/手写体
  📂 "这是一款基于传统仿宋体风格进行强化设计的衬线字体，整体呈现出典雅正式而又颇具分量的视觉观感。其结构特征十分鲜明：笔画粗细对比强烈，横笔纤细挺拔，竖笔则粗壮有力，起笔收笔处带有明显的、装饰性的三角形衬线，转角处方正硬朗。字形比例匀称，字重属于中粗至粗，重心稳定，中宫收紧，字内空间相对封闭，使得字符排列紧凑，具有极 → 中文字体/标题字
  📂 金梅基础无衬线字体 → 中文字体/正文字
  📂 金梅豆豆手写体 → 中文字体/手写体
  📂 "这是一款视觉冲击力极强的现代粗衬线字体，其核心特征在于笔画粗细对比达到极致：竖笔及部分撇捺笔画极为粗壮厚重，如坚实的柱体；而横笔及点则处理得相对纤细，形成了鲜明的节奏感与张力。字形结构整体偏宽，字面率高，布局紧凑扎实。对于中文字符，其重心设计偏高，赋予了字体一种挺拔向上的态势 → 中文字体/衬线体
  📂 金梅青箭美工字体 → 中文字体/装饰体
  📂 几何无衬线体 → 中文字体/标题字
  📂 汉仪粗黑简 → 中文字体/标题字
  📂 金梅现代无衬线体 → 中文字体/正文字
  📂 字体库 - 分类字体包 - JYLZTHJ008-汉仪字体合集 - 汉仪超粗黑简 → 中文字体/标题字
  📂 字体库 - 分类字体包 - JYLZTHJ008-汉仪字体合集 - 汉仪曹隶繁 → 中文字体/装饰体
  📂 "这是一款充满童趣和幽默感的卡通装饰字体。从结构上看，它采用无衬线设计，笔画粗细均匀，但线条并非完美的几何规整，而是带有手绘般的不规则和生动感。转角处理非常圆润，笔画末端大多为简单圆形或略微不规则的形状，整体字形比例接近方正，字面率较大，字重偏粗，重心稳定居中，字内空间开放。其最核心的设计特征是对 → 中文字体/标题字
  📂 等宽无衬线几何体 → 中文字体/正文字
  📂 "这是一款经典的繁体中文报宋字体，具有鲜明的传统印刷特征。从结构上看，它是典型的衬 → 中文字体/衬线体
  📂 "这是一款融合了传统书法韵味与现代装饰感的繁体中文字体。其核心特征在于笔画结构上强烈的提按对比，横画纤细，竖、撇、捺等主笔画则粗壮有力，形成独特的节奏感。起笔、收笔及转角处 → 中文字体/标题字
  📂 等距无衬线体 → 中文字体/等线体
  ✓ 完成: 成功 19, 失败 0
  📄 第 99 页: 20 个需要处理
  📂 "这是一款设计简洁、笔画均匀的现代无衬线字体。其核心特征在于圆滑柔和的笔画处理与修长挺拔的字形结构。笔画粗细高度均匀，无明显粗细变化，所有转角与笔画末端都采用了圆滑处理，赋予字体一种柔和、有机的视觉感受。字形比例偏修长，x字高适中，整体重心平稳居中，字内空间开放，确保了良好的清晰度与舒展感。情感调性友好、亲切 → 中文字体/标题字
  📂 金梅空心体 → 中文字体/标题字
  📂 简黑体 → 中文字体/正文字
  📂 JINMEI金梅美工古印字 → 中文字体/标题字
  📂 "这是一款融合了古典书法韵味与现代设计感的中文装饰性字体。其结构特征显著，笔画粗细对比强烈，横细竖粗，尤其在英文字母的衬线末端和部分中文笔画的起收笔处，展现出精致的卷曲与装饰性处理，仿佛毛笔书写的笔触被数字化提炼。字形整体偏修长，重心较高，赋予字体一种挺拔、优雅的气质。字内空间（字怀）较为开放，确保了在装饰性之下仍具有良好的可读性。设计风格上，它属于典型的古典装饰风格，情感调性高端、优雅且富有文艺气息，视觉上兼具圆润的笔画弧线与锐利的转角细节，呈现出有机的动态美感。这款字体非常适合用于时尚品牌标识、奢侈品包装、文化类海报标题、高端邀请函与证书设计、杂志封面以及需要营造传统典雅氛围的网页或APP界面。作为一款装饰体，它在提升设计格调与艺术感方面表现突出，是适合创意设计、品牌塑造与视觉艺术项目的理想选择 → 中文字体/标题字
  📂 字体库 - 分类字体包 - JYLZTHJ008-汉仪字体合集 - 汉仪白棋体简 → 中文字体/装饰体
  📂 汉仪旗黑Y4-45W → 中文字体/正文字
  📂 分类字体包 - JYLZTHJ008-汉仪字体合集 - 71款汉仪旗黑系列全集 - 汉仪旗黑Y3-75W → 中文字体/标题字
  📂 "这是一款现代感十足、视觉冲击力极强的无衬线字体。其最显著的特征是笔画极粗且粗细均匀，没有任何粗细变化，呈现出强烈的几何感和力量感。转角处理极为锐利、果断，几乎均为直角，赋予字体冷静、硬朗的气质。字形比例适中，结构紧凑，中文字体（如“你好世界”）的字面饱满，重心稳健居中，字内空间相对封闭，进一步增强了其厚重感与整体性。这款字体情感调性严肃、正式且充满科技感，非常适合用于需要彰显力量、专业与现代感的场景。它特别适合作为海报标题、品牌Logo、科技产品标识、运动赛事宣传、金融行业 → 中文字体/标题字
  📂 "这是一款视觉冲击力极强的无衬线美工字体。其最显著的特征是极致的笔画粗细对比：横笔细如发丝，常常在末端带有精致的三角形切角装饰；而竖笔与主要笔画则异常粗壮、厚重，仿佛门板般稳固。字形整体偏向宽体，中文字面率高，重心稳固偏下，营造出扎实、权威的观感。字体内空间（字怀）相对封闭，增强了整体的紧凑感和力量感。设计风格现代、硬朗，带有工业感与复古未来主义气息，情感调性严肃、有力且富有艺术张力。由于其极粗的笔画和强烈的装饰性，这款字体非常适合用作大号标题 → 中文字体/标题字
  📂 分类字体包 - JYLZTHJ008-汉仪字体合集 - 71款汉仪旗黑系列全集 - 汉仪旗黑Y2-85W → 中文字体/正文字
  📂 汉仪旗黑Y3-55W → 中文字体/正文字
  📂 几何现代无衬线体 → 中文字体/衬线体
  📂 分类字体包 - JYLZTHJ008-汉仪字体合集 - 71款汉仪旗黑系列全集 - 汉仪旗黑Y2-65W → 中文字体/正文字
  📂 字体库 - 分类字体包 - JINMEI字体库22 - 金梅毛張楷 → 中文字体/衬线体
  📂 分类字体包 - JYLZTHJ008-汉仪字体合集 - 71款汉仪旗黑系列全集 - 汉仪旗黑Y2-45W → 中文字体/正文字
  📂 分类字体包 - JYLZTHJ008-汉仪字体合集 - 71款汉仪旗黑系列全集 - 汉仪旗黑Y1-95W → 中文字体/标题字
  ✓ 完成: 成功 20, 失败 0
  📄 第 100 页: 20 个需要处理
  📂 分类字体包 - JYLZTHJ008-汉仪字体合集 - 71款汉仪旗黑系列全集 - 汉仪旗黑Y1-75W → 中文字体/标题字
  📂 字体库 - 分类字体包 - JINMEI字体库22 - 金梅毛行字形空心 → 中文字体/装饰体
  📂 现代细体无衬线体 → 中文字体/标题字
  📂 分类字体包 - JYLZTHJ008-汉仪字体合集 - 71款汉仪旗黑系列全集 - 汉仪旗黑X4-85W → 中文字体/正文字
  📂 分类字体包 - JYLZTHJ008-汉仪字体合集 - 71款汉仪旗黑系列全集 - 汉仪旗黑X4-45W → 中文字体/正文字
  📂 "这是一款现代感十足的几何无衬线中文字体，属于汉仪旗黑系列中的纤细字重。其笔画结构清晰均匀，横平竖直，粗细高度一致，呈现出冷静、规整的视觉感受。字形比例协调，中文字体方正饱满，英文字母宽高适中，x字高合理，确保了中英文混排时的和谐统一。字重偏细，字怀开放，内部空间通透，使其在长文阅读中具有出色的舒适度和清晰度。字体的整体风格极简、理性、专业，情感调性严肃中带着一丝现代科技感，视觉特征上兼具几何的锐利与笔画末端的微妙圆润，避免了纯粹的冰冷。它非常适合用作UI界面、移动APP、网页正文、电子书、数据报告等需要高可读性和 → 中文字体/标题字
  📂 汉仪旗黑X3-75W → 中文字体/正文字
  📂 "这是一款极具力量感和现代气息的特粗无衬线体，属于汉仪旗黑系列的超粗版本。其核心特征在于笔画粗细几乎完全一致，呈现出高度的几何化与建筑感。所有笔画的起收笔均为平直切口，转角处理锐利清晰，毫无圆弧过渡，强化了其方正、硬朗的视觉印象。小写字母的x字高较高，与大写字母高度接近，使得整体字形方正饱满，字面率极高，在排版时能形成紧密、稳固的文本块。这款字体的重心稳定居中，字内空间控制得当，在粗壮笔画的衬托下仍保持了良好的可读性。情感调性上，它严肃、专业、充满科技与力量感，同时因其规整的几何特性而显得现代且理性。最适用于需要强烈视觉冲击力和现代专业感的场景，如科技品牌Logo、金融产品标题、运动赛事海报、高端产品包装、UI界面大号标题、网页横幅广告以及户外大型广告牌。它是一款典型的“适合大字号标题展示 → 中文字体/标题字
  📂 字体库 - 分类字体包 - JINMEI字体库22 - 金梅毛行九宫空心 → 中文字体/手写体
  📂 分类字体包 - JYLZTHJ008-汉仪字体合集 - 71款汉仪旗黑系列全集 - 汉仪旗黑X3-35W → 中文字体/正文字
  📂 金梅现代黑体 → 中文字体/标题字
  📂 汉仪旗黑X2-65W → 中文字体/标题字
  ✓ 完成: 成功 20, 失败 0
  📄 第 101 页: 20 个需要处理
  📂 "这是一款现代感十足的无衬线字体，整体风格简洁、清晰且友好。作为汉仪旗黑系列的一员，其核心特征是笔画粗细高度均匀，视觉上呈现出一种极强的统一性和秩序感。字形结构上，x字高较大，笔画之间的内空间（字怀）开放且通透，这使得无论是小写英文字母还是中文笔画，都拥有极佳的清晰度与可读性。字体转角处理非常圆润，尤其在‘O’、‘Q’、‘C’等曲线字母以及中文的撇捺转折处，饱满的弧度有效弱化了几何感带来的冷峻，增添了柔和与亲和力。中西文字符的高度协调是其突出优点，混排时视觉流畅自然。此字体非常适合用于用户界面（UI）设计、网页正文、移动应用（APP）文本、电子书阅读、技术文档以及需要高辨识 → 中文字体/标题字
  📂 金梅毛隶九宫空心 → 中文字体/标题字
  📂 分类字体包 - JYLZTHJ008-汉仪字体合集 - 71款汉仪旗黑系列全集 - 汉仪旗黑X1-55W → 中文字体/正文字
  📂 "这是一款现代感极强的无衬线中文字体，属于汉仪旗黑系列的细体版本。字体结构极其规整，笔画粗细均匀一致，起笔与收笔干脆利落，转角处理锋利而精确。字形修长，x字高比例适中，确保了良好的阅读舒适度。整体重心居中稳定，字内空间开放通透，使得即便在较小字号下也清晰可辨。设计风格极简、理性，充满几何感与秩序美，情感调性冷静、专业、友好且富有科技感。它特别适合作为书籍、网页、UI界面等需要长时间阅读的正文内容字体，也常用于产品说明、科技类文档、教育材料以及追求清晰、专业视觉感受的品牌辅助文字设计中。这款字体是适合屏幕显示与印刷品的中 → 中文字体/标题字
  📂 圆润黑体 → 中文字体/其他
  📂 思源黑体 → 中文字体/标题字
  📂 金梅毛海空心衬线体 → 中文字体/标题字
  📂 汉仪旗黑-50S → 中文字体/标题字
  📂 分类字体包 - JYLZTHJ008-汉仪字体合集 - 71款汉仪旗黑系列全集 - 汉仪旗黑-60S → 中文字体/正文字
  📂 字体库 - 分类字体包 - JINMEI字体库22 - 金梅毛楷九宫实心 → 中文字体/手写体
  📂 汉仪旗黑-40S → 中文字体/正文字
  📂 字体库 - 分类字体包 - JINMEI字体库22 - 金梅毛海九宫空心 → 中文字体/标题字
  📂 字体库 - 分类字体包 - JINMEI字体库22 - 金梅综艺菱形字体 → 中文字体/标题字
  ✓ 完成: 成功 20, 失败 0
  📄 第 102 页: 20 个需要处理
  📂 金梅细黑 → 中文字体/正文字
  📂 细线无衬线体 - 极细现代风格 → 中文字体/正文字
  📂 Modern Rounded Sans → 中文字体/正文字
  📂 现代几何无衬线 → 中文字体/标题字
  📂 几何无衬线体 → 中文字体/正文字
  📂 "这是一款结构规整、笔画均匀的无衬线中文字体。其笔画粗细几乎无变化，呈现出典型的“等线”特征，起笔与收笔平直，转角方正且略带一丝柔和处理，避免了过于生硬。字形方正稳健，重心居中，内部空间开放适中，确保了极佳的识别度与阅读舒适性。整体风格现代、中性、清晰，情感调性专业、可靠、友好，视觉上兼具几何感的规整与细节处的圆润。这款字体非常适合用于正文排版，尤其是长篇阅读材料、UI界面文字、产品说明及各类需要清晰传达信息的商务、教育、科技类文档，是一款适用性极广的实用型字体 → 中文字体/标题字
  📂 字体库 - 分类字体包 - JINMEI字体库22 - 金梅麥克字體範例 → 中文字体/标题字
  📂 锐线体 → 中文字体/标题字
  📂 字体库 - 分类字体包 - JINMEI字体库22 - 金梅张楷字形空心 → 中文字体/手写体
  📂 金梅张楷九宫空心 → 中文字体/标题字
  📂 无标题几何体 → 中文字体/标题字
  📂 字体库 - 分类字体包 - JINMEI字体库22 - 金梅浪漫优雅字体 → 中文字体/装饰体
  📂 金梅原子笔字（Regular） → 中文字体/正文字
  ✓ 完成: 成功 20, 失败 0
  📄 第 103 页: 20 个需要处理
  📂 锐意几何体 → 中文字体/标题字
  📂 简约几何无衬线体 → 中文字体/正文字
  📂 极客无衬线等宽体 Geek Sans Mono → 中文字体/衬线体
  📂 思源黑体等宽体 - 金梅顏楷破裂字形的现代无衬线体变体 → 中文字体/手写体
  📂 金梅古典衬线体 → 中文字体/衬线体
  📂 金梅浪漫钢笔字体 → 中文字体/标题字
  📂 金梅圆角无衬线体 → 中文字体/衬线体
  📂 字体库 - 分类字体包 - JINMEI字体库22 - 金梅浪漫大胖字体 → 中文字体/装饰体
  📂 字体库 - 分类字体包 - JINMEI字体库22 - 金梅勘流字形原体 → 中文字体/标题字
  📂 金梅等线体 → 中文字体/等线体
  📂 字体库 - 分类字体包 - JINMEI字体库22 - 金梅新铁塔字 → 中文字体/标题字
  📂 字体库 - 分类字体包 - JINMEI字体库22 - 金梅楷书字形空心 → 中文字体/手写体
  📂 字体库 - 分类字体包 - JINMEI字体库22 - 金梅楷书九宫空心 → 中文字体/手写体
  ✓ 完成: 成功 20, 失败 0
  📄 第 104 页: 20 个需要处理
  📂 小米兰亭 Pro → 中文字体/标题字
  📂 字体库 - 分类字体包 - JINMEI字体库22 - 金梅新毛隶全字体 → 中文字体/装饰体
  📂 JinmeiDianziSans → 中文字体/标题字
  📂 "这是一款现代感强烈的无衬线字体，整体风格简洁、规整且富有力量感。其笔画粗细均匀，几乎无变化，呈现出典型的等线体特征。字形方正，结构严谨，转角处理果断利落，没有圆润的过渡。字母与数字的构造几何感强，x字高适中，字面率较高，使得文字在视觉上饱满且易于识别。字体重心居中，整体布局稳定。该字体传达出一种严肃、专业、硬朗和清晰的情感调性，非常适合用于需要体现现代感、技术感和可靠性的设计场景。它是一款标准的 → 中文字体/标题字
  📂 金梅新海报书法 → 中文字体/标题字
  📂 金梅新黑体 → 中文字体/标题字
  📂 金梅现代宋 → 中文字体/衬线体
  📂 字体库 - 分类字体包 - JINMEI字体库22 - 金梅斜三角字範例 → 中文字体/装饰体
  📂 金梅小帅哥美工字 → 中文字体/标题字
  📂 "这是一款现代极简风格的人文主义无衬线字体。其最显著的特征是笔画粗细高度均匀，几乎不发生变化，呈现出干净、利落的线条感。字形比例修长优雅，大写字母具有良好的垂直感，小写字母x字高适中，字面率较大，视觉上舒展饱满。字重介于常规与中粗之间，重心居中，结构稳定。字体的整体风格现代、友好且富有亲和力，笔画末端带有 → 中文字体/标题字
  📂 "这是一款兼具极细钢笔手写感与现代极简气质的无衬线字体。其结构特征表现为笔画极其均匀纤细，几乎无粗细变化，起笔与收笔处理得非常尖锐、干净，转角处则带有圆润的弧度，形成了锐利与柔和的微妙 → 中文字体/标题字
  📂 现代无衬线黑体 Regular → 中文字体/衬线体
  ✓ 完成: 成功 20, 失败 0
  📄 第 105 页: 20 个需要处理
  📂 金梅铁钉黑体 → 中文字体/标题字
  📂 金梅清晰圆体 → 中文字体/正文字
  📂 金梅细体 → 中文字体/正文字
  📂 极简无衬线体 → 中文字体/衬线体
  📂 "这是一款视觉冲击力极强的无衬线体标题字体，其最显著的特征是所有笔画转角均处理为方正的直角，呈现出硬朗、规整的几何美感。字体采用中粗至粗的字重，竖笔画厚重有力，横笔画相对纤细，形成了鲜明的粗细对比，增强了结构感和现代感。字形方正饱满，重心稳定，字内空间（字怀）因笔画粗细对比而显得较为开放。整体设计风格极具现代感和力量感，情感调性严肃、硬朗，同时带有一丝科技和工业气息。笔画末端均为平直的方角，没有圆润或装饰性处理，视觉上 → 中文字体/标题字
  📂 字体库 - 分类字体包 - JINMEI字体库22 - 金梅特黑展翅字形 → 中文字体/标题字
  📂 几何无衬线体 → 中文字体/正文字
  📂 金梅极细无衬线体 → 中文字体/标题字
  📂 字体库 - 分类字体包 - JINMEI字体库22 - 金梅粗心串字範例 → 中文字体/标题字
  📂 几何无衬线体 → 中文字体/衬线体
  📂 现代无衬线直角体 → 中文字体/标题字
  📂 几何等宽体 → 中文字体/等线体
  📂 等宽几何无衬线体 → 中文字体/标题字
  📂 字体库 - 分类字体包 - JINMEI字体库22 - 金梅粗黑体 → 中文字体/标题字
  ✓ 完成: 成功 20, 失败 0
  📄 第 106 页: 20 个需要处理
  📂 金梅现代等线体 → 中文字体/正文字
  📂 "这是一款现代简洁的无衬线字体，其拉丁字母与汉字设计均呈现出清晰、统一的视觉风格。从结构特征上看，笔画粗细变化均匀，起笔与收笔干净利落，没有多余的装饰性衬线。转角处理尤为独特，大多采用圆润的过渡，赋予字体一种柔和、亲切的视觉感受。字形比例偏宽，尤其是拉丁字母，具有明显的宽体特征，这使得字体显得舒展而稳定。字重处于中等水平，既不过于纤细也不过于厚重。重心位置适中偏高，尤其体现在汉字结构中，显得挺拔有力。字怀（字内空间）非常开放，笔画之间的留白充足，确保了较高的辨识度。在风格上，它属于典型的现代极简主义设计，情感调性友好、优雅且富有科技感。其视觉特征以几何感与圆润感的结合为主，所有笔画独立，没有连笔。因此，这款字体非常适合用于科技产品、时尚品牌、教育平台的标题与Logo设计，也适用于海报、网页Banner、移动端APP界面等需要突出清晰度与现代感的场景。它既适合屏幕显示，也能很好地适应 → 中文字体/标题字
  📂 金梅圆润黑体 → 中文字体/正文字
  📂 直角无衬线体 → 中文字体/标题字
  📂 字体库 - 分类字体包 - JINMEI字体库22 - 金梅超黑破裂字形 → 中文字体/标题字
  📂 锐思极细体 → 中文字体/标题字
  📂 "这是一款极具复古文艺气息与装饰性的轮廓字体。其核心特征在于所有笔画均采用单线轮廓描绘，形成独特的“空心”视觉效果，并在方格网底上整齐排列， → 中文字体/其他
  📂 均匀无衬线体 → 中文字体/正文字
  📂 字体库 - 分类字体包 - JINMEI字体库22 - 金梅特黑海鸥字 → 中文字体/标题字
  📂 金梅采艺体 → 中文字体/标题字
  📂 硬笔行草实心 → 中文字体/手写体
  📂 金梅碑楷字形空心 → 中文字体/标题字
  📂 字体库 - 分类字体包 - JINMEI字体库22 - 金梅特黑斑馬線字 → 中文字体/标题字
  ✓ 完成: 成功 20, 失败 0
  📄 第 107 页: 20 个需要处理
  📂 "这是一款设计感强烈的等宽无衬线字体，整体呈现出严谨、规整的几何美学。字体结构上，笔画粗细极其均匀，几乎没有传统笔墨的起笔收笔变化，所有线条都保持恒定的宽度，赋予字体一种理性和科技感。转角处理为干净利落的直角或特定弧度的几何转角，笔画末端为平直的切线，无任何装饰。字形比例偏方正，x字高（小写字母高度）适中，字面率较高，使得字符内部空间（字怀）显得尤为开放、清晰。字重属于中粗等线体，重心稳定居中。整体风格极具现代主义和极简主义特征，情感调性严肃、专业且略带冰冷感。其视觉特征是高度几何化与模块化，笔画完全独立，无任何连笔或花体连接。这款字体非常适合用于科技产品界面、数据可视化、技术文档、教育类APP或网页的UI元素，尤其适合需要传递精确、可靠、现代感信息的场景，如软件界面、科技品牌Logo、产品说明书、学术图表等，其 → 中文字体/标题字
  📂 字体库 - 分类字体包 - JINMEI字体库22 - 金梅碑楷九宫空心 → 中文字体/手写体
  📂 "这是一款融合了宋体骨架与无衬线表现的现代黑体风格字体。其核心结构特征是横细竖粗的笔画对比，笔画转角方正有力，字形方正、重心居中、字面率高，字重介于中粗与粗体之间。最显著的设计特征在于笔画末端的“双头圆”处理：横笔末端、竖笔起笔以及点画等处带有轻微的加粗或圆润化，既保留了宋体的优雅骨架，又通过无衬线设计赋予了字体现代感与几何感。整体情感调性严肃而不失友好，专业中带有一丝柔和。这是一款非常适合标题、品牌标识及UI界面的字体，尤其适配科技、金融、教育、高端产品等需要兼顾专业 → 中文字体/标题字
  📂 金梅重叠黑国际码 → 中文字体/装饰体
  📂 "这是一款现代感十足、清晰规整的无衬线字体。其核心特征在于笔画粗细高度均匀，呈现出经典的“等线”特质，字形结构方正稳重，比例适中。字重中等偏粗，确保了良好的视觉重量和可读性。字体的重心位置居中，字内空间开放舒适，使文字在长篇阅读中不易疲劳。整体风格极简、专业且友好，情感调性偏向中性、理性，适合传递可靠、清晰的信息。视觉上既具有几何感的规整，又在细节处（如‘g’的弧线、‘a’的形态）保留了适度的人文关怀。该字体非常适合作为各类屏幕 → 中文字体/标题字
  📂 字体库 - 分类字体包 - JINMEI字体库22 - 金梅翹鬍子字範例 → 中文字体/正文字
  📂 字体库 - 分类字体包 - JINMEI字体库 - 金梅顏楷破裂国际码 → 中文字体/手写体
  📂 字体库 - 分类字体包 - JINMEI字体库 - 金梅新细明国际码 → 中文字体/衬线体
  📂 "这是一款现代感强烈的无衬线几何字体，其整体风格简洁、规整且富有理性色彩。从结构上看，笔画粗细均匀一致，没有任何多余的粗细变化或装饰，起笔与收笔处均处理为干净利落的平切或直角，转角部分呈现明确的几何特征。字形比例宽高适中，略偏向方正，x字高较高，字面率较大，使得字符显得饱满而易于识别。字重属于常规至中粗范围，重心位置居中，字怀（字内空间）开放适中，保证了良好的阅读节奏。设计风格上，它摒弃了所有装饰性元素，追求极致的清晰与功能性，情感调性严肃、专业且具有科技感，视觉特征以几何感、锐利、紧凑为主，笔画连接方式为完全独立。这款字体非常适合用作需要清晰传达信息的场景，例如科技产品的UI界面、金融报告的正文排版、教育类材料、网页正文、产品说明书以及各类印刷品中的说明文字。它也适合作为简约风格的标题使用，是现代平面设计 → 中文字体/标题字
  📂 金梅新细黑体 → 中文字体/正文字
  📂 金梅新毛行混排体 → 中文字体/装饰体
  ✓ 完成: 成功 20, 失败 0
  📄 第 108 页: 20 个需要处理
  📂 "这是一款现代简约的无衬线字体，具有高度的几何感和严谨的结构。其笔画粗细均匀，线条挺拔有力，横平竖直，转角处理干净利落，体现了极强的理性和秩序感。字形比例适中偏修长，x字高较高，字面率大，使得字体在视觉上清晰且醒目。整体重心平稳居中，字内空间开放，阅读体验流畅。情感调性上，它传递出中性、专业、冷静的科技感与现代感，视觉特征上表现为几何化、方正、紧凑。该字体非常适合作为标题字体使用，尤其适合科技产品界面、企业报告封面、简约风格海报、现代品牌Logo、应用程序UI以及需要清晰传达信息的专业印刷品设计。作为一款无衬线标题字体， → 中文字体/标题字
  📂 字体库 - 分类字体包 - JINMEI字体库 - 金梅新毛楷国际码 → 中文字体/手写体
  📂 等线无衬线体 → 中文字体/衬线体
  📂 字体库 - 分类字体包 - JINMEI字体库 - 金梅细隶圆体国际码 → 中文字体/标题字
  📂 金梅钢笔行楷体 → 中文字体/标题字
  📂 现代无衬线标准体 → 中文字体/正文字
  📂 字体库 - 分类字体包 - JINMEI字体库 - 金梅特明原体国际码 → 中文字体/衬线体
  📂 "这是一款具有强烈视觉冲击力的粗衬线字体，整体风格在古典与现代之间取得了出色的平衡。字体结构上，其笔画粗细对比鲜明，竖笔粗壮有力，横笔及衬线相对纤细但绝不柔弱，赋予了字体极佳的结构张力与稳定性。转角处理锐利，衬线末端常带有微妙的角度变化，而非简单的直角，这为严谨的字形增添了一丝灵动。英文大写字母比例修长，字面率较高，显得饱满大气；中文字符笔画结构严谨，布局方正稳重。其设计风格正式、优雅且略带复古感，情感调性严肃 → 中文字体/标题字
  📂 现代无衬线正文黑体 → 中文字体/正文字
  📂 字体库 - 分类字体包 - JINMEI字体库22 - 金梅毛正楷九宮字 → 中文字体/手写体
  📂 金梅毛张楷体 → 中文字体/衬线体
  📂 "这是一款极具复古质感和装饰性的标题字体，其核心特征是在坚实的无衬线骨架上施加了独特的“破裂”或“磨损”效果。结构上，笔画中等偏粗，粗细对比明显（如字母O的曲线部分显著变细），字形比例适中，x字高较高，赋予字体良好的辨识度。其最引人注目之处在于笔画边缘和内部布满了不规则的断裂、缺口与噪点纹理，营造出一种历经岁月侵蚀、古旧纸张或石刻拓片的视觉效果。整体风格硬朗、粗犷且充满艺术张力，传递出神秘、工业、复古或略带沧桑的情感调性。这款字体非常适合用于需要强烈视觉冲击力和独特氛围的标题设计，如时尚杂志封面、复古风格海报、游戏或 → 中文字体/标题字
  📂 金梅毛颜楷 → 中文字体/衬线体
  ✓ 完成: 成功 20, 失败 0
  📄 第 109 页: 20 个需要处理
  📂 字体库 - 分类字体包 - JINMEI字体库 - 金梅毛顏楷国际码 → 中文字体/手写体
  📂 思源黑体 (Source Han Sans) / Noto Sans CJK → 中文字体/正文字
  📂 "这是一款将传统楷书笔画美学与现代衬线结构相结合的独特字体。其笔画特征鲜明，粗细对比明显，起笔收笔处带有楷书特有的顿挫与尖锐的收尾，转角处理则圆润自然，形成了刚柔并济的视觉效果。字形比例上，中文部分结构方正稳重，英文字母略显修长，整体字重接近常规，重心居中，字怀（字内空间）适中，保证了良好的可读性。设计风格古典而雅致，兼具现代的规整感， → 中文字体/标题字
  📂 字体库 - 分类字体包 - JINMEI字体库 - 金梅毛隶书国际码 → 中文字体/装饰体
  📂 Neo Sans SC → 中文字体/无衬线体
  📂 字体库 - 分类字体包 - JINMEI字体库 - 金梅浪漫原体国际码 → 中文字体/标题字
  📂 清畅黑体 → 中文字体/正文字
  📂 金梅浪漫高对比度衬线与圆润装饰中文字体 → 中文字体/装饰体
  📂 字体库 - 分类字体包 - JINMEI字体库22 - 金梅毛楷字形空心 → 中文字体/标题字
  📂 字体库 - 分类字体包 - JINMEI字体库22 - 金梅毛楷书体 → 中文字体/手写体
  ✓ 完成: 成功 20, 失败 0
  📄 第 110 页: 20 个需要处理
  📂 Muli (无衬线体) → 中文字体/正文字
  📂 金梅毛海九宫 → 中文字体/标题字
  📂 字体库 - 分类字体包 - JINMEI字体库22 - 金梅毛楷九宫空心 → 中文字体/手写体
  📂 几何无衬线体 → 中文字体/正文字
  📂 几何人文无衬线体 → 中文字体/标题字
  📂 现代均衡无衬线体 → 中文字体/衬线体
  📂 字体库 - 分类字体包 - JINMEI字体库 - 金梅钢笔美工国际码 → 中文字体/手写体
  📂 金梅叠黑斜影装饰体 → 中文字体/标题字
  📂 字体库 - 分类字体包 - JINMEI字体库 - 金梅叠圆破裂国际码 → 中文字体/标题字
  📂 圆润无衬线体 → 中文字体/正文字
  📂 现代简约几何无衬线体 → 中文字体/衬线体
  📂 金梅超黑斜影国际码 → 中文字体/标题字
  📂 粗黑留影体 → 中文字体/标题字
  📂 字体库 - 分类字体包 - JINMEI字体库22 - 金梅毛碑楷 → 中文字体/手写体
  📂 字体库 - 分类字体包 - JINMEI字体库22 - 金梅麦克字体 → 中文字体/正文字
  📂 字体库 - 分类字体包 - JINMEI字体库 - 金梅笔线美工国际码 → 中文字体/标题字
  ✓ 完成: 成功 20, 失败 0
  📄 第 111 页: 20 个需要处理
  📂 金梅浪漫中圆体 → 中文字体/装饰体
  📂 方锐 → 中文字体/标题字
  📂 "这是一款现代感十足且带有可爱装饰元素的无衬线字体，整体风格轻松活泼、亲切友好。字体的核心特征在于笔画的处理：线条粗细变化自然，主笔画饱满，装饰性笔画纤细；最显著的是在许多笔画末端（如字母的尾部、中文字符的钩笔或点笔）以及部分转折处，设计了圆润的球状或点状装饰，宛如小珠子或气泡，赋予字体极强的趣味性与娃娃般的“萌”感。字形比例适中，字怀开放，重心略高，视觉上显得轻盈通透，阅读体验舒适。这种充满童趣和亲和力的设计，使其非常适合用于儿童产品、游戏界面、轻松活泼的社交媒体图片、电商促销海报、教育培训类App、玩具包装以及各类需要营造友好、可爱氛围的品牌Logo或标题。作为一款装饰性强的创意字体，它能 → 中文字体/标题字
  📂 字体库 - 分类字体包 - JINMEI字体库22 - 金梅浪漫小胖字体 → 中文字体/标题字
  📂 字魂豆芽体 → 中文字体/手写体
  📂 字魂90号-萌趣甜心体 → 中文字体/标题字
  📂 细雅圆体 → 中文字体/正文字
  📂 分类字体包 - 字魂字体 - 51-100号 - 字魂92号-新潮海报体 → 中文字体/标题字
  📂 字体库 - 分类字体包 - JINMEI字体库22 - 金梅浪漫漂亮字体 → 中文字体/其他
  📂 黑体加粗 → 中文字体/标题字
  📂 分类字体包 - 字魂字体 - 51-100号 - 字魂88号-漆书 → 中文字体/其他
  📂 字魂86号-杨任东手写体 → 中文字体/手写体
  📂 字体模板 → 中文字体/手写体
  📂 字体库 - 分类字体包 - JINMEI字体库22 - 金梅浪漫黑框体 → 中文字体/其他
  📂 方正匀线体 → 中文字体/标题字
  📂 金梅雅宋 → 中文字体/衬线体
  📂 "这是一款充满童趣与活力的圆润无衬线卡通字体。其核心特征在于所有笔画末端都采用了柔和的圆角处理，赋予字体一种“萌趣丫丫”的可爱感。笔画粗细整体均匀，带有轻微的手写自然波动，转角处流畅平滑，没有尖锐的棱角。字形比例稍宽，x字高适中，字面率 → 中文字体/标题字
  📂 字体库 - 分类字体包 - JINMEI字体库22 - 金梅浪漫叠黑字体 → 中文字体/其他
  📂 字体库 - 分类字体包 - JINMEI字体库22 - 金梅浪漫白立体 → 中文字体/其他
  ✓ 完成: 成功 20, 失败 0
  📄 第 112 页: 20 个需要处理
  📂 圆润现代体 → 中文字体/正文字
  📂 "这是一款极具自然手写风格与亲切人文气息的无衬线字体。笔画呈现出明显的粗细变化，模拟了真实书写时的提按顿挫，起笔收笔自然流畅，部分笔画间带有轻微的连带与出锋，赋予字体灵动的生命力。字形结构相对舒展，重心居中偏稳，中文方正中见飘逸，西文修长且富有节奏感。整体风格轻松随性，情感上亲切友好、富有文艺感，视觉上既有机圆润又不失笔画的清晰度。它非常适合用于海报标题、品牌标识、邀请函、贺 → 中文字体/标题字
  📂 "这是一款兼具规整感与手写温度的中英文字体。其最显著的特征在于所有笔画粗细均匀，起笔收笔自然无顿挫，转角处理圆润流畅，呈现出一种温和、不张扬的视觉效果。英文字母为略微倾斜的斜体，赋予字体动态感与书写感；中文字形结构清晰，笔画之间保持独立，字面率适中，整体重心平稳。设计风格偏向现代简约与自然亲和，情感调性友好、轻松且略带文艺气息。它介于随意手写与工 → 中文字体/标题字
  📂 字体库 - 分类字体包 - JINMEI字体库22 - 金梅勘流立体留影 → 中文字体/其他
  📂 金梅勘流浮体白字 → 中文字体/其他
  📂 字体库 - 分类字体包 - JINMEI字体库22 - 金梅楷书九宫实心 → 中文字体/装饰体
  📂 分类字体包 - 字魂字体 - 51-100号 - 字魂71号-御守锦书 → 中文字体/标题字
  📂 金梅锯子 → 中文字体/标题字
  📂 分类字体包 - 字魂字体 - 51-100号 - 字魂73号-江南手书 → 中文字体/手写体
  📂 纤匀体 → 中文字体/其他
  📂 字体库 - 分类字体包 - JINMEI字体库22 - 金梅火材棒美工字 → 中文字体/其他
  📂 字魂67号勾玉行书 → 中文字体/其他
  📂 分类字体包 - 字魂字体 - 51-100号 - 字魂65号-时光手札体 → 中文字体/其他
  📂 字魂63号-泡泡体 → 中文字体/其他
  📂 字体库 - 分类字体包 - JINMEI字体库22 - 金梅黑框浮體字形 → 中文字体/标题字
  📂 分类字体包 - 字魂字体 - 51-100号 - 字魂60号-梦想手札体 → 中文字体/手写体
  📂 金梅海报刚笔字体 → 中文字体/标题字
  📂 字体库 - 分类字体包 - JINMEI字体库22 - 金梅海報麵包字形 → 中文字体/其他
  📂 分类字体包 - 字魂字体 - 51-100号 - 字魂58号-创中黑 → 中文字体/其他
  📂 分类字体包 - 字魂字体 - 51-100号 - 字魂56号-洪亮毛笔隶书简体 → 中文字体/其他
  ✓ 完成: 成功 20, 失败 0
  📄 第 113 页: 20 个需要处理
  📂 "这是一款现代感强烈的几何无衬线字体。其笔画均匀有力，粗细基本保持一致，起笔收笔均为方直切角，转角处处理为锐利的直角或锐角，展现出干净利落的视觉效果。字形结构方正、紧凑，中宫收紧，字面率较高，整体字重偏粗，视觉冲击力强，重心居中偏稳，字怀（字内空间）相对开放，确保了大字号下的清晰度与力量感。字体设计风格硬朗、现代、充满科技感与工业气息，情感调性 → 中文字体/标题字
  📂 字体库 - 分类字体包 - JINMEI字体库22 - 金梅海报书法字形 → 中文字体/其他
  📂 字体库 - 分类字体包 - JINMEI字体库22 - 金梅海报大豆豆字 → 中文字体/其他
  📂 分类字体包 - 字魂字体 - 51-100号 - 字魂52号-阿开漫画体 → 中文字体/其他
  📂 字体库 - 分类字体包 - JINMEI字体库22 - 金梅古印浮体白字繁 → 中文字体/装饰体
  📂 豆豆圆点衬线体 → 中文字体/标题字
  📂 分类字体包 - 字魂字体 - 51-100号 - 字魂100号-方方先锋体 → 中文字体/其他
  📂 分类字体包 - 字魂字体 - 151-200号 - 字魂196号-大明宋 → 中文字体/衬线体
  📂 分类字体包 - 字魂字体 - 151-200号 - 字魂193号-文宋复古体 → 中文字体/标题字
  📂 金梅锐线衬线体 → 中文字体/标题字
  📂 字体库 - 分类字体包 - JINMEI字体库22 - 金梅個性字體範例 → 中文字体/其他
  📂 分类字体包 - 字魂字体 - 151-200号 - 字魂188号-星驰闪电体 → 中文字体/标题字
  📂 分类字体包 - 字魂字体 - 151-200号 - 字魂190号-童年画板体 → 中文字体/其他
  📂 分类字体包 - 字魂字体 - 151-200号 - 字魂186号-江户雪云体 → 中文字体/其他
  📂 字体库 - 分类字体包 - JINMEI字体库22 - 金梅飛彈字體範例 → 中文字体/其他
  📂 字体库 - 分类字体包 - JINMEI字体库22 - 金梅独特字体 → 中文字体/标题字
  📂 金梅方隶体书 → 中文字体/其他
  📂 分类字体包 - 字魂字体 - 151-200号 - 字魂184号-银翼创世黑 → 中文字体/其他
  📂 "这是一款现代极简风格的无衬线标题字体，整体设计呈现出强烈的几何感和力量感。其最显著的结构特征是在字母、数字及部分汉字的笔画末端和转角处，采用了独特的、不规则的切角处理，而非传统的圆滑或平直收尾。笔画粗 → 中文字体/标题字
  📂 JINMEI Geometric Sans SC → 中文字体/无衬线体
  ✓ 完成: 成功 20, 失败 0
  📄 第 114 页: 20 个需要处理
  📂 思源黑体 中粗 → 中文字体/等线体
  📂 "这是一款笔画粗壮、视觉冲击力极强的现代无衬线字体。其最显著的结构特征在于极高的字重和方正紧凑的字形，笔画以直线为主，但末端处理富有特色：许多笔画的收笔处采用了独特的锐利斜切造型，而非简单的平切或圆切，同时在一些笔画的转角或起笔处（如字母a的顶端、k的右下角）又加入了微妙的装饰性圆弧，形成了刚中带柔的对比。字体的重心居中，字内空间（字怀）适中，确保了在极粗笔画下的辨识度。整体风格现代、硬朗、充满力量感与新潮气息，几何感强烈，略带一丝复古工业风的味道。它非常适合用作需要强烈视觉吸引力的场景，是标题字、品牌Logo、海报主标题、包装设计、户外广告和社交媒体宣传图的理想选择。特别适合科技产品发布、潮流品牌标识、运动赛事宣传、电商大促 → 中文字体/标题字
  📂 字体模板 → 中文字体/其他
  📂 分类字体包 - 字魂字体 - 151-200号 - 字魂176号-创粗圆 → 中文字体/标题字
  📂 字体库 - 分类字体包 - JINMEI字体库22 - 金梅粗鐵塔字範例 → 中文字体/标题字
  📂 清朗无衬线体 → 中文字体/正文字
  📂 字体库 - 分类字体包 - JINMEI字体库22 - 金梅粗尖頭字範例 → 中文字体/标题字
  📂 "这是一款现代感强烈的无衬线（黑体）字体。其核心结构特征是笔画粗细高度均匀，横、竖、撇、捺等主要笔画的宽度基本一致，起笔与收笔呈直接的方形或平直切口，没有任何装饰性衬线。转角处理锐利、果断，呈现出强烈的几何感。字形比例适中，既不特别宽也不特别窄，中文字体（如“你”、“世”、“界”）方正稳重，字面率较高，字内空间（字怀）开放，确保了在不同尺寸下的清晰度与易读性。整体字重属于中粗体，视觉重心稳定居中。设计风格极简、理性、专业，情感调性偏向中性、可靠与科技感，视觉上非常方正、紧凑、有力。这款字体非常适合用作标题、Logo、UI界面文字以及需要清晰视觉传达的印刷品。它尤其适合科技、 → 中文字体/标题字
  📂 字体库 - 分类字体包 - JINMEI字体库22 - 金梅創意字體範例 → 中文字体/其他
  📂 字魂萌趣莫莉体 → 中文字体/标题字
  📂 金梅超黑体 → 中文字体/标题字
  📂 金梅草行书体 → 中文字体/手写体
  📂 字体库 - 分类字体包 - JINMEI字体库22 - 金梅超黑立体留影 → 中文字体/其他
  📂 分类字体包 - 字魂字体 - 151-200号 - 字魂170号-俊逸手书 → 中文字体/其他
  📂 "这是一款线条均匀、结构清晰的现代无衬线字体。其最显著的特点是笔画呈现出独特的“空心”或“双线”结构，仿佛是勾勒出的轮廓，赋予了字体轻盈而 → 中文字体/衬线体
  📂 字体库 - 分类字体包 - JINMEI字体库22 - 金梅草行九宫实心 → 中文字体/装饰体
  📂 分类字体包 - 字魂字体 - 151-200号 - 字魂168号-小茉莉 → 中文字体/其他
  📂 字体库 - 分类字体包 - JINMEI字体库22 - 金梅草书九宫空心 → 中文字体/其他
  📂 思源黑体 Regular → 中文字体/标题字
  📂 圆润现代无衬线体 → 中文字体/衬线体
  ✓ 完成: 成功 20, 失败 0
  📄 第 115 页: 20 个需要处理
  📂 分类字体包 - 字魂字体 - 151-200号 - 字魂164号-方悦黑 → 中文字体/标题字
  📂 分类字体包 - 字魂字体 - 151-200号 - 字魂162号-元气酪酪体 → 中文字体/标题字
  📂 分类字体包 - 字魂字体 - 151-200号 - 字魂160号-檀宋 → 中文字体/衬线体
  📂 字体库 - 分类字体包 - JINMEI字体库22 - 金梅碑楷九宫实心 → 中文字体/手写体
  📂 Geometric Sans Pro → 中文字体/装饰体
  📂 字体库 - 分类字体包 - JINMEI字体库22 - 金梅白線外框字體 → 中文字体/装饰体
  📂 字体库 - 分类字体包 - JINMEI字体库 - 金梅综艺斜影国际码 → 中文字体/其他
  📂 圆点装饰无衬线体 → 中文字体/装饰体
  📂 清朗现代体 → 中文字体/标题字
  📂 字体库 - 分类字体包 - JINMEI字体库 - 金梅中行书字国际码 → 中文字体/其他
  📂 "这是一款具有现代手写气息的装饰性字体，字魂154号-飘然文艺体。整体风格轻盈优雅，仿佛笔尖在纸上轻轻飘过。其笔画粗细变化自然，线条流畅而富有弹性，起笔收笔处带有微妙的弧度与装饰，赋予字体生动的手写韵律。字形结构偏向修长，重心位置适中偏高，使得整体视觉效果挺拔而不失飘逸感。字内空间开放通透，增强了字体的呼吸感。情感调性柔和亲切，充满文艺气息与艺术感，非常适合用于营造浪漫、雅致或富有创意的氛围。这是一款适合用于文艺类项目、时尚品牌以及需要传递柔和亲切情感的 → 中文字体/标题字
  📂 优雅现代衬线体 → 中文字体/衬线体
  📂 "这是一款极具视觉冲击力与机械感的现代黑体字体。其笔画极为粗壮饱满，属于极粗字重，笔画粗细几乎一致，无衬线，末端处理均为干脆利落的方切，转角处带有标志性的微小切角或直角，赋予字体强烈的“机甲”与“未来”质感。字形结构方正紧凑，字面率极高，字内空间被挤压得较为封闭，整体重心居中，呈现出稳重而充满力量的视觉感受。该字体风格硬朗、现代且充满科技感，情感 → 中文字体/标题字
  📂 现代等线体（Modern Geometric Sans） → 中文字体/正文字
  📂 "这是一款具有古典印刷美感和现代精致细节的衬线字体 → 中文字体/正文字
  📂 悠圆简体 → 中文字体/正文字
  📂 字体库 - 分类字体包 - JINMEI字体库 - 金梅新顏楷国际码 → 中文字体/衬线体
  📂 字体库 - 分类字体包 - JINMEI字体库 - 金梅新书法国际码 → 中文字体/手写体
  📂 金梅新毛隶楷 → 中文字体/标题字
  ✓ 完成: 成功 20, 失败 0
  📄 第 116 页: 20 个需要处理
  📂 分类字体包 - 字魂字体 - 101-150号 - 148号-正酷魔方体 → 中文字体/标题字
  📂 悠然字哉体 → 中文字体/标题字
  📂 字体库 - 分类字体包 - JINMEI字体库 - 金梅新草楷国际码 → 中文字体/手写体
  📂 "这是一款笔画饱满、略带手写韵味的创意黑体。字体结构方正饱满，笔画粗壮且带有自然的粗细变化，尤其 → 中文字体/标题字
  📂 字体库 - 分类字体包 - JINMEI字体库 - 金梅细行书字国际码 → 中文字体/正文字
  📂 字魂小浣熊黑体 → 中文字体/正文字
  📂 字魂5012现代无衬线体 → 中文字体/标题字
  📂 字体库 - 分类字体包 - JINMEI字体库 - 金梅细黑圆体国际码 → 中文字体/正文字
  📂 金梅特黑原体 → 中文字体/其他
  📂 金梅手写原体 → 中文字体/手写体
  📂 金梅书法破裂国际码 → 中文字体/其他
  📂 几何无衬线体 → 中文字体/正文字
  📂 分类字体包 - 字魂字体 - 101-150号 - 138号-霸燃手书 → 中文字体/其他
  📂 美眉细圆体 → 中文字体/正文字
  📂 "这是一款充满自然韵味的手写风格字体，其设计灵感源自真实的手写笔迹，具有极高的识别度。在结构特征上，字体的笔画粗细变化明显，起笔与收笔处带有毛笔书写特有的自然墨迹与飞白效果，转角处理圆润流畅，无生硬的棱角。字形比例适中，中文字形结构舒展，英文字母也保持了与中文一致的手写感。字重中等，既保证了清晰的辨识度，又不过分厚重，整体重心居中稳定。字怀空间开放，使得字形内部呼吸感充足，阅读起来轻松不局促。风格上，它呈现出强烈的文艺气息与亲切友好的情感调性，视觉上有机且 → 中文字体/标题字
  📂 金梅毛行书国际码 → 中文字体/手写体
  📂 字体库 - 分类字体包 - JINMEI字体库 - 金梅毛张楷国际码 → 中文字体/手写体
  📂 金梅毛流行国际码 → 中文字体/其他
  📂 分类字体包 - 字魂字体 - 101-150号 - 134号-蟠龙手书 → 中文字体/其他
  📂 字体库 - 分类字体包 - JINMEI字体库 - 金梅毛隶破裂国际码 → 中文字体/装饰体
  ✓ 完成: 成功 20, 失败 0
  📄 第 117 页: 20 个需要处理
  📂 字体库 - 分类字体包 - JINMEI字体库 - 金梅毛楷破裂国际码 → 中文字体/手写体
  📂 分类字体包 - 字魂字体 - 101-150号 - 132号-江舟行客 → 中文字体/其他
  📂 字体库 - 分类字体包 - JINMEI字体库 - 金梅浪漫斜影国际码 → 中文字体/其他
  📂 字体库 - 分类字体包 - JINMEI字体库 - 金梅毛草书国际码 → 中文字体/标题字
  📂 快乐俏黑体 → 中文字体/标题字
  📂 金梅浪漫美工国际码 → 中文字体/装饰体
  📂 纤语 → 中文字体/其他
  📂 字体库 - 分类字体包 - JINMEI字体库 - 金梅浪漫镜射国际码 → 中文字体/其他
  📂 清匀体 → 中文字体/其他
  📂 字体库 - 分类字体包 - JINMEI字体库 - 金梅浪漫反白国际码 → 中文字体/其他
  📂 金梅勘流空心国际码 → 中文字体/装饰体
  📂 字体库 - 分类字体包 - JINMEI字体库 - 金梅宽钢笔字国际码 → 中文字体/其他
  📂 字体库 - 分类字体包 - JINMEI字体库 - 金梅黑框浮体国际码 → 中文字体/标题字
  📂 分类字体包 - 字魂字体 - 101-150号 - 122号-七岁半 → 中文字体/其他
  📂 现代手写创意体 → 中文字体/手写体
  📂 金梅叠圆斜影 → 中文字体/标题字
  📂 思源黑体 Medium → 中文字体/正文字
  📂 字体库 - 分类字体包 - JINMEI字体库 - 金梅公主美工国际码 → 中文字体/标题字
  📂 "这是一款手写风格强烈的字体，模拟了轻松、随意、略带稚气的手写笔触，充满了活泼与趣味感。字体结构上，笔画粗细相对均匀，但带有明显的手写特有的细微抖动和不规则性；字形比例偏宽，显得舒展而不紧凑；字重为常规，重心居中略偏高，使得单个字符看起来精神而有活力。字怀（字内空间）开放，笔画之间留有充足的空间，增强了字体的透气感和亲和力。其设计风格完全偏向卡通、趣味和手写，情感调 → 中文字体/标题字
  📂 字体库 - 分类字体包 - JINMEI字体库 - 金梅叠圆空心国际码 → 中文字体/装饰体
  ✓ 完成: 成功 20, 失败 0
  📄 第 118 页: 20 个需要处理
  📂 金梅超明破裂国际码 → 中文字体/标题字
  📂 金梅叠黑空心衬线体 → 中文字体/衬线体
  📂 锐破 → 中文字体/其他
  📂 分类字体包 - 字魂字体 - 101-150号 - 116号-凤鸣手书 → 中文字体/其他
  📂 字体库 - 分类字体包 - JINMEI字体库 - 金梅超黑立体国际码 → 中文字体/标题字
  📂 仝斌手书 → 中文字体/手写体
  📂 思源黑体-黑体 → 中文字体/标题字
  📂 分类字体包 - 字魂字体 - 101-150号 - 114号-新潮广告体 → 中文字体/标题字
  📂 字体模板 → 中文字体/其他
  📂 无骨体 → 中文字体/其他
  📂 分类字体包 - 字魂字体 - 51-100号 - 字魂93号-萌趣小丸子 → 中文字体/装饰体
  📂 "这是一款充满童趣与手写感的卡通字体。其整体风格活泼可爱，笔画呈现出均匀的粗细变化，带有手写时自然的力度感，起笔与收笔处处理得圆润饱满，避免了尖锐的边角，营造出一种友善、无攻击性的视觉感受。字形比例略显宽扁，结构放松，笔画独立但流畅，没有刻意连笔，模仿了儿童或青少年工整中带点随性的书写习惯。重心稳定，字内空间开放，使得整体字形清晰易读。这款字体情感调性极为友好、亲切，视觉特征上圆润、有机感强，非常适合用于儿童产品设计、轻松活泼的社交媒体内容、休闲游戏界面、教育类应用以及需要营造温馨、可爱氛围的品牌与营销物料中。作为一款优秀的卡通体，它特别适合标题、海报、包装、UI设计等场景， → 中文字体/标题字
  📂 分类字体包 - 字魂字体 - 51-100号 - 字魂95号-手刻宋 → 中文字体/衬线体
  📂 分类字体包 - 字魂字体 - 101-150号 - 108号-新潮卡通体 → 中文字体/其他
  📂 字体模板 → 中文字体/其他
  📂 分类字体包 - 字魂字体 - 101-150号 - 106号-萌趣露珠体 → 中文字体/其他
  📂 字魂87号-乾坤手书 → 中文字体/手写体
  📂 分类字体包 - 字魂字体 - 101-150号 - 104号-书信体 → 中文字体/其他
  📂 "这是一款圆润可爱、充满手写风格的无衬线字体。其笔画粗细均匀，起笔收笔和转角处均采用柔和的圆润处理，末端常带有小巧的圆点装饰，赋予字体一种天真烂漫的趣味性。字形比例适 → 中文字体/标题字
  📂 分类字体包 - 字魂字体 - 51-100号 - 字魂85号-清韵手札体 → 中文字体/其他
  ✓ 完成: 成功 20, 失败 0
  📄 第 119 页: 20 个需要处理
  📂 字魂83号-芷兰体 → 中文字体/手写体
  📂 思源黑体清晰均匀版 → 中文字体/标题字
  📂 字魂81号-清风体 → 中文字体/标题字
  📂 分类字体包 - 字魂字体 - 51-100号 - 字魂79号-萌趣奶油体 → 中文字体/装饰体
  📂 波尔卡圆点衬线体 → 中文字体/标题字
  📂 分类字体包 - 字魂字体 - 1-50号 - 50号-白鸽天行体 → 中文字体/其他
  📂 飞鸟手写体 → 中文字体/手写体
  📂 清晰无衬线正文字体 → 中文字体/正文字
  📂 锐界无衬线 → 中文字体/正文字
  📂 现代方正黑体 → 中文字体/标题字
  📂 灵悦黑体 → 中文字体/正文字
  📂 思源黑体 (Noto Sans) → 中文字体/正文字
  📂 轻松手写体 → 中文字体/手写体
  📂 丞字雅宋 → 中文字体/等线体
  📂 胖圆泡泡体 → 中文字体/装饰体
  📂 "这是一款现代感十足且极具亲和力的手写风格字体。其核心结构特点是：笔画粗细变化自然，模拟了中性笔或钢笔书写的提按感；英文字母形态圆润随性，尤其O、C、Q等字母呈现饱满的圆形；但部分字母的转角处理（如a、g）又带有些许锐利，非完全几何化圆润。中文字体结构端正，但笔画间带有书写的连带感与呼吸感，整体重心居中，字怀开放，排版舒展。该字体风格现代、友好、轻松，视觉上既有手写的有机感又兼顾了几何的整洁感，情感调性亲切而富有活力。它完美平衡了手写体的个性化与字体的易读性，非常适合用于需要营造轻松、文艺、创意氛围的设计场景，如品牌Logo、海报标题、贺卡邀请函、社交媒体配图以及儿童产品包装 → 中文字体/手写体
  📂 字魂59号-创粗黑 → 中文字体/正文字
  📂 现代无衬线正文体 → 中文字体/正文字
  ✓ 完成: 成功 18, 失败 0
  📄 第 120 页: 20 个需要处理
  📂 思源黑体细体 → 中文字体/标题字
  📂 圆润无衬线体 → 中文字体/正文字
  📂 中等粗现代无衬线体 → 中文字体/标题字
  📂 宋楷体 → 中文字体/衬线体
  📂 涂鸦手写体-随意马克笔 → 中文字体/手写体
  📂 字体模板 → 中文字体/其他
  📂 行书手写体 → 中文字体/手写体
  📂 圆润现代无衬线体 → 中文字体/标题字
  📂 字体模板 → 中文字体/其他
  📂 新文宋 → 中文字体/衬线体
  📂 几何无衬线体 → 中文字体/正文字
  📂 布丁体 → 中文字体/装饰体
  📂 思源黑体 → 中文字体/正文字
  📂 圆润手写风格字体 → 中文字体/标题字
  📂 几何等线体 → 中文字体/正文字
  📂 通用等宽无衬线体 → 中文字体/等线体
  📂 字体模板 → 中文字体/其他
  📂 几何无衬线中英统一字体 → 中文字体/正文字
  ✓ 完成: 成功 18, 失败 0
  📄 第 121 页: 20 个需要处理
  📂 清朗几何体 → 中文字体/正文字
  📂 圆润轮廓装饰体 → 中文字体/装饰体
  📂 无衬线等宽等线体 → 中文字体/等线体
  📂 现代圆润无衬线体 → 中文字体/正文字
  📂 锐角几何无衬线体 → 中文字体/衬线体
  📂 几何无衬线体 → 中文字体/等线体
  📂 几何无衬线体 → 中文字体/正文字
  📂 思源黑体 中等 → 中文字体/等线体
  📂 现代几何无衬线体 → 中文字体/衬线体
  📂 现代几何黑体 → 中文字体/标题字
  📂 几何无衬线中粗体 → 中文字体/正文字
  📂 圆角黑体 → 中文字体/正文字
  📂 Geometric Sans Regular → 中文字体/正文字
  📂 现代几何无衬线体 → 中文字体/等线体
  📂 几何等宽无衬线体 → 中文字体/正文字
  📂 随笔圆 → 中文字体/手写体
  ✓ 完成: 成功 16, 失败 0
  📄 第 122 页: 20 个需要处理
  📂 圆润卡通描边体 → 中文字体/装饰体
  📂 现代无衬线黑体 → 中文字体/正文字
  📂 简约圆角无衬线体 → 中文字体/正文字
  📂 思源黑体 → 中文字体/正文字
  📂 无衬线几何圆体 → 中文字体/正文字
  📂 伊人黑 → 中文字体/标题字
  📂 方正等线黑体 → 中文字体/正文字
  📂 几何圆体 → 中文字体/标题字
  📂 未加载字体预览模板 → 中文字体/衬线体
  📂 字体模板 → 中文字体/其他
  📂 字体模板 → 中文字体/其他
  📂 均匀几何无衬线体 → 中文字体/正文字
  📂 圆润气泡手写体 → 中文字体/手写体
  📂 优雅书法衬线体 → 中文字体/装饰体
  📂 字体模板 → 中文字体/其他
  📂 锐棱粗黑体 → 中文字体/标题字
  ✓ 完成: 成功 16, 失败 0
  📄 第 123 页: 20 个需要处理
  📂 逗字工坊织圆 → 中文字体/标题字
  📂 锐字工房悦黑演示版纤细体 → 中文字体/正文字
  📂 Modern Thin Sans → 中文字体/标题字
  📂 锐角等线体 → 中文字体/标题字
  📂 现代几何无衬线体 → 中文字体/衬线体
  📂 造字工房思黑细长体 → 中文字体/标题字
  📂 锐线细体 → 中文字体/标题字
  📂 字体模板 → 中文字体/其他
  📂 几何极细体 → 中文字体/标题字
  📂 几何无衬线体 → 中文字体/标题字
  📂 几何等宽线条体 → 中文字体/标题字
  📂 字魂151号-联盟综艺体 → 中文字体/标题字
  📂 锐齿几何 → 中文字体/其他
  📂 造字工房音宋常规体 → 中文字体/衬线体
  📂 字体模板 → 中文字体/其他
  📂 圆润几何无衬线 → 中文字体/标题字
  📂 极粗窄体装饰字 → 中文字体/标题字
  📂 劲黑标题体 → 中文字体/标题字
  📂 优雅现代衬线体 → 中文字体/衬线体
  📂 锐刻 → 中文字体/装饰体
  ✓ 完成: 成功 20, 失败 0
  📄 第 124 页: 20 个需要处理
  📂 平衡几何 → 中文字体/标题字
  📂 方形像素 → 中文字体/标题字
  📂 几何超粗黑 → 中文字体/标题字
  📂 锐锋几何黑体 → 中文字体/标题字
  📂 几何锐角无衬线体 → 中文字体/标题字
  📂 细线条几何断开体 → 中文字体/等线体
  📂 字体模板 → 中文字体/其他
  📂 字体模板 → 中文字体/其他
  📂 几何极细无衬线体 → 中文字体/标题字
  📂 字体模板 → 中文字体/其他
  📂 你好世界几何体 → 中文字体/其他
  📂 对比无衬线体 → 中文字体/衬线体
  📂 字体模板 → 中文字体/其他
  📂 字体模板 → 中文字体/其他
  📂 字体模板 → 中文字体/其他
  📂 极简几何黑体 → 中文字体/标题字
  📂 圆几何无衬线体 → 中文字体/正文字
  📂 字体模板 → 中文字体/其他
  📂 字体模板 → 中文字体/其他
  📂 现代无衬线正文字体 → 中文字体/正文字
  ✓ 完成: 成功 20, 失败 0
  📄 第 125 页: 20 个需要处理
  📂 未来几何无衬线体 → 中文字体/标题字
  📂 几何无衬线标题体 → 中文字体/标题字
  📂 黑砖体 → 中文字体/其他
  📂 锐几何体 → 中文字体/正文字
  📂 锐黑粗体 → 中文字体/正文字
  📂 造字工房典雅纤细体 → 中文字体/正文字
  📂 字体模板 → 中文字体/其他
  📂 思源细锐体 → 中文字体/标题字
  📂 造字工房典黑 → 中文字体/正文字
  📂 字体模板 → 中文字体/其他
  📂 字体模板 → 中文字体/其他
  📂 字体模板 → 中文字体/其他
  📂 字体模板 → 中文字体/其他
  📂 字体模板 → 中文字体/其他
  📂 雅宋衬线 → 中文字体/衬线体
  📂 藏文装饰字体 → 中文字体/其他
  📂 多文字通用无衬线体 → 中文字体/衬线体
  📂 藏汉现代无衬线体 → 中文字体/衬线体
  📂 几何粗黑体 → 中文字体/标题字
  📂 圆方体 → 中文字体/其他
  ✓ 完成: 成功 20, 失败 0
  📄 第 126 页: 20 个需要处理
  📂 藏文现代黑体 → 中文字体/标题字
  📂 字体模板 → 中文字体/其他
  📂 字体模板 → 中文字体/其他
  📂 思源黑体 稳重体 → 中文字体/标题字
  📂 字体模板 → 中文字体/其他
  📂 字体模板 → 中文字体/其他
  📂 几何无衬线体 → 中文字体/正文字
  📂 无衬线方正体 → 中文字体/标题字
  📂 思源黑体 (Source Han Sans / Noto Sans CJK) → 中文字体/正文字
  📂 字体模板 → 中文字体/其他
  📂 方正硬黑 → 中文字体/其他
  📂 藏文现代无衬线体 → 中文字体/标题字
  📂 几何无衬线 → 中文字体/衬线体
  📂 字体模板 → 中文字体/其他
  📂 藏文书法标题体 → 中文字体/标题字
  📂 藏文花体与中文无衬线字体包 → 中文字体/衬线体
  📂 方正兰亭藏文 → 中文字体/正文字
  📂 字体模板 → 中文字体/其他
  📂 字体模板 → 中文字体/其他
  📂 字体模板 → 中文字体/其他
  ✓ 完成: 成功 20, 失败 0
  📄 第 127 页: 20 个需要处理
  📂 字体模板 → 中文字体/其他
  📂 字体模板 → 中文字体/其他
  📂 思源黑体中等 → 中文字体/标题字
  📂 传统装饰藏文衬线体与现代无衬线中文混合字体 → 中文字体/标题字
  📂 藏文装饰·现代黑体 → 中文字体/正文字
  📂 现代几何黑体 → 中文字体/标题字
  📂 藏文装饰体 → 中文字体/装饰体
  📂 吾爱藏文黑体 → 中文字体/其他
  📂 字体模板 → 中文字体/其他
  📂 悠然体 → 中文字体/标题字
  📂 字体模板 → 中文字体/其他
  📂 AXiftor Serif → 中文字体/衬线体
  📂 字体模板 → 中文字体/其他
  📂 藏文花饰体 → 中文字体/装饰体
  📂 思源黑体 Regular → 中文字体/正文字
  📂 Didot风格高对比衬线体 → 中文字体/衬线体
  📂 自然书写体 → 中文字体/标题字
  📂 字体模板 → 中文字体/其他
  📂 字体模板 → 中文字体/其他
  📂 字体模板 → 中文字体/其他
  ✓ 完成: 成功 20, 失败 0
  📄 第 128 页: 20 个需要处理
  📂 简粗黑 → 中文字体/标题字
  📂 均衡几何无衬线体 → 中文字体/标题字
  📂 均衡几何无衬线体 → 中文字体/正文字
  📂 尚巍手写体 → 中文字体/手写体
  📂 锐黑等线体 → 中文字体/等线体
  📂 创意手写体 → 中文字体/手写体
  📂 悦写手写体 → 中文字体/手写体
  📂 温暖手写体 → 中文字体/标题字
  📂 墨韵手写体 → 中文字体/手写体
  📂 现代手写双风格字体 → 中文字体/手写体
  📂 斜体行楷-自然风 → 中文字体/装饰体
  📂 方正悠圆中粗 → 中文字体/正文字
  📂 Circular Rounded Geometric Sans → 中文字体/无衬线体
  📂 自然手写体 → 中文字体/手写体
  📂 黑体均匀体 → 中文字体/正文字
  📂 等线 → 中文字体/正文字
  📂 梦幻漩涡花体 → 中文字体/标题字
  ✓ 完成: 成功 18, 失败 0
  📄 第 129 页: 20 个需要处理
  📂 钢笔手写体 → 中文字体/手写体
  📂 硬笔行楷 → 中文字体/标题字
  📂 柔和几何无衬线体 → 中文字体/正文字
  📂 锐字潮牌狂涂手写体-钢笔 → 中文字体/标题字
  📂 汉仪尚巍手书 → 中文字体/手写体
  📂 小城非凡体 → 中文字体/标题字
  📂 几何现代无衬线体 → 中文字体/衬线体
  📂 罗西钢笔行楷 → 中文字体/手写体
  📂 硬笔手写体 - 钢笔硬笔字体-152款-单独安装 - 67凌氏随手体  别来无恙 - 凌氏随手体 → 中文字体/标题字
  📂 几何方黑体 → 中文字体/正文字
  📂 黑体粗壮体 → 中文字体/标题字
  📂 波纹乖乖体 → 中文字体/标题字
  📂 现代手写衬线体 → 中文字体/手写体
  📂 涂鸦切角体 → 中文字体/标题字
  📂 钢笔硬笔手写体 → 中文字体/标题字
  📂 分类字体包 - 字魂字体 - 1-50号 - 31号-凝宋 → 中文字体/衬线体
  📂 工业无衬线体 → 中文字体/衬线体
  ✓ 完成: 成功 18, 失败 0
  📄 第 130 页: 20 个需要处理
  📂 直线几何等线体 → 中文字体/等线体
  📂 伯乐丫丫体 → 中文字体/手写体
  📂 建刚静心楷 → 中文字体/标题字
  📂 硬笔手写体 - 钢笔硬笔字体-152款-单独安装 - 56画溪手写草字  道貌岸然 - 画溪手写草字 → 中文字体/手写体
  📂 行者笔记简 无衬线体 → 中文字体/正文字
  📂 思源黑体-中粗 → 中文字体/正文字
  📂 简约现代无衬线体 → 中文字体/正文字
  📂 硬笔手写体 - 钢笔硬笔字体-152款-单独安装 - 50汉仪瘦金书简  大风之歌 - 汉仪瘦金书简 → 中文字体/标题字
  📂 汉仪寒石粗体简 → 中文字体/标题字
  📂 邯郸-郭灵霞灵芝体 硬笔手写体 → 中文字体/手写体
  📂 锐线无衬线体 → 中文字体/标题字
  📂 "这是一款充满童趣与块状感的卡通字体。其笔画设计极为粗壮，结构方正紧凑，字重属于极粗级别，整体字形像由一块块积木或几何图形拼接而成，具有很高的字面率。字母的转角处理圆润流畅，起笔与收笔均带有明显的圆弧特征，无尖 → 中文字体/标题字
  📂 "这是一款笔画均匀、末端圆润的现代中圆体无衬线字体。其结构特征清晰，笔画粗细一致，转角与末端都经过了精心的圆化处理，没有尖锐的棱角，赋予了字体柔和友好的观感。字形结构方正饱满，字面率较高，x字高适中，确保了良好的可读性。字重为常规偏中，重心稳定居中，字内空间开放舒展，视觉上既不 → 中文字体/标题字
  📂 字体库 - 分类字体包 - 长城字体 - 长城中行书体 → 中文字体/正文字
  📂 长城宋体 → 中文字体/衬线体
  📂 方正字酷-程斌体 → 中文字体/标题字
  📂 方正字迹-张亮硬笔行书 → 中文字体/手写体
  ✓ 完成: 成功 19, 失败 0
  📄 第 131 页: 20 个需要处理
  📂 "这是一款具有明显钢笔书写质感的现代手写字体。其结构特征上，笔画展现出自然的粗细变化，模拟了钢笔在 → 中文字体/标题字
  📂 现代硬笔楷书体 → 中文字体/标题字
  📂 清悦体 → 中文字体/标题字
  📂 字体库 - 分类字体包 - 长城字体 - 长城小姚体 → 中文字体/正文字
  📂 现代细体无衬线字体 → 中文字体/标题字
  📂 方正字迹-曾柏求硬笔简体 → 中文字体/手写体
  📂 "这是一款带有鲜明硬笔书法质感的手写风格字体，整体感觉自然、亲切且富有文艺气息。从结构特征来看，字体为无衬线体，但笔画末端带有类似钢笔书写的自然笔锋和收笔装饰。笔画粗细变化细腻，起笔轻、行笔稳、收笔有力，呈现出流畅的书写节奏。字形比例适中，既不宽扁也不过分修长，x字高设计合理，保证了较好的阅读舒适度。字重属于常规偏细，重心平稳居中，字内空间（字怀）较为开放，使得整体视觉效果清晰舒 → 中文字体/标题字
  📂 字体库 - 分类字体包 - 长城字体 - 长城细圆体繁 → 中文字体/正文字
  📂 方正瘦金书简体 → 中文字体/手写体
  📂 清晰几何无衬线体 → 中文字体/标题字
  📂 长城宋体 → 中文字体/衬线体
  📂 方正悠黑 → 中文字体/正文字
  📂 长城黑体简 → 中文字体/标题字
  📂 方圆硬笔行书简 → 中文字体/手写体
  📂 硬笔手写体 - 钢笔硬笔字体-152款-单独安装 - 25陈继世-硬笔行书  春华秋实 - 陈继世-硬笔行书 → 中文字体/标题字
  📂 字体库 - 分类字体包 - 长城字体 - 长城楷体 → 中文字体/正文字
  ✓ 完成: 成功 18, 失败 0
  📄 第 132 页: 20 个需要处理
  📂 "这是一款现代、简约且极具功能性的无衬线中文字体，展现出严谨与克制的视觉美感。其笔画粗细均匀，线条干净利落，起笔收笔处处理得非常平直，转角略带几何化的方正感，同时在关键弧线处保留了微妙的圆润，避免了过度刚硬。字形方正饱满，重心稳定居中，字内空间开放，确保了极佳的可读性与屏幕显示效果。整体风格专业、中性且略带友好，情感调性严肃而不失亲切。它非常适合用于需要清晰传达信息的数字界面和印刷品，如APP与网页的UI设计 → 中文字体/标题字
  📂 戴锦好字体X但闻人语声 → 中文字体/其他
  📂 长城粗行楷体 → 中文字体/手写体
  📂 硬笔手写体 - 钢笔硬笔字体-152款-单独安装 - 19伯乐毛毛虫体  毛毛小乖宝 - 伯乐毛毛虫体 → 中文字体/手写体
  📂 永远有多远 - 硬笔手写体 → 中文字体/手写体
  📂 伯乐油画体 BoLeYouHuati → 中文字体/其他
  📂 长城黑体 → 中文字体/正文字
  📂 字体库 - 分类字体包 - 长城字体 - 长城粗黑体繁 → 中文字体/标题字
  📂 钢笔硬笔手写体 → 中文字体/手写体
  📂 字体库 - 分类字体包 - 站酷字体 - ZCOOL Addict Italic 01 → 中文字体/装饰体
  📂 小米MiSans → 中文字体/等线体
  📂 造字工房悦黑演示版纤细长体 → 中文字体/标题字
  📂 字体库 - 分类字体包 - 造字工坊 - 造字工房悦黑演示版纤细超长体 → 中文字体/正文字
  ✓ 完成: 成功 18, 失败 0
  📄 第 133 页: 20 个需要处理
  📂 字体库 - 分类字体包 - 造字工坊 - 造字工房悦黑演示版细体 → 中文字体/正文字
  📂 字体库 - 分类字体包 - 造字工坊 - 造字工房悦黑演示版特细体 → 中文字体/装饰体
  📂 逐浪小雪钢笔体 → 中文字体/标题字
  📂 造字工房悦黑常规体 → 中文字体/正文字
  📂 逐浪硬行体 → 中文字体/标题字
  📂 "这是一款来自造字工坊悦黑系列的极细超长无衬线字体。其最显著的结构特征是笔画极度纤细、字形被纵向大幅拉伸，形成独特的高挑、修长比例，字怀（字内空间）因此显得非常开放。整体重心偏高，赋予字体轻盈、向上的视觉张力。设计风格现代、极简且充满艺术感，情感调性优雅、文艺、冷静，略带一丝疏离的美感。视觉特征上，笔画均匀无粗细变化，转角处理干净利落，线条笔直而舒展，呈现出强烈的几何感与垂直方向的延伸感。这款字体最适合用于需要突出设计感、现代感或艺术氛围的标题与装饰性文字场景，例如艺术展览海报、时尚品牌Logo、创意产品包装、杂志封面标题、社交媒体图文或文艺类APP界面中的焦点文案。它尤其能为高端、小众 → 中文字体/标题字
  📂 几何无衬线与手写混合体 → 中文字体/装饰体
  📂 钟齐吴嘉睿手写硬笔体 → 中文字体/手写体
  📂 钟齐立强行书简 → 中文字体/手写体
  📂 字体库 - 分类字体包 - 造字工坊 - 造字工房悦黑细体 → 中文字体/正文字
  📂 硬笔手写体 - 钢笔硬笔字体-152款-单独安装 - 139钟齐孟宪敏硬笔简体 三百六十行 - 钟齐孟宪敏硬笔简体 → 中文字体/手写体
  📂 字体库 - 分类字体包 - 造字工坊 - 造字工房悦黑特细体 → 中文字体/正文字
  📂 造字工房毅黑体 → 中文字体/标题字
  📂 字体库 - 分类字体包 - 造字工坊 - 造字工房悦黑常规体 → 中文字体/正文字
  📂 造字工房雅园体-均匀几何无衬线体 → 中文字体/正文字
  📂 思源黑体通用型 - 现代简约无衬线中英文标准字体 → 中文字体/衬线体
  📂 字体库 - 分类字体包 - 造字工坊 - 造字工房形黑粗体 → 中文字体/标题字
  ✓ 完成: 成功 19, 失败 0
  📄 第 134 页: 20 个需要处理
  📂 中文字符行书连笔 - 钢笔手写连笔字体 → 中文字体/手写体
  📂 造字工房情书繁体 → 中文字体/标题字
  📂 字体库 - 分类字体包 - 造字工坊 - 造字工房尚雅常规体 → 中文字体/标题字
  📂 英娜体 - 硬笔手写体 → 中文字体/手写体
  📂 字体库 - 分类字体包 - 造字工坊 - 造字工房尚黑纤细长体 → 中文字体/标题字
  📂 造字工房尚黑纤细超长体 → 中文字体/标题字
  📂 字体库 - 分类字体包 - 造字工坊 - 造字工房尚黑细体 → 中文字体/正文字
  📂 等宽极细几何无衬线 → 中文字体/等线体
  📂 "这是一款极具现代感与视觉张力的超细长体无衬线字体。其核心特征在于笔画极度纤细，几乎呈现为均匀的细线，且字形被刻意纵向拉伸，形成显著的“越长”比例，视觉上修长而挺拔。笔画粗细无变化，转角处理锐利、直接，起笔收笔干净利落，整体构成一种极简的几何美感。重心位置偏高，配合宽大的字怀（字内空间），营造出强烈的开放感与通透性。设计风格上，它融合了未来感与极简主义，情感调性显得冷峻、硬朗、高端且富有科技气息 → 中文字体/标题字
  📂 叶根友特隶简体 → 中文字体/标题字
  📂 叶根友钢笔行书升级版 → 中文字体/手写体
  📂 字体库 - 分类字体包 - 造字工坊 - 造字工房尚黑特细超长体 → 中文字体/标题字
  📂 硬笔手写体 - 钢笔硬笔字体-152款-单独安装 - 119徐金如硬笔行楷  秋风扫落叶 - 徐金如硬笔行楷 → 中文字体/标题字
  📂 字体库 - 分类字体包 - 造字工坊 - 造字工房尚黑常规体 → 中文字体/标题字
  📂 竹石体 → 中文字体/手写体
  📂 造字工房明黑常规体 → 中文字体/正文字
  📂 新蒂小丸子小学版 → 中文字体/标题字
  📂 字体库 - 分类字体包 - 造字工坊 - 造字工房情书常规体 → 中文字体/手写体
  ✓ 完成: 成功 20, 失败 0
  📄 第 135 页: 20 个需要处理
  📂 新蒂绿豆体 → 中文字体/手写体
  📂 字体库 - 分类字体包 - 造字工坊 - 造字工房凌黑常规体 → 中文字体/标题字
  📂 造字工房朗宋常规体 → 中文字体/衬线体
  📂 造字工房朗尚粗体 → 中文字体/标题字
  📂 字体库 - 分类字体包 - 造字工坊 - 造字工房刻宋粗体 → 中文字体/标题字
  📂 硬笔行书简体（郭金芳） → 中文字体/手写体
  📂 思源黑体 → 中文字体/正文字
  📂 "这是一款源自造字工坊的“俊雅常规体”字体，整体风格为典雅、精致的新古典主义衬线字体。其核心结构特征在于中英文均保持了高度统一的、优雅的衬线形态，横竖笔画粗细对比极其强烈，横画纤细挺拔，竖画饱满有力，形成了鲜明的视觉节奏。起笔收笔及衬线末端均带有精致、利落的装饰性角状设计，字形比例偏修长，重心稳定居中偏上，字内空间开放舒展，赋予字体良好的通透感与高雅气质。情感调性高端、文艺且富有传统韵味，视觉上兼具锐利的几何感与柔和的有机线条，笔画处理严谨而不失灵动。此字体非常适合用于高端品牌标题、时尚杂志封面、艺术展览海报、奢侈品包装、文化类书籍封面、邀请函及证书等场景，尤其适配时尚、艺术、文化、奢侈品、高端商务等行业的设计需求，是一款能显著提升版面格调与文艺感的 → 中文字体/标题字
  📂 精卫填海 / Hakuyokaishu7000 → 中文字体/其他
  📂 思源黑体 (Source Han Sans) → 中文字体/正文字
  📂 字体库 - 分类字体包 - 造字工坊 - 造字工房静黑特细体 → 中文字体/正文字
  📂 字体库 - 分类字体包 - 造字工坊 - 造字工房劲黑常规体 → 中文字体/标题字
  📂 字体库 - 分类字体包 - 造字工坊 - 造字工房佳黑常规体 → 中文字体/标题字
  📂 硬笔手写体 - 钢笔硬笔字体-152款-单独安装 - 102王金彦简行书完善体  静听松风寒 - 王金彦简行书完善体 → 中文字体/手写体
  📂 字体库 - 分类字体包 - 造字工坊 - 造字工房黄金时代粗体 → 中文字体/标题字
  📂 "这是一款活泼随性的手写风格字体，呈现出轻松自在的视觉感受。其核心结构特征在于采用单线构成，笔画粗细完全均匀，没有粗细变化，所有笔画的起笔、收笔以及转角处都经过了圆润的处理，没有任何尖锐的棱角，呈现出柔和的视觉效果。字形比例适中，x字高合理，字母内部空间（字怀）设计得尤为开放和宽敞，使得字体看起来通透而不拥挤。整体 → 中文字体/标题字
  📂 造字工房典黑体（粗体） → 中文字体/标题字
  📂 腾祥铚谦黑体 → 中文字体/其他
  ✓ 完成: 成功 19, 失败 0
  📄 第 136 页: 20 个需要处理
  📂 字体库 - 分类字体包 - 造字工坊 - 造字工房典黑细体 → 中文字体/正文字
  📂 无衬线黑体-几何方正 → 中文字体/衬线体
  📂 字体库 - 分类字体包 - 造字工坊 - 造字工房博黑常规体 → 中文字体/标题字
  📂 "这是一款极具视觉冲击力和力量感的超粗无衬线黑体字体。其笔画粗壮均匀，完全填满字面空间，转角处理干脆利落，呈现出强烈的几何感和现代工业美学。字形方正挺拔，字面率极高，赋予字体极高的可辨识度和稳固的视觉重心，字怀空间虽被极大压缩但结构清晰。整体设计风格现代、严肃且充满张力，传递出自信、硬朗和可靠的情感基调。最适合用于需要强力吸引眼球的场景，如 → 中文字体/标题字
  📂 李国福钢笔手写体 → 中文字体/手写体
  📂 字体库 - 分类字体包 - 造字工坊 - 造字工坊尚雅 → 中文字体/衬线体
  📂 深林钢笔行书 → 中文字体/手写体
  📂 现代友好无衬线体 - Ededris Syma → 中文字体/衬线体
  📂 Ededris双风格藏文体 → 中文字体/标题字
  📂 字体库 - 分类字体包 - 藏文字体 - ededris-f → 中文字体/正文字
  📂 "这是一款优雅且具有强烈手写质感的硬笔字体，整体风格亲切而文艺。从结构上看，其笔画模拟钢笔书写，粗细变化自然，起笔收笔处带有轻微的笔锋，转角处理圆润流畅。字形比例适中，略显舒展，字重接近常规，重心居中，字怀（字内空间）开放，赋予了字体良好的呼吸感和易读性。设计上，它呈现出纯粹的现代手写 → 中文字体/标题字
  📂 黑体 → 中文字体/正文字
  ✓ 完成: 成功 20, 失败 0
  📄 第 137 页: 20 个需要处理
  📂 藏文传统书法体 Ededris-E → 中文字体/标题字
  📂 藏文无衬线体 ededris-b → 中文字体/正文字
  📂 藏文花体与中文黑体组合 → 中文字体/标题字
  📂 逐浪硬行体 → 中文字体/其他
  📂 藏文黑体 (Ededris-C) → 中文字体/正文字
  📂 "这是一款兼具现代美感与传统钢笔书写韵味的硬笔手写体字体。其核心特征在于笔画粗细变化自然，完美模拟了钢笔在纸张上书写时因压力不同产生的纤细笔锋与适度的粗细对比，起笔收笔处带有锐利而精致的尖角。字形整体偏修长，尤其是大写字母，赋予字体一种优雅的纵向延伸感。设计风格文艺清新，情感调性轻松、亲切且富有书卷气，视觉上既有机流畅又不失规整。非常适合用于需要传递人文温度、手作感或个人风格的场景，如文艺类标题、品牌Logo、邀请函、书籍封面、社交媒体文案、时尚或生活类产品的包装设计，以及教育、旅游、文创等行业的UI界面与印刷品设计， → 中文字体/标题字
  📂 分类字体包 - 硬笔手写体 - 钢笔硬笔字体-152款-打包安装 - 钟齐余好建行艺体 → 中文字体/手写体
  📂 藏文装饰体-汉字无衬线双文种字体 → 中文字体/标题字
  📂 藏文书法装饰体 → 中文字体/标题字
  📂 Dedris F（藏文衬线体） → 中文字体/衬线体
  📂 Noto Sans Tibetan & Chinese → 中文字体/标题字
  📂 Dedris F2 藏文无衬线体 → 中文字体/衬线体
  📂 dedris-d2 藏文书法体 → 中文字体/标题字
  ✓ 完成: 成功 20, 失败 0
  📄 第 138 页: 20 个需要处理
  📂 Dedris-E2 (藏文/中文无衬线) → 中文字体/标题字
  📂 "这是一款兼具现代感与书卷气的硬笔手写字体，整体风格介于楷书与行书之间，呈现出钢笔书写的清晰、规整与流畅质感。其结构特征鲜明：笔画粗细均匀，无明显粗细对比，起笔收笔简洁利落，转角处多作圆润处理，既保留了手写的自然韵味，又确保了整体的秩序感。英文字母的x字高较高，字形比例匀称，重心稳定在中下部，字怀开放，使得单个字和长篇阅读都保持极高的清晰度。这款字体的情感调性亲切而文艺 → 中文字体/标题字
  📂 思源黑体 / Noto Sans CJK → 中文字体/正文字
  📂 Dedris-C2（藏文花体 & 中文几何无衬线体） → 中文字体/标题字
  📂 思源黑体藏文兼容版 → 中文字体/正文字
  📂 AXIFTDI → 中文字体/衬线体
  📂 平线粗衬线体 → 中文字体/衬线体
  📂 禹卫硬笔常规体 → 中文字体/标题字
  📂 分类字体包 - 硬笔手写体 - 钢笔硬笔字体-152款-打包安装 - 游狼美钢行书(简) → 中文字体/标题字
  📂 字体库 - 分类字体包 - 禹卫字体 - c287-禹卫书法行书繁体 → 中文字体/手写体
  ✓ 完成: 成功 20, 失败 0
  📄 第 139 页: 20 个需要处理
  📂 叶根友签名体 → 中文字体/手写体
  📂 锋芒 → 中文字体/其他
  📂 分类字体包 - 硬笔手写体 - 钢笔硬笔字体-152款-打包安装 - 叶根友钢笔行书升级版 → 中文字体/标题字
  📂 邢世新硬笔行书简体 → 中文字体/标题字
  📂 分类字体包 - 硬笔手写体 - 钢笔硬笔字体-152款-打包安装 - 杨任东竹石体-Semibold  窗边迷迭 → 中文字体/标题字
  📂 小美体 → 中文字体/其他
  📂 茁禾体 (邹绍军手书) → 中文字体/其他
  📂 全新硬笔楷书简 → 中文字体/标题字
  📂 文鼎TS文青钢笔体 → 中文字体/标题字
  ✓ 完成: 成功 20, 失败 0
  📄 第 140 页: 20 个需要处理
  📂 Geist Mono → 中文字体/等线体
  📂 锐宋-无衬线现代字体 → 中文字体/正文字
  📂 简约现代无衬线体 → 中文字体/正文字
  📂 现代硬笔手写体 → 中文字体/手写体
  📂 硬笔手写体 - 钢笔硬笔字体-152款-单独安装 - 80潘婉琼字体  泥菩萨过江 - 潘婉琼字体 → 中文字体/手写体
  📂 硬笔手写体 - 钢笔硬笔字体-152款-单独安装 - 82庞中华硬笔字体  AMCSongGBK-Light  茉莉花香 - 庞中华硬笔字体  AMCSongGBK-Light  茉莉花香 → 中文字体/正文字
  📂 南北简家书 → 中文字体/手写体
  📂 思源黑体常规 → 中文字体/正文字
  📂 "这是一款基于硬笔书法（特别是钢笔）创作的中文行书手写字体，兼具规范性与流畅的书写美感。其英文和数字部分为常规的衬线体，作为辅助和风格衬托，而核心特色在于其中文字符。结构上，笔画具有明显的提按变化和自然的粗细过渡，起笔处常见干脆的顿笔，收笔则带有轻盈的提笔或回锋，转折处圆润而富有弹性，展现出钢笔书写的力度与节奏。字形比例适中，重心稳健，字内空间开放均匀，保证了单字的清晰辨识度。整体风格优雅、文艺且富有亲切感，充满了手写带来的独特温度和人文气息，非常适合需要体现个人风格、文化韵味或精致手作感的场景。它特别适合用作文艺类书籍、杂志的标题或内文点缀，邀请函、贺卡、证书的个性化文字，以及个人品牌、文创产品、咖啡馆、书店等需要营造安静、知性、复古氛围的Logo和海报设计。是一款兼具实用排版功能与艺术表现力 → 中文字体/标题字
  📂 书体坊雪纯体（硬笔手写） → 中文字体/手写体
  📂 HanziPen SC → 中文字体/其他
  📂 修长舒展的硬笔行书体 → 中文字体/其他
  📂 "这是一款模拟钢笔硬笔书写、笔触带有随意自然风格的手写体字体。在结构特征上，其笔画粗细基本均匀，但带有钢笔书写时自然产生的微妙粗细变化与起收笔的轻微顿挫感。字形比例适中，略偏舒展，字重接近常规，整体重心略微偏高，使得字体在视觉上显得较为轻盈。其字怀（字内空间）开放，笔画结构相对松散，呈现出手写时的透气感。设计风格上，它属于随性手写风格，情感调性亲切、自然、文艺，带有一定的呼吸感和生活气息。视觉特征圆润流畅、舒展而不拘束，笔画末端处理自然，部分笔画有轻微的连笔或意连效果，但整体独立可辨。此字体非常适合用于需要营造个人化、亲切感的文艺类设计场景，例如文艺风格海报、独立杂志内页、书籍封面、个人博客、邀请函、手账文字、社交媒体文案配图等。它也适合教育类品牌的个性化表达、轻奢生活品牌的文案、或任何需要增添一抹人文气息和手写温度的设计项目，是一款兼具艺术感与易读 → 中文字体/标题字
  📂 几何圆润无衬线体 → 中文字体/标题字
  📂 求福硬笔手写体 → 中文字体/标题字
  ✓ 完成: 成功 20, 失败 0
  📄 第 141 页: 20 个需要处理
  📂 MiSans现代无衬线体 → 中文字体/正文字
  📂 伯乐竹笋体 → 中文字体/其他
  📂 64静蕾2 硬笔手写体 → 中文字体/手写体
  📂 思源黑体风格无衬线正文字体 → 中文字体/正文字
  📂 钢笔硬笔体 → 中文字体/手写体
  📂 字体模板 → 中文字体/其他
  📂 HanziPen SC → 中文字体/标题字
  📂 南北简家书 → 中文字体/手写体
  📂 游走云水手写体 → 中文字体/手写体
  📂 建刚字库少年体 → 中文字体/手写体
  📂 建刚草稿体 - 如是我闻 → 中文字体/手写体
  📂 现代几何无衬线体 → 中文字体/衬线体
  📂 圆润现代无衬线体 → 中文字体/衬线体
  📂 分类字体包 - 硬笔手写体 - 钢笔硬笔字体-152款-打包安装 - 迷你简硬笔楷书 → 中文字体/正文字
  📂 汉仪张杰体 → 中文字体/其他
  📂 现代几何无衬线体 → 中文字体/标题字
  ✓ 完成: 成功 20, 失败 0
  📄 第 142 页: 20 个需要处理
  📂 分类字体包 - 硬笔手写体 - 钢笔硬笔字体-152款-打包安装 - 凌氏随手体 → 中文字体/标题字
  📂 哈天随性体 → 中文字体/手写体
  📂 硬笔手写体 - 钢笔硬笔字体-152款-单独安装 - 44方正字酷-文力体  狐狸想成精 - 方正字酷-文力体 → 中文字体/标题字
  📂 圆体几何无衬线 → 中文字体/标题字
  📂 思源黑体无衬线字体 → 中文字体/衬线体
  📂 方正几何黑体 → 中文字体/正文字
  📂 建刚字库少年体 → 中文字体/其他
  📂 分类字体包 - 硬笔手写体 - 钢笔硬笔字体-152款-打包安装 - 汉仪张杰体 → 中文字体/手写体
  📂 汉仪平安行粗简体 → 中文字体/标题字
  📂 几何圆角等宽体 → 中文字体/其他
  ✓ 完成: 成功 20, 失败 0
  📄 第 143 页: 20 个需要处理
  📂 分类字体包 - 硬笔手写体 - 钢笔硬笔字体-152款-打包安装 - 方正字迹-子实行楷简体 → 中文字体/标题字
  📂 德彪钢笔行书体 → 中文字体/手写体
  📂 方正兰亭黑-简体 → 中文字体/其他
  📂 陈代明硬笔体 → 中文字体/标题字
  📂 无衬线通用字体 → 中文字体/正文字
  📂 字体模板 → 中文字体/其他
  📂 伯乐槐树体 → 中文字体/手写体
  📂 分类字体包 - 硬笔手写体 - 钢笔硬笔字体-152款-打包安装 - 方正静蕾体加粗版 → 中文字体/标题字
  📂 玉米张起灵 HanziPen SC → 中文字体/正文字
  📂 你好世界 → 中文字体/其他
  ✓ 完成: 成功 20, 失败 0
  📄 第 144 页: 20 个需要处理
  📂 Dosis → 中文字体/标题字
  📂 几何无衬线体 → 中文字体/标题字
  📂 汉仪平安行粗简 → 中文字体/正文字
  📂 "这是一款模仿钢笔硬笔书写风格的中文手写体。其核心特征在于笔画粗细相对均匀，无明显衬线装饰，转角与起收笔处带有自然书写的圆润感与停顿痕迹。字形结构清晰、比例协调，字重适中，重心稳定，字内空间开放，保证了良好的可读性与识别度。整体风格兼具工整与随性，散发出一种文艺、亲切且略带优雅的情感调性。该字体非常适合用于营造个人化、有温度的视觉氛围，推荐用于邀请函、贺卡、书籍扉页、个人博客、社交媒体文案、文艺 → 中文字体/标题字
  📂 简黑无衬线体 → 中文字体/正文字
  📂 方正清刻本悦 → 中文字体/标题字
  📂 字体库 - 分类字体包 - 叶根友 - 叶根友微宋中细 → 中文字体/正文字
  📂 字体库 - 分类字体包 - 叶根友 - 叶根友微影体 → 中文字体/标题字
  📂 叶根友微宋体 → 中文字体/正文字
  📂 字体库 - 分类字体包 - 叶根友 - 叶根友微宋特细 → 中文字体/正文字
  ✓ 完成: 成功 20, 失败 0
  📄 第 145 页: 20 个需要处理
  📂 圆体无衬线正文字体 → 中文字体/标题字
  📂 硬笔手写体 - 钢笔硬笔字体-152款-单独安装 - 132张建宇体  微雨花间落 - 张建宇体 → 中文字体/标题字
  📂 字体库 - 分类字体包 - 叶根友 - 叶根友特色空心简体 → 中文字体/标题字
  📂 "这是一款融合了楷书韵味与现代设计感的中文字体，以其独特的中英文风格统一性而脱颖而出。其英文部分为无衬线体，字形方正但转角圆润，笔画均匀，呈现出简洁温和的现代感。中文部分则明显带有楷体的笔画特征，起笔收笔处可见细腻的顿挫感，但整体结构又吸收了黑体的规整与稳重，实现了“楷骨黑肌”的融合。字重为常规偏粗，重心居中，字内空间开放，使其在保持艺术感的同时具备良好的可读性。这种古典与 → 中文字体/标题字
  📂 叶根友神工体 → 中文字体/手写体
  📂 几何黑体 → 中文字体/正文字
  📂 字体库 - 分类字体包 - 叶根友 - 叶根友千秋字体 → 中文字体/正文字
  📂 叶根友飘悦飞草2.0 → 中文字体/手写体
  📂 字体库 - 分类字体包 - 叶根友 - 叶根友凌典空2.0 → 中文字体/标题字
  ✓ 完成: 成功 20, 失败 0
  📄 第 146 页: 20 个需要处理
  📂 白舟硬笔行书体 → 中文字体/其他
  📂 字体库 - 分类字体包 - 叶根友 - 叶根友静韵体 → 中文字体/标题字
  📂 字体库 - 分类字体包 - 叶根友 - 叶根友朗捷扬2.0 → 中文字体/标题字
  📂 叶根友阁宋 → 中文字体/衬线体
  📂 硬朗直角黑体 → 中文字体/其他
  📂 新帝下午茶钢笔手写体 → 中文字体/手写体
  📂 小龙体 → 中文字体/正文字
  📂 叶根友等线体 → 中文字体/等线体
  📂 字体库 - 分类字体包 - 叶根友 - 叶根友蚕燕隶书 → 中文字体/标题字
  📂 字体库 - 分类字体包 - 叶根友 - 叶根友仿刘德华字体 → 中文字体/手写体
  📂 现代几何无衬线体 → 中文字体/正文字
  📂 雅坊几何无衬线 → 中文字体/衬线体
  ✓ 完成: 成功 20, 失败 0
  📄 第 147 页: 20 个需要处理
  📂 硬笔手写体 → 中文字体/手写体
  📂 南构唐宝楷 → 中文字体/标题字
  📂 方正稚艺 → 中文字体/正文字
  📂 雅坊几何粗衬线 → 中文字体/标题字
  📂 雅坊几何无衬线体 → 中文字体/衬线体
  📂 字体库 - 分类字体包 - 文鼎字体 - 文鼎CS长宋体繁 → 中文字体/标题字
  📂 文鼎中黑体 → 中文字体/标题字
  📂 腾祥铚谦隶书繁 → 中文字体/等线体
  📂 Geometric Sans-Regular → 中文字体/无衬线体
  📂 思源黑体 / Noto Sans CJK → 中文字体/标题字
  📂 文鼎黑體 Bold → 中文字体/标题字
  📂 文鼎新中特黑标题体 → 中文字体/标题字
  📂 文鼎新中黑 → 中文字体/正文字
  📂 字体库 - 分类字体包 - 文鼎字体 - 文鼎新特黑 → 中文字体/标题字
  ✓ 完成: 成功 20, 失败 0
  📄 第 148 页: 20 个需要处理
  📂 字体库 - 分类字体包 - 文鼎字体 - 文鼎小标宋简 → 中文字体/衬线体
  📂 笔走游龙 → 中文字体/手写体
  📂 文鼎香肠体 → 中文字体/标题字
  📂 分类字体包 - 硬笔手写体 - 钢笔硬笔字体-152款-打包安装 - HAKUYOGuiFanZi3500  锐不可当 → 中文字体/标题字
  📂 字体库 - 分类字体包 - 文鼎字体 - 文鼎細黑 → 中文字体/正文字
  📂 "这是一款具有优雅手写质感的无衬线中文字体。笔画呈现自然的粗细变化，模拟了硬笔书写的动态感，起笔、收笔处带有轻微的锋芒和自然的收束效果，转角处理圆润流畅。字形比例适中，x字高合理，字面率较大，使得整体显得饱满而亲切。字重属于常规到中粗，重心平稳，字怀（字内空间）开放，保证了良好的可读性。风格上，它既保留了手写的随意与温度， → 中文字体/标题字
  📂 文鼎特粗黑简 → 中文字体/标题字
  📂 AR PL UMing TW → 中文字体/衬线体
  📂 方正兰亭黑 → 中文字体/正文字
  📂 文鼎黑体 Regular → 中文字体/正文字
  📂 字体库 - 分类字体包 - 文鼎字体 - 文鼎特黑 → 中文字体/标题字
  📂 逐浪大雪钢笔体 → 中文字体/手写体
  ✓ 完成: 成功 20, 失败 0
  📄 第 149 页: 20 个需要处理
  📂 "这是一款现代、友好且充满活力的无衬线字体，其最显著的特征是笔画极度均匀、结构几何化且字形圆润饱满。字体所有笔画的粗细保持绝对一致，没有传统字体的粗细变化，呈现出一种稳定、均衡的视觉感受。字形比例协调，具有较高的字面率，字母与汉字的内部空间（字怀）开放清晰，重心稳定居中，确保了出色的可读性和现代感。设计风格上，它完美地融合了极简主义与几何美学，尤其是其数字、英文字母中的圆形结构（如‘O’、‘0’、‘C’）以及汉字中的‘口’字形，均处理成近乎完美的圆形，这赋予了字体一种友好、亲切且略带活泼的情感调性。它非常适合作 → 中文字体/标题字
  📂 钟齐陈伟勋硬笔行书字库 → 中文字体/其他
  📂 文鼎黑體 → 中文字体/衬线体
  📂 字体库 - 分类字体包 - 文鼎字体 - 文鼎鬍子體 → 中文字体/等线体
  📂 简黑现代体 → 中文字体/标题字
  📂 字体库 - 分类字体包 - 文鼎字体 - 文鼎彈簧體 → 中文字体/装饰体
  📂 于洪亮钢笔楷书简体 → 中文字体/标题字
  📂 文鼎粗黑体 → 中文字体/标题字
  📂 几何黑体 → 中文字体/正文字
  📂 字体库 - 分类字体包 - 文鼎字体 - 文鼎粗圆简 → 中文字体/标题字
  📂 硬笔行楷体 → 中文字体/手写体
  📂 字体库 - 分类字体包 - 文鼎字体 - 文鼎粗魏碑 → 中文字体/标题字
  📂 叶根友特隶简体 → 中文字体/其他
  📂 清韵硬笔手写体 → 中文字体/标题字
  📂 文鼎粗隸 → 中文字体/标题字
  📂 分类字体包 - 硬笔手写体 - 钢笔硬笔字体-152款-打包安装 - 叶根友非主流手 → 中文字体/标题字
  📂 字体库 - 分类字体包 - 文鼎字体 - 文鼎粗黑繁 → 中文字体/标题字
  ✓ 完成: 成功 20, 失败 0
  📄 第 150 页: 20 个需要处理
  📂 文鼎细黑 → 中文字体/正文字
  📂 文鼎超圓 → 中文字体/装饰体
  📂 现代方正无衬线体 → 中文字体/正文字
  📂 "这是一款兼具硬笔书写规整感与自然文艺气息的手写字体。其结构清晰，为典型的无衬线体，但通过模拟钢笔或签字笔的书写轨迹，赋予了字体独特的手写个性。笔画粗细均匀且中等偏粗，起笔收笔干脆利落，转角处处理得圆润自然，避免了机械的几何感。字形比例协调，英文宽窄适中，中文略宽，x字高较高，使得字面率较大，阅读起来清晰舒适。整体字重中等，重心平稳居中，字内空间开放，排版时字间行距可适度收紧以增强手写连贯感。设计风格上，它是一款现代感的手写体，情感调性优雅、文艺又不失友好亲切，视觉特征介于圆润与结构化之间，笔画独立 → 中文字体/标题字
  📂 文鼎报宋简 → 中文字体/衬线体
  📂 思源黑体 → 中文字体/其他
  📂 微软雅黑 Bold → 中文字体/标题字
  📂 小龙体 → 中文字体/手写体
  📂 硬笔手写体 → 中文字体/手写体
  📂 字体库 - 分类字体包 - 微软字体打包合集 - 微软vista宋体 → 中文字体/标题字
  📂 微软雅黑 → 中文字体/正文字
  📂 分类字体包 - 硬笔手写体 - 钢笔硬笔字体-152款-打包安装 - 王金彦简行书完善体 → 中文字体/手写体
  📂 字体库 - 分类字体包 - 微软字体打包合集 - 微软vista黑体 → 中文字体/其他
  📂 微软雅黑 → 中文字体/正文字
  📂 分类字体包 - 硬笔手写体 - 钢笔硬笔字体-152款-打包安装 - 腾祥铚谦钢笔繁 → 中文字体/手写体
  📂 分类字体包 - 硬笔手写体 - 钢笔硬笔字体-152款-打包安装 - 苏新诗鼠标行书简  SUXINSHI  炫音染画 → 中文字体/手写体
  ✓ 完成: 成功 20, 失败 0
  📄 第 151 页: 20 个需要处理
  📂 孙运和优雅钢笔体 → 中文字体/手写体
  📂 字体库 - 分类字体包 - 微软字体打包合集 - 微软美黑 → 中文字体/其他
  📂 分类字体包 - 硬笔手写体 - 钢笔硬笔字体-152款-打包安装 - 书体坊王学勤钢笔行书 → 中文字体/手写体
  📂 分类字体包 - 硬笔手写体 - 钢笔硬笔字体-152款-打包安装 - 书体坊硬笔行书3500 → 中文字体/手写体
  📂 清影硬笔 → 中文字体/手写体
  📂 分类字体包 - 硬笔手写体 - 钢笔硬笔字体-152款-打包安装 - 书体坊安景臣钢笔行书 → 中文字体/手写体
  📂 字体库 - 分类字体包 - 微软字体打包合集 - 微软简中圆 → 中文字体/其他
  📂 几何无衬线体 → 中文字体/衬线体
  📂 字体库 - 分类字体包 - 微软字体打包合集 - 微软简老宋 → 中文字体/衬线体
  📂 字体库 - 分类字体包 - 微软字体打包合集 - 微软简特黑 → 中文字体/其他
  📂 现代几何无衬线体 → 中文字体/正文字
  📂 无衬线几何体 → 中文字体/正文字
  📂 分类字体包 - 硬笔手写体 - 钢笔硬笔字体-152款-打包安装 - 翩翩体-简 → 中文字体/标题字
  📂 分类字体包 - 硬笔手写体 - 钢笔硬笔字体-152款-打包安装 - 全新硬笔行书简 → 中文字体/手写体
  📂 字体库 - 分类字体包 - 微软字体打包合集 - 微软简粗宋 → 中文字体/标题字
  📂 字体库 - 分类字体包 - 微软字体打包合集 - 微软繁综艺 → 中文字体/标题字
  📂 等线 → 中文字体/等线体
  📂 字体库 - 分类字体包 - 微软字体打包合集 - 微软繁细圆 → 中文字体/标题字
  📂 Helvetica / Neue Haas Grotesk 中文匹配字体 → 中文字体/正文字
  📂 潘婉琼钢笔硬笔手写体 → 中文字体/手写体
  ✓ 完成: 成功 20, 失败 0
  📄 第 152 页: 20 个需要处理
  📂 几何无衬线体 → 中文字体/正文字
  📂 微软繁楷体 → 中文字体/衬线体
  📂 字体库 - 分类字体包 - 微软字体打包合集 - 微软繁黑体 → 中文字体/标题字
  📂 几何无衬线体-均匀现代-黑体中黑 → 中文字体/正文字
  📂 微软繁标宋 → 中文字体/衬线体
  📂 分类字体包 - 硬笔手写体 - 钢笔硬笔字体-152款-打包安装 - 迷你简硬笔行书 → 中文字体/手写体
  📂 钢笔硬笔手写体 → 中文字体/标题字
  📂 微软繁粗圆 → 中文字体/标题字
  📂 字体库 - 分类字体包 - 微软字体打包合集 - 微软大标宋 → 中文字体/衬线体
  📂 分类字体包 - 硬笔手写体 - 钢笔硬笔字体-152款-打包安装 - 迷你简细行楷  烟雨倾城 → 中文字体/正文字
  📂 均匀无衬线体 → 中文字体/正文字
  📂 "这是一款模拟钢笔硬笔书写风格的无衬线中文字体。其笔画粗细变化自然，保留了硬笔 → 中文字体/标题字
  📂 现代清晰手写体 → 中文字体/正文字
  📂 行书手写体 (Xinshi) → 中文字体/手写体
  📂 清韵钢笔手写体 → 中文字体/手写体
  📂 方正雅宋 → 中文字体/衬线体
  📂 长宋经典 → 中文字体/衬线体
  📂 极简无衬线体 → 中文字体/衬线体
  📂 分类字体包 - 特殊字体合集 - 行驶证字体 - 驾驶证4 → 中文字体/其他
  📂 信石 → 中文字体/其他
  ✓ 完成: 成功 20, 失败 0
  📄 第 153 页: 20 个需要处理
  📂 建刚字库徐明简体 → 中文字体/标题字
  📂 等宽技术体 OLTN536N → 中文字体/等线体
  📂 分类字体包 - 特殊字体合集 - 票据字体 - MISO-LIG → 中文字体/其他
  📂 分类字体包 - 硬笔手写体 - 钢笔硬笔字体-152款-打包安装 - 建刚草稿体 → 中文字体/手写体
  📂 分类字体包 - 硬笔手写体 - 钢笔硬笔字体-152款-打包安装 - 井体(井柏然体）Qisimomo_xinjian → 中文字体/手写体
  📂 Cordiaz → 中文字体/正文字
  📂 建刚体粗体 → 中文字体/标题字
  📂 Cordiai Mono → 中文字体/其他
  📂 Cordia Modern Sans → 中文字体/无衬线体
  📂 Thomas Animal Dingbats → 中文字体/装饰体
  📂 分类字体包 - 特殊字体合集 - 票据字体 - acid_0 → 中文字体/其他
  📂 分类字体包 - 硬笔手写体 - 钢笔硬笔字体-152款-打包安装 - 汉仪伊宁隶简 → 中文字体/手写体
  📂 华康流风体 → 中文字体/手写体
  📂 分类字体包 - 特殊字体合集 - 喷码点阵字体 - BusLedDisplaySmall → 中文字体/其他
  📂 汉仪寒石硬笔体 → 中文字体/标题字
  📂 特殊字体合集 - 动物字体打包10款 - 09动物字体打包10款 - Ochentt Silibrina → 中文字体/其他
  📂 Dogs Sans - Cartoon Dog Typeface → 中文字体/标题字
  📂 分类字体包 - 硬笔手写体 - 钢笔硬笔字体-152款-打包安装 - 汉仪瘦金书简 → 中文字体/手写体
  📂 特殊字体合集 - 动物字体打包10款 - 09动物字体打包10款 - gots → 中文字体/其他
  📂 特殊字体合集 - 动物字体打包10款 - 09动物字体打包10款 - 宠物 → 中文字体/其他
  ✓ 完成: 成功 20, 失败 0
  📄 第 154 页: 20 个需要处理
  📂 分类字体包 - 硬笔手写体 - 钢笔硬笔字体-152款-打包安装 - 方正字酷-程斌体 → 中文字体/手写体
  📂 分类字体包 - 特殊字体合集 - 9P点阵字体 - ZXSPECTR → 中文字体/像素体
  📂 voltergoldfish → 中文字体/像素体
  📂 分类字体包 - 硬笔手写体 - 钢笔硬笔字体-152款-打包安装 - 邯郸-郭灵霞灵芝体  从善如流 → 中文字体/手写体
  📂 分类字体包 - 硬笔手写体 - 钢笔硬笔字体-152款-打包安装 - 方正字迹-张亮硬笔行书简体 → 中文字体/手写体
  📂 Telegl 点阵圆点字体 → 中文字体/其他
  📂 分类字体包 - 特殊字体合集 - 9P点阵字体 - pin16 → 中文字体/像素体
  📂 FAKERECE点阵体 → 中文字体/像素体
  📂 分类字体包 - 特殊字体合集 - 9P点阵字体 - DOTMATRI → 中文字体/标题字
  📂 方正字迹-钢笔伟楷简体 → 中文字体/标题字
  📂 分类字体包 - 特殊字体合集 - 9P点阵字体 - 295-CAI978 → 中文字体/标题字
  📂 方正硬笔楷书简体 → 中文字体/标题字
  📂 9P点阵无衬线字体 → 中文字体/衬线体
  📂 分类字体包 - 硬笔手写体 - 钢笔硬笔字体-152款-打包安装 - 方正字迹-百乐硬笔简体  万劫不复 → 中文字体/手写体
  📂 狂野手写体 → 中文字体/手写体
  📂 分类字体包 - 硬笔手写体 - 钢笔硬笔字体-152款-打包安装 - 方正瘦金书_GBK  摘下星星 → 中文字体/标题字
  ✓ 完成: 成功 20, 失败 0
  📄 第 155 页: 20 个需要处理
  📂 类思源黑体几何无衬线体 → 中文字体/标题字
  📂 Zinc Boom Wavy → 中文字体/装饰体
  📂 现代几何无衬线体 → 中文字体/正文字
  📂 "这是一款极具艺术表现力的混合风格字体，其核心特点是中英文字符采用截然不同的设计语言。英文部分为纤细的手写体风格，笔画如细毛笔书写，带有独特的飞白与毛糙质感，转角圆润自然，呈现出复古、文艺且富有有机感的视觉特征。中文部分则为标准的现代黑体，笔画粗壮均匀，结构方正稳重，形成了强烈的视觉对比。这种独特的组合赋予了字体极高的辨识度和艺术张力，它既适合用于需要突出个性与艺术感的标题、Logo设计，如文艺杂志封面、艺术展览海报、咖啡馆或独立 → 中文字体/标题字
  📂 陈继世硬笔行书体 → 中文字体/手写体
  📂 中性无衬线黑体 → 中文字体/衬线体
  📂 伯乐油画体 BoLeYouHuati → 中文字体/手写体
  📂 条码中文创意字体 → 中文字体/标题字
  📂 字体模板 → 中文字体/其他
  📂 垂直条纹几何体 → 中文字体/标题字
  📂 "这是一款具有极致现代感与秩序感的几何无衬线中文字体。其最显著的特征是笔画粗细完全均匀，几乎消除了所有手工书写或传统排印的粗细变化痕迹，呈现出一种高度理性与标准化的视觉效果。字形结构方正端庄，横平竖直，转角处理利落，大多为直角或极轻微的圆角，字面率饱满。字重处于中等偏粗范围，重心平稳居中，字怀（内部空间）开放均匀，确保了良好的单字辨识度。该字体情感调性严肃、可靠、富有科技感和秩序美，视觉风格极致简洁、几何化且紧凑。非常适合用于需要传递清晰、专业、现代信息的长文本排版场景，如科技产品说明、 → 中文字体/标题字
  📂 条形码无衬线体 → 中文字体/衬线体
  📂 V300010_（条形码风格创意字体） → 中文字体/标题字
  📂 Code Bar 条形码图形 → 中文字体/标题字
  ✓ 完成: 成功 20, 失败 0
  📄 第 156 页: 20 个需要处理
  📂 数据矩阵条码字体 → 中文字体/标题字
  📂 方锐黑体 → 中文字体/标题字
  📂 字体库 - 分类字体包 - 叶根友 - 叶根友行书 → 中文字体/标题字
  📂 条码无衬线体 → 中文字体/装饰体
  📂 条纹码字母 (Striped Barcode Sans) → 中文字体/装饰体
  📂 叶根友微圆体 → 中文字体/正文字
  📂 等宽无衬线几何黑体 → 中文字体/标题字
  📂 CodeLine Sans → 中文字体/标题字
  📂 叶根友小京楷简体 → 中文字体/标题字
  📂 等线黑体 → 中文字体/标题字
  📂 几何科技黑体 → 中文字体/标题字
  📂 字体库 - 分类字体包 - 叶根友 - 叶根友微宋中粗 → 中文字体/标题字
  ✓ 完成: 成功 18, 失败 0
  📄 第 157 页: 20 个需要处理
  📂 "这是一款兼具现代感与精致细节的无衬线字体。其核心特征在于笔画末端的微妙“微刚”装饰——在横画收笔、竖画起笔及部分笔画转 → 中文字体/正文字
  📂 方正等宽无衬线体 → 中文字体/等线体
  📂 无衬线几何体 → 中文字体/标题字
  📂 V100027-条码构成无衬线体 → 中文字体/衬线体
  📂 字体库 - 分类字体包 - 叶根友 - 叶根友微黑中细 → 中文字体/正文字
  📂 "这是一款由叶根友设计的、极具童趣与活力的现代手写风格字体——叶根友童体简。其字形结构舒展，笔画粗细对比鲜明，带有明显的书法起收笔特征（笔锋），使字体在保持可爱的同时不失力量感 → 中文字体/标题字
  📂 条码艺术体 → 中文字体/标题字
  📂 条码体 → 中文字体/装饰体
  📂 条码体 (BarCode Font) V1 → 中文字体/装饰体
  📂 叶根友特楷简体 → 中文字体/手写体
  📂 叶根友唐楷飞墨 → 中文字体/标题字
  📂 V100015_ → 中文字体/装饰体
  📂 字体库 - 分类字体包 - 叶根友 - 叶根友特色简体 → 中文字体/手写体
  📂 条形码体 - Barcode Font → 中文字体/装饰体
  📂 "这是一款现代简约风格的无衬线中英文字体，整体设计干净利落，充满力量感与专业性。笔画粗细均匀，没有明显的粗细变化，起笔与收笔处理果断利落，转角处多呈硬朗的直角或微小圆弧，赋予字体一种精确和稳重的气质。字形比例接近标准方正，宽高均衡，字重属于偏粗的类别，视觉分量感十足。重心居中，确保了良好的阅读平衡感，字内空间 → 中文字体/标题字
  📂 "这是一款极具手绘质感的现代手写体字体，名为叶根友轻绘体。字体结构呈现典型的无衬线特征，笔画模拟了铅笔或炭笔在纸上轻轻绘制的效果，边缘带有细腻的毛糙感、断笔和自然的墨迹飞白，转角处理圆润柔和。字形整体比例修长，字重介于常规与中粗之间，笔画粗细变化微妙而自然。重心位置居中，字怀开放，字形结构看似松散随意，实则保持了良好的识别性和内在的平衡感。其设计风格现代而充满艺术气息，情感调性亲切、文艺、富有创意与温度，视觉上呈现出有机的、非几何化的手绘美学。这款字体非常适合用于追求自然、艺术感和个性化表达的设计项目，例如文艺活动海报、品牌Logo设计、艺术展览视觉系统、社交媒体内容创作、书籍封面、文创产品包装以及邀请函、贺卡等场景。作为一款适合屏幕显示与印刷的文艺风格字体，它能有效提升作品的亲和力与独特气质，是文艺、教育、旅游、餐饮 → 中文字体/标题字
  ✓ 完成: 成功 19, 失败 0
  📄 第 158 页: 20 个需要处理
  📂 条形码字体 (Barcode Sans) → 中文字体/标题字
  📂 几何块线体 → 中文字体/标题字
  📂 条形码字体 → 中文字体/正文字
  📂 "这是一款极具个人风格和艺术表现力的手写毛笔字体，名称为“叶根友飘然劲草繁2.0”。从结构上看，其笔画粗细对比极其强烈，如“横细竖粗”、“撇轻捺重”的特征被夸张化 → 中文字体/标题字
  📂 像素条码体 → 中文字体/像素体
  📂 Tuesday → 中文字体/装饰体
  📂 "这是一款由叶根友设计、具有鲜明传统毛笔书法韵味的中文艺术字体。其笔画结构模仿毛笔书写的特性，起笔、收笔和转折处带有自然的墨迹感与轻微的飞白效果，笔画粗细变化丰富，整体结构在舒展与紧凑之间取得了平衡，营造出一种富有动感和文化气息的视觉体验。风格上融合了古典书法艺术与现代字体设计，情感调性既显端庄典雅，又不失灵动与亲和力。特别适合用于标题设计、品牌Logo、海报主视觉、包装设计、 → 中文字体/标题字
  📂 字体库 - 分类字体包 - 叶根友 - 叶根友美赞体 → 中文字体/手写体
  📂 TRANSPOR交通图标字体 → 中文字体/装饰体
  📂 字体库 - 分类字体包 - 叶根友 - 叶根友朗月书2.0 → 中文字体/手写体
  📂 工具图标字体 → 中文字体/装饰体
  📂 Tombots → 中文字体/装饰体
  📂 "这是一款由叶根友设计的狂放不羁、极具个人风格的中文草书字体。其笔画结构极为自由，粗细对比强烈，起笔与收笔处常带有锐利的顿挫感与拖尾，呈现出一种即兴书写的“飞白”效果。字形比例修长，字重偏中粗至粗，重心略低，字内空间开放，使得整体视觉效果疏朗而富有动感。设计风格上，它完美融合了传统草书的韵律与现代手写体的随意感，情感调性硬朗、潇洒又充满文艺气息，视觉特征圆润流畅、富有有机的线条感。由于其中英文笔画风格高度统一，非常适合作为具有中国文化特色的Logo、艺术海报、品牌标题、包装设计或文化类活动的视觉核心，尤其适合文旅、餐饮、创意出版、艺术展览等需要展现独特个性与手写温度的场景。作为一款典型的“艺术化手 → 中文字体/标题字
  📂 叶根友古刻体 → 中文字体/标题字
  ✓ 完成: 成功 19, 失败 0
  📄 第 159 页: 20 个需要处理
  📂 涂鸦手绘符号字体 → 中文字体/标题字
  📂 Tombats 图标字体 → 中文字体/装饰体
  📂 叶根友钢笔行书2.0 → 中文字体/手写体
  📂 Techno Dingbats - 科技图标无衬线体 → 中文字体/衬线体
  📂 叶根友钢笔手写混搭衬线体 → 中文字体/标题字
  📂 字体库 - 分类字体包 - 叶根友 - 叶根友度黑1.8 → 中文字体/标题字
  📂 剪影奇想 (Silhouette Fable) → 中文字体/装饰体
  📂 星芒装饰符号字体 → 中文字体/装饰体
  📂 Signal Sans → 中文字体/无衬线体
  📂 字体库 - 分类字体包 - 叶根友 - 叶根友奥运字体 → 中文字体/装饰体
  📂 雅方无衬线体 → 中文字体/正文字
  📂 蚀刻痕迹黑体 → 中文字体/装饰体
  📂 雅坊无衬线中等 → 中文字体/衬线体
  📂 Scandal - 斑驳侵蚀粗体 → 中文字体/标题字
  📂 SPORTS & HOBBY - 运动与休闲图标字体 → 中文字体/装饰体
  ✓ 完成: 成功 17, 失败 0
  📄 第 160 页: 20 个需要处理
  📂 "这是一款现代简约、结构清晰的无衬线中文字体。其最显著的特征是笔画粗细高度均匀，几乎没有变化，呈现出一种平直、硬朗的视觉效果。笔画的起笔、收笔以及转角处处理得非常锐利、干净，没有圆角或多余的装饰，赋予字体强烈的几何感和力量感。字形比例方正，字面率较大，整体显得饱满而稳重。重心位于字身的中部，视觉平衡感极佳。字体的字怀（字内空间）相对开放，例如“国”、“区”等字的内部空间清晰，这有助于在较大字重或小字号下保持一定的辨识度。整体风格严肃、干练，充满现代感和科技感。非常适合用作需要突出力量感和清晰度的 → 中文字体/标题字
  📂 几何等线体 → 中文字体/标题字
  📂 像素宽度体 → 中文字体/标题字
  📂 Robot锐衬体 → 中文字体/装饰体
  📂 思源黑体（Noto Sans CJK） → 中文字体/标题字
  📂 文鼎等宽明体 → 中文字体/等线体
  📂 文鼎中黑 → 中文字体/正文字
  📂 Pinball → 中文字体/装饰体
  📂 ProgBot点阵体 → 中文字体/标题字
  📂 Poranger → 中文字体/装饰体
  📂 航海信号旗字体 → 中文字体/标题字
  📂 OpticBot → 中文字体/装饰体
  📂 卷曲轮廓体 → 中文字体/装饰体
  📂 音乐主题乐器符号字体 → 中文字体/装饰体
  ✓ 完成: 成功 16, 失败 0
  📄 第 161 页: 20 个需要处理
  📂 文鼎黑体 / AR Hei → 中文字体/标题字
  📂 Melanie花体手写装饰字体 → 中文字体/装饰体
  📂 字体库 - 分类字体包 - 特殊字体 - MDRABBIT → 中文字体/装饰体
  📂 军事主题图标字体 (Military Icon Font) → 中文字体/装饰体
  📂 文鼎明体 → 中文字体/衬线体
  📂 "这是一款现代感十足的无衬线中文字体，兼具优秀的屏幕与印刷表现力。其字形方正，结构稳定，笔画粗细均匀但并非完全等线，在起笔、收笔及转角处带有微妙的加粗处理，既保证了视觉上的硬朗感，又避免了呆板。中英文字高协调，字面率较高，字内空间（字怀）开放，使得中长段落文本阅读起来清晰、舒适，无视觉疲劳感。整体设计风格极简、理性且中性，情感上显得专业、可靠、不张扬。非常适合用于书籍、杂志、网站及APP的正文排版，以及UI界面、数据报表、技术文档等需要清晰传达信息的 → 中文字体/标题字
  📂 文鼎新艺体 → 中文字体/标题字
  📂 Levity → 中文字体/标题字
  📂 "这是一款现代、清晰、中性风格的中文无衬线字体。从结构上看，它属于典型的“新細黑”体，笔画极为纤细且均匀，几乎没有粗细变化，字形方正略宽，x字高较大，字面率高，使得小字号下依然保持良好的可读性。重心稳定，字怀（字内空间）开放，笔画末端和转角处理干净利落，无任何多余装饰。整体设计风格极简、克制、理性，情感调性严肃、专业、中性，视觉特征上呈现出几何感与秩序感。它非常适合用于需要清晰传达信息的场景，例如数字产品的UI界面、长篇阅读的正文排版、教育或金融类文档、网页中的辅助文字以及现代风格的品牌说明文字。作为一款经典的中性黑体，它能在各种媒介上保持稳定统一的视觉效果 → 中文字体/标题字
  📂 圆点装饰体 → 韩文字体/装饰体
  📂 LANDPLAN → 中文字体/标题字
  📂 "这是一款极具视觉冲击力和手工拼贴艺术感的装饰字体。其最核心的特征是模拟了从报纸、杂志等印刷品上剪切单个字母并重新拼贴的视觉效果，每个字符都带有不规则的裁剪边缘和微弱的阴影，营造出一种“绑架”式的拾得物艺术风格。字母结构为无衬线体，但笔画粗细对比极为强烈，从极粗到极细的笔画在同一字母内共存，字形比例宽大，字面率高。整体设计风格现代、前卫且富有戏剧性，情感调性上混合了活泼、叛逆与艺术气息，视觉特征锐利、不规则且充满动感。字符排列错落有致，部分带有微小的旋转，增强了手工感和个性。这款字体特别适合用于需要强烈个性和艺术感的场景，如音乐专辑封面、艺术展览海报、创意广告、独立 → 中文字体/标题字
  📂 思源黑体 Regular → 中文字体/正文字
  📂 HOUSEHOL 图标字体 → 中文字体/标题字
  📂 字体库 - 分类字体包 - 特殊字体 - HYGIENE → 中文字体/装饰体
  📂 HOLIBI手绘涂鸦图标字体 → 中文字体/标题字
  📂 Guildof Sans Display → 中文字体/标题字
  ✓ 完成: 成功 19, 失败 0
  📄 第 162 页: 20 个需要处理
  📂 "这是一款装饰性极强的手绘风格英文字体，视觉核心在于每个字母都融入了独特的漩涡或蜗牛壳状装饰元素，尤其在O、P、Q、G、a、d、g、o等字母的内部和末端体现得淋漓尽致。字体笔画极其粗壮，粗细变化较小，呈现出强烈的视觉冲击力和块状感。字形偏宽，字面率高 → 中文字体/标题字
  📂 Germs → 中文字体/标题字
  📂 文鼎习字体 → 中文字体/正文字
  📂 思源黑体几何宽体 → 中文字体/标题字
  📂 无衬线粗体 → 中文字体/标题字
  📂 Geodesic 装饰体 → 中文字体/标题字
  📂 Gabriel → 中文字体/标题字
  📂 Equinox → 中文字体/正文字
  📂 "这是一款圆润可爱的卡通体中文字体，其最显著的特征是所有笔画的转角和末端均处理为平滑的圆弧，没有任何尖锐的角度，呈现出强烈的亲和力与童趣。字体的笔画粗细均匀，属于无衬线的等线体结构，字形比例适中，重心稳定且居中，字内空间开放，使得整体排版显得清晰而透气。设计风格现代、活泼，情感调性友好、亲切、柔和，视觉上给人以温暖、可爱、轻松的感受 → 中文字体/标题字
  📂 字体库 - 分类字体包 - 文鼎字体 - 文鼎石頭體 → 中文字体/标题字
  📂 "这是一款充满现代感与装饰性的无衬线字体。其结构特征鲜明，笔画粗细对比强烈，横笔纤细而竖笔厚重，起笔收笔利落干脆。字形比例窄长，x字高偏高，整体视觉重心适中偏上，使字体显得挺拔而有精神。字内空间开放，尤其是中文字符的留白充足，增强了视觉层次感。设计风格硬朗、酷炫，同时带有一丝文艺与优雅气息，视觉上几何感强、笔画锐利，结构紧凑而笔画间又保持舒展。这款字体最适合用作需要视觉冲击力的标题、Logo和品牌标识，尤其适合时尚、运动、科技、潮牌等 → 中文字体/标题字
  📂 DOG30 Dingbat Dog Silhouettes → 中文字体/装饰体
  📂 DELUSION → 中文字体/标题字
  📂 Cwisdom 重影缺口黑体 → 中文字体/标题字
  ✓ 完成: 成功 19, 失败 0
  📄 第 163 页: 20 个需要处理
  📂 断笔几何黑体 → 中文字体/标题字
  📂 "这是一款具有强烈视觉冲击力的现代无衬线字体，非常适合用于需要吸引注意力的场合。其结构特征极为鲜明，笔画粗壮有力，几乎没有任何粗细变化，呈现出均匀而厚实的线条感，起笔和收笔处均为干净利落的直线切割，转角处理直接且带有锐利的直角，展现出纯粹的几何力量。字形偏宽，字面率极大，内部空间（字怀）在粗壮的笔画限制下显得较为紧凑，字重达到极粗级别，重心稳健居中。设计风格上，它融合了极简主义与未来科技感，情感调性硬朗、严肃且充满张力，视觉特征锐利、方正、几何化，笔画独立不连结。这款字体最适合用作大号标题，例如海报主标题、活动封面、品牌Logo或需要制造视觉轰动的广告文案，在科技、运动、金融、汽车或潮流时尚行业的产品发布、活动宣传、社交媒体大图等场景中 → 中文字体/标题字
  📂 文鼎琥珀繁 → 中文字体/正文字
  📂 Computers → 中文字体/装饰体
  📂 时钟符号黑体 → 中文字体/正文字
  📂 Bullet Sans → 中文字体/装饰体
  📂 Colophon Serif → 中文字体/衬线体
  📂 字体库 - 分类字体包 - 文鼎字体 - 文鼎雕刻體 → 中文字体/标题字
  📂 三角符号体 → 中文字体/装饰体
  📂 文鼎方黑（或文鼎等线体） → 中文字体/等线体
  📂 "这是一款非常独特的装饰性符号字体，其核心特点在于将键盘上的标准字母按键映射为丰富的边框与装饰元素，而非显示常规文字。字体本身并不用于文本排版，而是作为设计师的“符号工具箱”使用。结构上，它完全摒弃了传统的字母形态，每个键位对应一个设计精良的边框或装饰图形，包括实线框、双线框、圆角框、尖角框、花边框以及各种填充图案（如点阵、斜线）。这些元素模块化、几何感强，风格实用且多样，从极简的现代感到略带复古的装饰感 → 中文字体/其他
  📂 字体库 - 分类字体包 - 特殊字体 - BALLOONS → 中文字体/装饰体
  📂 文鼎黑体-简粗 → 中文字体/正文字
  📂 文鼎粗黑体 → 中文字体/标题字
  📂 字体库 - 分类字体包 - 文鼎字体 - 文鼎粗明 → 中文字体/标题字
  ✓ 完成: 成功 20, 失败 0
  📄 第 164 页: 20 个需要处理
  📂 Dislocated Sans → 中文字体/标题字
  📂 "这是一款笔画粗壮有力、结构严谨的现代黑体字体。从结构上看，笔画粗细基本一致，转折处理干净利落，起笔收笔多为方正或微圆，没有多余的装饰性末端。字形比例 → 中文字体/标题字
  📂 Angstrom Scanline → 中文字体/装饰体
  📂 运动员图标字体 → 中文字体/标题字
  📂 Musical Notes and Instruments Dingbat → 中文字体/装饰体
  📂 微软雅黑 Vista Regular → 中文字体/其他
  📂 未来感圆体（日系几何） → 中文字体/装饰体
  📂 文鼎超黑 → 中文字体/标题字
  📂 卫生图标字 → 中文字体/装饰体
  📂 微软雅黑 → 中文字体/正文字
  📂 头骨骷髅图形字体 → 中文字体/装饰体
  📂 运动图标无衬线体 → 中文字体/装饰体
  ✓ 完成: 成功 20, 失败 0
  📄 第 165 页: 20 个需要处理
  📂 圣诞符号字体集 → 中文字体/装饰体
  📂 微软雅黑 Bold → 中文字体/标题字
  📂 现代方正无衬线体 → 中文字体/衬线体
  📂 旗语象形体 (Semaphore Pictogram) → 中文字体/装饰体
  📂 锐锋几何无衬线 → 中文字体/正文字
  📂 微软雅黑 Bold → 中文字体/标题字
  📂 猫脸图案体 → 中文字体/装饰体
  📂 路标图标与符号集 → 中文字体/装饰体
  📂 字体库 - 分类字体包 - 特殊字体 - 跑跳 → 中文字体/标题字
  📂 字体库 - 分类字体包 - 微软字体打包合集 - 微软简秀圆 → 中文字体/标题字
  📂 几何无衬线体 → 中文字体/标题字
  ✓ 完成: 成功 20, 失败 0
  📄 第 166 页: 20 个需要处理
  📂 思源黑体 / Source Han Sans (推断) → 中文字体/无衬线体
  📂 思源黑体 → 中文字体/正文字
  📂 家具图标 → 中文字体/装饰体
  📂 微软雅黑 Bold → 中文字体/标题字
  📂 微软雅黑粗体 → 中文字体/正文字
  📂 花案 → 中文字体/装饰体
  📂 动物剪影装饰体 → 中文字体/装饰体
  📂 微软雅黑 → 中文字体/正文字
  📂 非洲剪影符号集 → 中文字体/装饰体
  📂 图标字体-公用符号集 → 中文字体/装饰体
  📂 怪脸表情字体 → 中文字体/装饰体
  ✓ 完成: 成功 20, 失败 0
  📄 第 167 页: 20 个需要处理
  📂 刺猬手绘卡通图标体 → 中文字体/装饰体
  📂 电器图标符号字体 → 中文字体/装饰体
  📂 微软雅黑 Regular → 中文字体/正文字
  📂 Geometric Sans Pro → 中文字体/正文字
  📂 简约趣味无衬线体 → 中文字体/标题字
  📂 方正魏碑体 → 中文字体/标题字
  📂 锐思简体 → 中文字体/标题字
  📂 图形无衬线等线体 → 中文字体/衬线体
  📂 微软雅黑 → 中文字体/正文字
  📂 符号插图无衬线字体包 → 中文字体/装饰体
  📂 思源黑体 Regular → 中文字体/其他
  📂 字体库 - 分类字体包 - 微软字体打包合集 - 微软大黑体 → 中文字体/标题字
  📂 Dot Matrix → 中文字体/像素体
  📂 方正粗黑体 → 中文字体/标题字
  ✓ 完成: 成功 20, 失败 0
  📄 第 168 页: 20 个需要处理
  📂 圆弧花体装饰体 → 中文字体/标题字
  📂 分类字体包 - 特殊字体合集 - 中文点阵字体 - 汉字点阵16 → 中文字体/像素体
  📂 04B_08 → 中文字体/像素体
  📂 像素像素体 → 中文字体/像素体
  📂 分类字体包 - 特殊字体合集 - 证件中文字体 - 身份证字体 → 中文字体/标题字
  📂 04B_20（像素体） → 中文字体/像素体
  📂 通用无衬线中粗体 → 中文字体/正文字
  📂 椭圆零现代无衬线体 → 中文字体/衬线体
  📂 DFPGB_S7 → 中文字体/标题字
  📂 分类字体包 - 淘宝授权使用45款华康字体 - 华康 - 华康圆体W9(P) → 中文字体/其他
  📂 NaiveLineSansBold → 中文字体/标题字
  📂 "这是一款具有现代装饰风格的无衬线标题字体，隶属于华康字库系列。笔画设计粗壮有力，字 → 中文字体/标题字
  📂 分类字体包 - 淘宝授权使用45款华康字体 - 华康 - 华康圆体W5(P) → 中文字体/其他
  ✓ 完成: 成功 20, 失败 0
  📄 第 169 页: 20 个需要处理
  📂 cordiab - 无衬线等宽字体 → 中文字体/衬线体
  📂 Geometric Sans - 几何无衬线 → 中文字体/衬线体
  📂 10BT几何无衬线体 → 中文字体/正文字
  📂 华康魏碑W7 → 中文字体/标题字
  📂 特殊字体合集 - 动物字体打包10款 - 09动物字体打包10款 - teddydings1_dl → 中文字体/装饰体
  📂 分类字体包 - 淘宝授权使用45款华康字体 - 华康 - 华康唐风隶W5 → 中文字体/装饰体
  📂 特殊字体合集 - 动物字体打包10款 - 09动物字体打包10款 - farmwildanimals_csp → 中文字体/装饰体
  📂 ZX81 点阵像素字体 → 中文字体/像素体
  📂 现代无衬线黑体 → 中文字体/等线体
  ✓ 完成: 成功 20, 失败 0
  📄 第 170 页: 20 个需要处理
  📂 Dot Matrix LED Sans → 中文字体/无衬线体
  📁 创建: 韩文字体/像素体
  📂 AtomicClockRadio → 韩文字体/像素体
  📂 圆点矩阵像素体 → 中文字体/像素体
  📂 像素体288-CAI978 → 中文字体/像素体
  📂 ZeichensSW → 中文字体/标题字
  📂 华康墨字体 Std W9 → 中文字体/正文字
  📂 方正冷静无衬线体 → 中文字体/正文字
  📂 条形码 → 中文字体/装饰体
  📂 分类字体包 - 淘宝授权使用45款华康字体 - 华康 - 华康黑体W9 → 中文字体/标题字
  📂 方阵黑 → 中文字体/标题字
  ✓ 完成: 成功 20, 失败 0
  📄 第 171 页: 20 个需要处理
  📂 "这是一款笔画极粗、方正稳重的无衬线黑体。其最显著的特征是笔画厚度达到了极致，字怀（字内空间）因此显得相当封闭，形成了高密度的视觉块面。笔画的起笔、收笔和转角均为平直的方角，没有任何圆润或装饰性处理，传递出强烈的几何感与秩序感。字形整体宽大饱满，汉字部分尤为方正，字重属于极粗级别，重心居中，赋予字体极强的视觉冲击力与稳定感。设计风格现代、简约且充满力量，情感调性严肃、硬朗而可靠。这款 → 中文字体/标题字
  📂 分类字体包 - 淘宝授权使用45款华康字体 - 华康 - 华康黑体W5 → 中文字体/标题字
  📂 方正粗圆无衬线 → 中文字体/标题字
  📂 字体库 - 分类字体包 - 松邦WHZ字体 - 王汉宗中行书繁 → 中文字体/标题字
  📂 几何黑体 → 中文字体/标题字
  📂 条形码节奏 → 中文字体/装饰体
  📂 字体库 - 分类字体包 - 松邦WHZ字体 - 王汉宗综艺体繁 → 中文字体/标题字
  📂 码迹无衬线 → 中文字体/衬线体
  📂 条码无衬线体 → 中文字体/标题字
  📂 "这是一款融合了现代印刷美学与传统韵味的正式衬线字体。其英文部分具有锐利而清晰的衬线，笔画在粗细间展现出经典的强对比，结构规整且比例匀称，字重偏向中粗，整体重心居中，字内空间开放。中文部分延续了明体（宋体）的骨架，笔画特征鲜明，横画细、竖画粗，收笔处带有精致的装饰角。最引人注目的是，字体中包含了为“破音字”准备的注音小字，这一设计赋予了它独特的实用性和文化细节。整体风格优雅、严肃、高端，兼具现代的清晰度与古典的韵味。非常适合用于需要体现权威感与文化底蕴的场合，如书籍出版、学术论文、高端品牌标识、传统风格海报、证书 → 中文字体/标题字
  📂 字体库 - 分类字体包 - 松邦WHZ字体 - 王汉宗中明体繁 → 中文字体/衬线体
  📂 条形码无衬线体 → 中文字体/衬线体
  ✓ 完成: 成功 20, 失败 0
  📄 第 172 页: 20 个需要处理
  📂 字体库 - 分类字体包 - 松邦WHZ字体 - 王汉宗中楷体注音 → 中文字体/衬线体
  📂 条形码数字无衬线体 → 中文字体/衬线体
  📂 王汉宗中仿宋简 → 中文字体/衬线体
  📂 锐宋 → 中文字体/标题字
  📂 条码创意字体 → 中文字体/装饰体
  📂 Digital Circuit Pro → 中文字体/装饰体
  📂 条形码无衬线 → 中文字体/衬线体
  📂 Barcode Display → 中文字体/装饰体
  📂 王汉宗颜楷体繁 → 中文字体/衬线体
  📂 字体库 - 分类字体包 - 松邦WHZ字体 - 王汉宗细圆体繁 → 中文字体/正文字
  📂 字体库 - 分类字体包 - 特殊字体 - V100024_ → 中文字体/标题字
  📂 字体库 - 分类字体包 - 松邦WHZ字体 - 王汉宗细明体繁 → 中文字体/正文字
  📂 字体库 - 分类字体包 - 松邦WHZ字体 - 王汉宗特圆体繁 → 中文字体/其他
  ✓ 完成: 成功 20, 失败 0
  📄 第 173 页: 20 个需要处理
  📂 字体库 - 分类字体包 - 松邦WHZ字体 - 王汉宗特明体-标准 → 中文字体/衬线体
  📂 条形码解构无衬线 → 中文字体/衬线体
  📂 纹理数据 → 中文字体/标题字
  📂 故障竖纹装饰体 → 中文字体/装饰体
  📂 字体库 - 分类字体包 - 松邦WHZ字体 - 王汉宗仿宋体-标准 → 中文字体/标题字
  📂 竖线切割几何体 → 中文字体/正文字
  📂 字体库 - 分类字体包 - 松邦WHZ字体 - 王汉宗海报体-半天水 → 中文字体/标题字
  📂 UP Sans Pro → 中文字体/正文字
  📂 条码体-垂直扫描 → 中文字体/装饰体
  📂 王汉宗粗明体繁 → 中文字体/标题字
  📂 王汉宗粗黑体实阴 → 中文字体/标题字
  📂 字体库 - 分类字体包 - 特殊字体 - TRACKS → 中文字体/装饰体
  ✓ 完成: 成功 20, 失败 0
  📄 第 174 页: 20 个需要处理
  📂 字体库 - 分类字体包 - 松邦WHZ字体 - 王汉宗波卡体-空阴 → 中文字体/装饰体
  📂 Tom Hand → 中文字体/手写体
  📂 Toast → 中文字体/标题字
  📂 字体库 - 分类字体包 - 松邦jinqiao字体库 - 金桥简细圆 → 中文字体/正文字
  📂 金桥简宋体 → 中文字体/衬线体
  📂 创意涂鸦手写体 → 中文字体/手写体
  📂 字体库 - 分类字体包 - 松邦jinqiao字体库 - 金桥简老宋 → 中文字体/衬线体
  📂 字体库 - 分类字体包 - 特殊字体 - tetanus → 中文字体/装饰体
  📂 字体库 - 分类字体包 - 松邦jinqiao字体库 - 金桥简粗黑 → 中文字体/标题字
  📂 STARS2 装饰星形符号字体 → 中文字体/装饰体
  📂 Space Geometric Icons → 中文字体/标题字
  ✓ 完成: 成功 20, 失败 0
  📄 第 175 页: 20 个需要处理
  📂 Signage Icons - Public Symbol Font → 中文字体/装饰体
  📂 方正黑体简体 → 中文字体/其他
  📂 火柴人（Stickman） → 中文字体/装饰体
  📂 字体库 - 分类字体包 - 松邦jinqiao字体库 - 金桥繁细圆 → 中文字体/正文字
  📂 金桥黑体 → 中文字体/正文字
  📂 思源黑体风格 - 标准无衬线体 → 中文字体/标题字
  📂 prefix → 中文字体/标题字
  📂 字体库 - 分类字体包 - 松邦jinqiao字体库 - 金桥繁楷体 → 中文字体/衬线体
  📂 PLANTS植物图标字体 → 中文字体/装饰体
  📂 圆点装饰艺术体 → 中文字体/装饰体
  📂 Nonblock → 中文字体/装饰体
  📂 字体库 - 分类字体包 - 特殊字体 - PEOPLE → 中文字体/装饰体
  ✓ 完成: 成功 20, 失败 0
  📄 第 176 页: 20 个需要处理
  📂 "这是一款充满童趣、视觉效果突出的圆润无衬线字体。从结构上看，其笔画粗细均匀，无衬线装饰，所有笔画末端都经过了显著的圆角化处理，如同气泡般饱满。字形偏宽扁，比例协调，字重属于常规至中粗范畴，视觉分量感较强。重心设置居中，使得字体排列稳定、易读。字怀（字内空间）开放，避免了过于紧凑带来的压迫感。在风格上，其设计语言极简但富有表现力，情感调性友好、亲切、活泼，充满了轻松和趣味性。视觉特征上，圆润感是其最核心的标识，每一个点、撇、捺都被转化为柔和的曲线或圆弧。这款字体特别适合需要营造可爱、梦幻、轻松氛围的场景，例如儿童产品包装与品牌设计、 → 中文字体/标题字
  📂 现代窄体无衬线体 → 中文字体/标题字
  📂 Natlog Sans → 中文字体/正文字
  📂 金梅印篆字形空心 → 中文字体/标题字
  📂 Military-Industrial Icon Set → 中文字体/标题字
  📂 切角黑体 → 中文字体/装饰体
  📂 字体库 - 分类字体包 - 特殊字体 - MAYQUEEN → 中文字体/装饰体
  📂 Lexo Woodcut → 中文字体/装饰体
  📂 字体库 - 分类字体包 - 松邦jin字体 - 金梅印篆九宫空心 → 中文字体/装饰体
  📂 字体库 - 分类字体包 - 特殊字体 - kittyprint → 中文字体/装饰体
  📂 现代圆润无衬线体 → 中文字体/衬线体
  📂 LanDMARK → 中文字体/装饰体
  📂 松邦金梅新毛行 → 中文字体/衬线体
  📂 金梅圆点装饰体 → 中文字体/装饰体
  ✓ 完成: 成功 20, 失败 0
  📄 第 177 页: 20 个需要处理
  📂 Headache (刀锋卷曲体) → 中文字体/装饰体
  📂 金梅新草楷 → 中文字体/标题字
  📂 MiSans Regular（或现代几何无衬线 Regular） → 中文字体/正文字
  📂 思源黑体体 Regular → 中文字体/正文字
  📂 FURNITUR → 中文字体/装饰体
  📂 gauss → 中文字体/装饰体
  📂 Faraday 手写草稿体 → 中文字体/手写体
  📂 Epilog Bold → 中文字体/标题字
  📂 Dyspro → 中文字体/标题字
  📂 无衬线体-中等 → 中文字体/衬线体
  📂 思源黑体 Regular → 中文字体/正文字
  📂 DoctorAz医疗细线体 → 中文字体/正文字
  ✓ 完成: 成功 20, 失败 0
  📄 第 178 页: 20 个需要处理
  📂 Davis Geometric Sans → 中文字体/无衬线体
  📂 字体库 - 分类字体包 - 松邦jin字体 - 金梅美工虛線字體 → 中文字体/装饰体
  📂 COMBULL Sans → 中文字体/无衬线体
  📂 思源圆角黑 → 中文字体/标题字
  📂 墨迹飞溅手写体 → 中文字体/手写体
  📂 Codon 打孔体 → 中文字体/标题字
  📂 现代圆角无衬线体 → 中文字体/衬线体
  📂 圆圈装饰无衬线体 → 中文字体/装饰体
  📂 思源黑体 (Source Han Sans) → 中文字体/正文字
  📂 BORDERS1 符号边框字体 → 中文字体/标题字
  📂 字体库 - 分类字体包 - 松邦jin字体 - 金梅毛顏楷 → 中文字体/正文字
  ✓ 完成: 成功 20, 失败 0
  📄 第 179 页: 20 个需要处理
  📂 几何等线体 → 中文字体/标题字
  📂 AWARDS → 中文字体/标题字
  📂 思源黑体 (Source Han Sans / Noto Sans CJK) → 中文字体/正文字
  📂 字体库 - 分类字体包 - 特殊字体 - ANIMALS1 → 中文字体/装饰体
  📂 Antelope 高对比艺术无衬线体 → 中文字体/衬线体
  📂 现代无衬线粗体 → 中文字体/标题字
  📂 字体库 - 分类字体包 - 松邦jin字体 - 金梅毛楷书国际码 → 中文字体/手写体
  ✓ 完成: 成功 20, 失败 0
  📄 第 180 页: 20 个需要处理
  📂 字体库 - 分类字体包 - 松邦jin字体 - 金梅毛筆張楷書 → 中文字体/手写体
  📂 字体库 - 分类字体包 - 松邦jin字体 - 金梅毛碑楷 → 中文字体/手写体
  📂 字体库 - 分类字体包 - 特殊字体 - 绳结 → 中文字体/其他
  📂 字体库 - 分类字体包 - 松邦jin字体 - 金梅落叶美工字体 → 中文字体/其他
  📂 字体库 - 分类字体包 - 特殊字体 - 日用 → 中文字体/其他
  📂 字体库 - 分类字体包 - 特殊字体 - 圣诞2 → 中文字体/其他
  📂 字体库 - 分类字体包 - 特殊字体 - 趣脸 → 中文字体/其他
  📂 字体库 - 分类字体包 - 特殊字体 - 气球1 → 中文字体/其他
  📂 字体库 - 分类字体包 - 特殊字体 - 人物 → 中文字体/其他
  📂 字体库 - 分类字体包 - 特殊字体 - 扑克 → 中文字体/其他
  📂 字体库 - 分类字体包 - 松邦jin字体 - 金梅浪漫優雅 → 中文字体/其他
  📂 字体库 - 分类字体包 - 特殊字体 - 猫2 → 中文字体/其他
  ✓ 完成: 成功 20, 失败 0
  📄 第 181 页: 20 个需要处理
  📂 字体库 - 分类字体包 - 特殊字体 - 脸谱 → 中文字体/其他
  📂 字体库 - 分类字体包 - 特殊字体 - 蚂蚁 → 中文字体/其他
  📂 字体库 - 分类字体包 - 特殊字体 - 历书 → 中文字体/其他
  📂 字体库 - 分类字体包 - 松邦jin字体 - 金梅浪漫閃電字形 → 中文字体/其他
  📂 字体库 - 分类字体包 - 特殊字体 - 军事 → 中文字体/其他
  📂 字体库 - 分类字体包 - 特殊字体 - 卡通2 → 中文字体/其他
  📂 字体库 - 分类字体包 - 松邦jin字体 - 金梅浪漫空心體 → 中文字体/其他
  📂 字体库 - 分类字体包 - 特殊字体 - 乐器 → 中文字体/其他
  📂 字体库 - 分类字体包 - 特殊字体 - 基督 → 中文字体/其他
  📂 字体库 - 分类字体包 - 特殊字体 - 箭头2 → 中文字体/其他
  📂 字体库 - 分类字体包 - 特殊字体 - 建筑物 → 中文字体/其他
  📂 字体库 - 分类字体包 - 特殊字体 - 海 → 中文字体/其他
  📂 字体库 - 分类字体包 - 特殊字体 - 古图案 → 中文字体/其他
  📂 字体库 - 分类字体包 - 松邦jin字体 - 金梅浪漫反白字 → 中文字体/其他
  📂 字体库 - 分类字体包 - 特殊字体 - 怪物1 → 中文字体/其他
  📂 字体库 - 分类字体包 - 特殊字体 - 怪物3 → 中文字体/其他
  📂 字体库 - 分类字体包 - 特殊字体 - 电子 → 中文字体/其他
  📂 字体库 - 分类字体包 - 松邦jin字体 - 金梅浪漫镜射体 → 中文字体/其他
  📂 字体库 - 分类字体包 - 特殊字体 - 动物脚印 → 中文字体/其他
  📂 字体库 - 分类字体包 - 松邦jin字体 - 金梅浪漫豆豆 → 中文字体/其他
  ✓ 完成: 成功 20, 失败 0
  📄 第 182 页: 20 个需要处理
  📂 字体库 - 分类字体包 - 特殊字体 - 工具 → 中文字体/其他
  📂 字体库 - 分类字体包 - 特殊字体 - 动物1 → 中文字体/其他
  📂 字体库 - 分类字体包 - 特殊字体 - 车 → 中文字体/其他
  📂 字体库 - 分类字体包 - 特殊字体 - 插图13 → 中文字体/其他
  📂 字体库 - 分类字体包 - 特殊字体 - 刺1 → 中文字体/其他
  📂 字体库 - 分类字体包 - 松邦jin字体 - 金梅宽钢笔字国际码 → 中文字体/其他
  📂 字体库 - 分类字体包 - 松邦jin字体 - 金梅浪漫白立体 → 中文字体/其他
  📂 字体库 - 分类字体包 - 特殊字体 - 电脑 → 中文字体/其他
  📂 字体库 - 分类字体包 - 松邦jin字体 - 金梅火材棒美工字 → 中文字体/其他
  📂 字体库 - 分类字体包 - 特殊字体 - 插图11 → 中文字体/其他
  📂 字体库 - 分类字体包 - 特殊字体 - 插图07 → 中文字体/其他
  📂 字体库 - 分类字体包 - 特殊字体 - 插图05 → 中文字体/其他
  📂 字体库 - 分类字体包 - 特殊字体 - 插图09 → 中文字体/其他
  📂 字体库 - 分类字体包 - 特殊字体 - 插图01 → 中文字体/其他
  📂 字体库 - 分类字体包 - 松邦jin字体 - 金梅黑框浮体字形 → 中文字体/其他
  📂 字体库 - 分类字体包 - 特殊字体 - 标示1 → 中文字体/其他
  📂 字体库 - 分类字体包 - 特殊字体 - 插图03 → 中文字体/其他
  📂 字体库 - 分类字体包 - 松邦jin字体 - 金梅海報大豆豆字 → 中文字体/其他
  📂 字体库 - 分类字体包 - 特殊字体 - 按钮 → 中文字体/其他
  📂 字体库 - 分类字体包 - 特殊字体 - 04B_31__ → 中文字体/其他
  ✓ 完成: 成功 20, 失败 0
  📄 第 183 页: 20 个需要处理
  📂 字体库 - 分类字体包 - 特殊字体 - 04B_25__ → 中文字体/其他
  📂 字体库 - 分类字体包 - 特殊字体 - 7hours → 中文字体/其他
  📂 字体库 - 分类字体包 - 松邦jin字体 - 金梅古印浮体白字 → 中文字体/其他
  📂 字体库 - 分类字体包 - 松邦jin字体 - 金梅海報書法字形 → 中文字体/其他
  📂 字体库 - 分类字体包 - 特殊字体 - 04B_21__ → 中文字体/其他
  📂 字体库 - 分类字体包 - 特殊字体 - 04B_09__ → 中文字体/其他
  📂 字体库 - 分类字体包 - 特殊字体 - 04B_19__ → 中文字体/其他
  📂 字体库 - 分类字体包 - 松邦jin字体 - 金梅個性鋼筆字體 → 中文字体/其他
  📂 字体库 - 分类字体包 - 特殊字体 - 04B_03B_ → 中文字体/其他
  📂 分类字体包 - 淘宝授权使用45款华康字体 - 华康 - 华康POP1体W9 → 中文字体/其他
  📂 字体库 - 分类字体包 - 松邦jin字体 - 金梅方隸體 → 中文字体/其他
  📂 分类字体包 - 淘宝授权使用45款华康字体 - 华康 - 华康圆体W7(P) → 中文字体/其他
  📂 分类字体包 - 淘宝授权使用45款华康字体 - 华康 - 华康正颜楷体W7-B5 → 中文字体/手写体
  📂 分类字体包 - 淘宝授权使用45款华康字体 - 华康 - 华康圆体W3(P) → 中文字体/其他
  📂 字体库 - 分类字体包 - 松邦jin字体 - 金梅粗黑体 → 中文字体/标题字
  📂 字体库 - 分类字体包 - 松邦jin字体 - 金梅粗x串z範例 → 中文字体/标题字
  📂 分类字体包 - 淘宝授权使用45款华康字体 - 华康 - 华康新综艺体W9 → 中文字体/其他
  📂 分类字体包 - 淘宝授权使用45款华康字体 - 华康 - 华康雅宋体W9(P) → 中文字体/衬线体
  📂 字体库 - 分类字体包 - 松邦jin字体 - 金梅超黑立体留影 → 中文字体/其他
  📂 分类字体包 - 淘宝授权使用45款华康字体 - 华康 - 华康宋体W7(P) → 中文字体/衬线体
  ✓ 完成: 成功 20, 失败 0
  📄 第 184 页: 20 个需要处理
  📂 字体库 - 分类字体包 - 松邦jin字体 - 金梅草行书 → 中文字体/其他
  📂 分类字体包 - 淘宝授权使用45款华康字体 - 华康 - 华康娃娃体W5(P) → 中文字体/其他
  📂 字体库 - 分类字体包 - 松邦jin字体 - 金梅碑楷九宮實心 → 中文字体/手写体
  📂 分类字体包 - 淘宝授权使用45款华康字体 - 华康 - 华康宋体W3-A → 中文字体/衬线体
  📂 分类字体包 - 淘宝授权使用45款华康字体 - 华康 - 华康手札体W7 → 中文字体/其他
  📂 字体库 - 分类字体包 - 松邦dongwu字体打包 - thomas → 中文字体/其他
  📂 字体库 - 分类字体包 - 松邦dongwu字体打包 - Ochentt Silibrina → 中文字体/其他
  📂 字体库 - 分类字体包 - 松邦dongwu字体打包 - gots → 中文字体/其他
  📂 字体库 - 分类字体包 - 松邦dongwu字体打包 - 宠物 → 中文字体/其他
  📂 字体库 - 分类字体包 - 松邦钟齐字体 - 钟齐余好建行艺体 → 中文字体/其他
  📂 字体库 - 分类字体包 - 松邦dongwu字体打包 - dogs_csp → 中文字体/其他
  📂 字体库 - 分类字体包 - 松邦钟齐字体 - 钟齐王庆华毛笔简体 → 中文字体/其他
  📂 字体库 - 分类字体包 - 松邦钟齐字体 - 钟齐孟宪敏钢笔简体 → 中文字体/其他
  📂 分类字体包 - 淘宝授权使用45款华康字体 - 华康 - 华康少女文字W3 → 中文字体/其他
  📂 字体库 - 分类字体包 - 松邦钟齐字体 - 钟齐流江毛笔草体 → 中文字体/其他
  📂 字体库 - 分类字体包 - 松邦钟齐字体 - 钟齐李洤标准草书符号 → 中文字体/其他
  📂 字体库 - 分类字体包 - 松邦钟齐字体 - 钟齐段宁行书 → 中文字体/其他
  📂 分类字体包 - 淘宝授权使用45款华康字体 - 华康 - 华康翩翩体W3 → 中文字体/其他
  📂 字体库 - 分类字体包 - 松邦钟齐字体 - 钟齐安景臣硬笔行书 → 中文字体/其他
  📂 字体库 - 分类字体包 - 松邦钟齐字体 - 钟齐陈伟勋硬笔行楷简 → 中文字体/手写体
  ✓ 完成: 成功 20, 失败 0
  📄 第 185 页: 20 个需要处理
  📂 字体库 - 分类字体包 - 松邦钟齐字体 - 钟齐蔡云汉毛笔行书 → 中文字体/其他
  📂 分类字体包 - 淘宝授权使用45款华康字体 - 华康 - 华康俪金黑W8 → 中文字体/其他
  📂 字体库 - 分类字体包 - 松邦英文字体 - CURSHT → 中文字体/其他
  📂 字体库 - 分类字体包 - 松邦英文字体 - Covington Shadow → 中文字体/其他
  📂 分类字体包 - 淘宝授权使用45款华康字体 - 华康 - 华康金文体W3 → 中文字体/其他
  📂 分类字体包 - 淘宝授权使用45款华康字体 - 华康 - 华康勘亭流W9 → 中文字体/其他
  📂 分类字体包 - 淘宝授权使用45款华康字体 - 华康 - 华康黑体W3 → 中文字体/其他
  📂 字体库 - 分类字体包 - 松邦英文字体 - CoventryScriptFLF → 中文字体/其他
  📂 字体库 - 分类字体包 - 松邦英文字体 - Courier New → 中文字体/其他
  📂 字体库 - 分类字体包 - 松邦英文字体 - courbi → 中文字体/其他
  📂 字体库 - 分类字体包 - 松邦WHZ字体 - 王汉宗综艺体-双空阴 → 中文字体/其他
  📂 分类字体包 - 淘宝授权使用45款华康字体 - 华康 - 华康黑体W7 → 中文字体/其他
  📂 字体库 - 分类字体包 - 松邦英文字体 - CountdownD → 中文字体/其他
  📂 字体库 - 分类字体包 - 松邦英文字体 - cordiaui → 中文字体/其他
  📂 字体库 - 分类字体包 - 松邦英文字体 - cordiaz → 中文字体/其他
  📂 分类字体包 - 淘宝授权使用45款华康字体 - 华康 - 华康标题宋W9(P) → 中文字体/标题字
  📂 字体库 - 分类字体包 - 松邦英文字体 - cordiau → 中文字体/其他
  📂 字体库 - 分类字体包 - 松邦WHZ字体 - 王汉宗中魏碑简 → 中文字体/其他
  📂 字体库 - 分类字体包 - 松邦英文字体 - cordiab → 中文字体/其他
  📂 字体库 - 分类字体包 - 松邦英文字体 - corbelz → 中文字体/其他
  ✓ 完成: 成功 20, 失败 0
  📄 第 186 页: 20 个需要处理
  📂 字体库 - 分类字体包 - 松邦英文字体 - corbelb → 中文字体/其他
  📂 字体库 - 分类字体包 - 松邦英文字体 - corbel → 中文字体/其他
  📂 字体库 - 分类字体包 - 松邦WHZ字体 - 王汉宗中明体破音二 → 中文字体/其他
  📂 字体库 - 分类字体包 - 松邦WHZ字体 - 王汉宗中明体破音一 → 中文字体/其他
  📂 字体库 - 分类字体包 - 松邦英文字体 - COOTBI → 中文字体/其他
  📂 字体库 - 分类字体包 - 松邦英文字体 - COPPCWDB → 中文字体/其他
  📂 字体库 - 分类字体包 - 松邦WHZ字体 - 王汉宗中隶书繁 → 中文字体/其他
  📂 字体库 - 分类字体包 - 松邦WHZ字体 - 王汉宗中楷体破音一 → 中文字体/手写体
  📂 字体库 - 分类字体包 - 松邦英文字体 - CooperBlackStd-Italic_0 → 中文字体/其他
  📂 字体库 - 分类字体包 - 松邦英文字体 - CopyvlN → 中文字体/其他
  📂 字体库 - 分类字体包 - 松邦WHZ字体 - 王汉宗中仿宋繁 → 中文字体/衬线体
  📂 字体库 - 分类字体包 - 松邦英文字体 - CooperBlackStd → 中文字体/其他
  📂 字体库 - 分类字体包 - 松邦WHZ字体 - 王汉宗中楷体破音二 → 中文字体/手写体
  📂 字体库 - 分类字体包 - 松邦英文字体 - COOLTHRE → 中文字体/其他
  📂 字体库 - 分类字体包 - 松邦WHZ字体 - 王汉宗新潮体-波浪 → 中文字体/其他
  📂 字体库 - 分类字体包 - 松邦英文字体 - constani → 中文字体/其他
  📂 字体库 - 分类字体包 - 松邦英文字体 - constanz_1 → 中文字体/其他
  📂 字体库 - 分类字体包 - 松邦WHZ字体 - 王汉宗细新宋简 → 中文字体/正文字
  📂 字体库 - 分类字体包 - 松邦英文字体 - constani_0 → 中文字体/其他
  📂 字体库 - 分类字体包 - 松邦英文字体 - constan → 中文字体/其他
  ✓ 完成: 成功 20, 失败 0
  📄 第 187 页: 20 个需要处理
  📂 字体库 - 分类字体包 - 松邦英文字体 - constanb_1 → 中文字体/其他
  📂 字体库 - 分类字体包 - 松邦英文字体 - consolaz_0 → 中文字体/其他
  📂 字体库 - 分类字体包 - 松邦英文字体 - consolai_1 → 中文字体/其他
  📂 字体库 - 分类字体包 - 松邦英文字体 - consolaz → 中文字体/其他
  📂 字体库 - 分类字体包 - 松邦WHZ字体 - 王汉宗特明体繁 → 中文字体/其他
  📂 字体库 - 分类字体包 - 松邦WHZ字体 - 王汉宗细黑体繁 → 中文字体/正文字
  📂 字体库 - 分类字体包 - 松邦英文字体 - consolab → 中文字体/其他
  📂 字体库 - 分类字体包 - 松邦WHZ字体 - 王汉宗特黑体繁 → 中文字体/其他
  📂 字体库 - 分类字体包 - 松邦英文字体 - consola_0 → 中文字体/其他
  📂 字体库 - 分类字体包 - 松邦英文字体 - consolab_0 → 中文字体/其他
  📂 字体库 - 分类字体包 - 松邦英文字体 - Confetti-Regular → 中文字体/其他
  📂 字体库 - 分类字体包 - 松邦英文字体 - CONMAN → 中文字体/其他
  📂 字体库 - 分类字体包 - 松邦WHZ字体 - 王汉宗酷俪海报 → 中文字体/其他
  📂 字体库 - 分类字体包 - 松邦WHZ字体 - 王汉宗勘亭流繁 → 中文字体/其他
  📂 字体库 - 分类字体包 - 松邦英文字体 - COMRBDCN → 中文字体/其他
  📂 字体库 - 分类字体包 - 松邦WHZ字体 - 王汉宗粗圆体-双空 → 中文字体/标题字
  📂 字体库 - 分类字体包 - 松邦WHZ字体 - 王汉宗钢笔行楷繁 → 中文字体/手写体
  📂 字体库 - 分类字体包 - 松邦英文字体 - COMPUTERAMOK → 中文字体/其他
  📂 字体库 - 分类字体包 - 松邦英文字体 - COMORG → 中文字体/其他
  📂 字体库 - 分类字体包 - 松邦英文字体 - COMSC → 中文字体/其他
  ✓ 完成: 成功 20, 失败 0
  📄 第 188 页: 20 个需要处理
  📂 字体库 - 分类字体包 - 松邦英文字体 - COMOEB → 中文字体/其他
  📂 字体库 - 分类字体包 - 松邦WHZ字体 - 王汉宗粗楷体简 → 中文字体/标题字
  📂 字体库 - 分类字体包 - 松邦英文字体 - comicbd_0 → 中文字体/其他
  📂 字体库 - 分类字体包 - 松邦英文字体 - Comismsh → 中文字体/其他
  📂 字体库 - 分类字体包 - 松邦WHZ字体 - 王汉宗超黑体俏皮动物一 → 中文字体/其他
  📂 字体库 - 分类字体包 - 松邦WHZ字体 - 王汉宗粗钢体-标准 → 中文字体/标题字
  📂 字体库 - 分类字体包 - 松邦英文字体 - comic_1 → 中文字体/其他
  📂 字体库 - 分类字体包 - 松邦英文字体 - comicbd_2 → 中文字体/其他
  📂 字体库 - 分类字体包 - 松邦英文字体 - Comfortaa_Thin → 中文字体/其他
  📂 字体库 - 分类字体包 - 松邦英文字体 - Comfortaa-Regular → 中文字体/其他
  📂 字体库 - 分类字体包 - 松邦WHZ字体 - 王汉宗标楷体-空心 → 中文字体/手写体
  📂 字体库 - 分类字体包 - 松邦英文字体 - COMIB → 中文字体/其他
  📂 字体库 - 分类字体包 - 松邦英文字体 - colourbb → 中文字体/其他
  📂 字体库 - 分类字体包 - 松邦jinqiao字体库 - 金桥简行楷 → 中文字体/手写体
  📂 字体库 - 分类字体包 - 松邦英文字体 - coltaine2 → 中文字体/其他
  📂 字体库 - 分类字体包 - 松邦英文字体 - CODE Light → 中文字体/正文字
  📂 字体库 - 分类字体包 - 松邦英文字体 - CMSquish → 中文字体/其他
  📂 字体库 - 分类字体包 - 松邦英文字体 - Colony Wars → 中文字体/其他
  📂 字体库 - 分类字体包 - 松邦英文字体 - cocacola → 中文字体/其他
  📂 字体库 - 分类字体包 - 松邦jinqiao字体库 - 金桥简魏碑 → 中文字体/其他
  ✓ 完成: 成功 20, 失败 0
  📄 第 189 页: 20 个需要处理
  📂 字体库 - 分类字体包 - 松邦英文字体 - Cleaver's_Juvenia → 中文字体/其他
  📂 字体库 - 分类字体包 - 松邦jinqiao字体库 - 金桥简隶书 → 中文字体/其他
  📂 字体库 - 分类字体包 - 松邦英文字体 - CLIPO → 中文字体/其他
  📂 字体库 - 分类字体包 - 松邦jinqiao字体库 - 金桥简楷体 → 中文字体/手写体
  📂 字体库 - 分类字体包 - 松邦英文字体 - Cleaver's_Juvenia_Raised → 中文字体/其他
  📂 字体库 - 分类字体包 - 松邦英文字体 - Close+to+You → 中文字体/其他
  📂 字体库 - 分类字体包 - 松邦jinqiao字体库 - 金桥简仿宋 → 中文字体/衬线体
  📂 字体库 - 分类字体包 - 松邦英文字体 - Cleaver's_Juvenia_Embossed → 中文字体/其他
  📂 字体库 - 分类字体包 - 松邦英文字体 - CLEAF-Regular → 中文字体/其他
  📂 字体库 - 分类字体包 - 松邦jinqiao字体库 - 金桥简标宋 → 中文字体/衬线体
  📂 字体库 - 分类字体包 - 松邦英文字体 - Claritty_BoldItalic → 中文字体/标题字
  📂 字体库 - 分类字体包 - 松邦jinqiao字体库 - 金桥繁线体 → 中文字体/其他
  📂 字体库 - 分类字体包 - 松邦英文字体 - CLARITTI → 中文字体/其他
  📂 字体库 - 分类字体包 - 松邦jinqiao字体库 - 金桥繁魏碑 → 中文字体/其他
  📂 字体库 - 分类字体包 - 松邦英文字体 - CLASSIC → 中文字体/其他
  📂 字体库 - 分类字体包 - 松邦英文字体 - CLARITBI → 中文字体/其他
  📂 字体库 - 分类字体包 - 松邦jinqiao字体库 - 金桥繁琥珀 → 中文字体/其他
  📂 字体库 - 分类字体包 - 松邦英文字体 - CITYS → 中文字体/其他
  📂 字体库 - 分类字体包 - 松邦英文字体 - CityBlueprint → 中文字体/其他
  📂 字体库 - 分类字体包 - 松邦jinqiao字体库 - 金桥繁隶书 → 中文字体/其他
  ✓ 完成: 成功 20, 失败 0
  📄 第 190 页: 20 个需要处理
  📂 字体库 - 分类字体包 - 松邦英文字体 - CHS__ → 中文字体/其他
  📂 字体库 - 分类字体包 - 松邦jinqiao字体库 - 金桥繁标宋 → 中文字体/衬线体
  📂 字体库 - 分类字体包 - 松邦英文字体 - ChristmasLightsOutdoor → 中文字体/正文字
  📂 字体库 - 分类字体包 - 松邦jinqiao字体库 - 金桥繁仿宋 → 中文字体/衬线体
  📂 字体库 - 分类字体包 - 松邦jin字体 - 金梅综艺体繁 → 中文字体/其他
  📂 字体库 - 分类字体包 - 松邦英文字体 - Circles-3D → 中文字体/其他
  📂 字体库 - 分类字体包 - 松邦英文字体 - chp-fire → 中文字体/其他
  📂 字体库 - 分类字体包 - 松邦英文字体 - CHODA → 中文字体/其他
  📂 字体库 - 分类字体包 - 松邦jin字体 - 金梅中黑体 → 中文字体/其他
  📂 字体库 - 分类字体包 - 松邦英文字体 - ChopinScript → 中文字体/其他
  📂 字体库 - 分类字体包 - 松邦jin字体 - 金梅张楷字形空心 → 中文字体/手写体
  📂 字体库 - 分类字体包 - 松邦英文字体 - CHLORENF → 中文字体/其他
  📂 字体库 - 分类字体包 - 松邦jin字体 - 金梅原子笔字范例 → 中文字体/其他
  📂 字体库 - 分类字体包 - 松邦英文字体 - CHOCDN → 中文字体/其他
  📂 字体库 - 分类字体包 - 松邦英文字体 - CHLOD → 中文字体/其他
  📂 字体库 - 分类字体包 - 松邦英文字体 - china-auspicious cloud → 中文字体/其他
  📂 字体库 - 分类字体包 - 松邦英文字体 - CHINESETAKEAWAY → 中文字体/其他
  📂 字体库 - 分类字体包 - 松邦jin字体 - 金梅印篆字国际码 → 中文字体/其他
  📂 字体库 - 分类字体包 - 松邦jin字体 - 金梅印篆九宫实心 → 中文字体/其他
  📂 字体库 - 分类字体包 - 松邦英文字体 - Chinyen → 中文字体/其他
  ✓ 完成: 成功 20, 失败 0
  📄 第 191 页: 20 个需要处理
  📂 字体库 - 分类字体包 - 松邦英文字体 - Cheryl Hand → 中文字体/其他
  📂 字体库 - 分类字体包 - 松邦英文字体 - CHI-TOWN → 中文字体/其他
  📂 字体库 - 分类字体包 - 松邦英文字体 - CHICK → 中文字体/其他
  📂 字体库 - 分类字体包 - 松邦jin字体 - 金梅新美工字範例 → 中文字体/其他
  📂 字体库 - 分类字体包 - 松邦英文字体 - childblo → 中文字体/其他
  📂 字体库 - 分类字体包 - 松邦jin字体 - 金梅新毛楷国际码 → 中文字体/手写体
  📂 字体库 - 分类字体包 - 松邦英文字体 - Chefs Slice Novice → 中文字体/其他
  📂 字体库 - 分类字体包 - 松邦jin字体 - 金梅新草楷gjm → 中文字体/手写体
  📂 字体库 - 分类字体包 - 松邦英文字体 - CHELBDCN → 中文字体/其他
  📂 字体库 - 分类字体包 - 松邦英文字体 - CHERB → 中文字体/其他
  📂 字体库 - 分类字体包 - 松邦jin字体 - 金梅新彩帶字範例 → 中文字体/其他
  📂 字体库 - 分类字体包 - 松邦jin字体 - 金梅小帅哥美工字 → 中文字体/其他
  📂 字体库 - 分类字体包 - 松邦英文字体 - chatteryt → 中文字体/其他
  📂 字体库 - 分类字体包 - 松邦jin字体 - 金梅細黑鋼筆字體（金梅细黑钢笔字体） → 中文字体/正文字
  📂 字体库 - 分类字体包 - 松邦英文字体 - checkers → 中文字体/其他
  📂 字体库 - 分类字体包 - 松邦英文字体 - cheapink → 中文字体/其他
  📂 字体库 - 分类字体包 - 松邦jin字体 - 金梅歪圓個性字體 → 中文字体/其他
  📂 字体库 - 分类字体包 - 松邦英文字体 - CHAPRT → 中文字体/其他
  📂 字体库 - 分类字体包 - 松邦英文字体 - char → 中文字体/其他
  📂 字体库 - 分类字体包 - 松邦jin字体 - 金梅特圆体 → 中文字体/其他
  ✓ 完成: 成功 20, 失败 0
  📄 第 192 页: 20 个需要处理
  📂 字体库 - 分类字体包 - 松邦英文字体 - CharlemagneStd-Bold → 中文字体/标题字
  📂 字体库 - 分类字体包 - 松邦英文字体 - ChaparralPro-Regular → 中文字体/其他
  📂 字体库 - 分类字体包 - 松邦jin字体 - 金梅特黑体 → 中文字体/其他
  📂 字体库 - 分类字体包 - 松邦英文字体 - ChaparralPro-Italic_0 → 中文字体/其他
  📂 字体库 - 分类字体包 - 松邦jin字体 - 金梅樹幹美工字体 → 中文字体/其他
  📂 字体库 - 分类字体包 - 松邦英文字体 - ChaparralPro-LightIt → 中文字体/正文字
  📂 字体库 - 分类字体包 - 松邦jin字体 - 金梅牛角美工字体 → 中文字体/其他
  📂 字体库 - 分类字体包 - 松邦英文字体 - ChaparralPro-Bold_0 → 中文字体/标题字
  📂 字体库 - 分类字体包 - 松邦英文字体 - ChaparralPro-BoldIt_0 → 中文字体/标题字
  📂 字体库 - 分类字体包 - 松邦英文字体 - Channels → 中文字体/其他
  📂 字体库 - 分类字体包 - 松邦英文字体 - CHANCERA → 中文字体/其他
  📂 字体库 - 分类字体包 - 松邦jin字体 - 金梅美工新創字體 → 中文字体/其他
  📂 字体库 - 分类字体包 - 松邦英文字体 - Changstein → 中文字体/其他
  📂 字体库 - 分类字体包 - 松邦jin字体 - 金梅美术工艺字体 → 中文字体/其他
  📂 字体库 - 分类字体包 - 松邦英文字体 - Champignon → 中文字体/其他
  📂 字体库 - 分类字体包 - 松邦jin字体 - 金梅美工豆豆字體 → 中文字体/其他
  📂 字体库 - 分类字体包 - 松邦英文字体 - Champagne_LimousinesBold → 中文字体/标题字
  📂 字体库 - 分类字体包 - 松邦英文字体 - Champagne_Limousines-ThickBold → 中文字体/标题字
  📂 字体库 - 分类字体包 - 松邦jin字体 - 金梅美工古印字體 → 中文字体/其他
  📂 字体库 - 分类字体包 - 松邦英文字体 - Champagne_Limousines-ThickItalic → 中文字体/其他
  ✓ 完成: 成功 20, 失败 0
  📄 第 193 页: 20 个需要处理
  📂 字体库 - 分类字体包 - 松邦英文字体 - ChainLetters → 中文字体/其他
  📂 字体库 - 分类字体包 - 松邦jin字体 - 金梅毛张楷体 → 中文字体/手写体
  📂 字体库 - 分类字体包 - 松邦英文字体 - CERTIFIE → 中文字体/其他
  📂 字体库 - 分类字体包 - 松邦英文字体 - Champagne_Limousines-Italic → 中文字体/其他
  📂 字体库 - 分类字体包 - 松邦jin字体 - 金梅毛行书 → 中文字体/其他
  📂 字体库 - 分类字体包 - 松邦英文字体 - CFMarieEve → 中文字体/其他
  📂 字体库 - 分类字体包 - 松邦英文字体 - CHACHIE → 中文字体/其他
  📂 字体库 - 分类字体包 - 松邦英文字体 - Celtic Garamond the 2nd → 中文字体/其他
  📂 字体库 - 分类字体包 - 松邦英文字体 - CenturyITCbyBT-Bold → 中文字体/标题字
  📂 字体库 - 分类字体包 - 松邦jin字体 - 金梅毛行破裂体繁 → 中文字体/其他
  📂 字体库 - 分类字体包 - 松邦jin字体 - 金梅毛隶破裂字形 → 中文字体/其他
  📂 字体库 - 分类字体包 - 松邦英文字体 - Celestial → 中文字体/其他
  📂 字体库 - 分类字体包 - 松邦jin字体 - 金梅毛楷体繁 → 中文字体/手写体
  📂 字体库 - 分类字体包 - 松邦jin字体 - 金梅毛楷书体 → 中文字体/手写体
  📂 字体库 - 分类字体包 - 松邦英文字体 - CAVEMAN → 中文字体/其他
  📂 字体库 - 分类字体包 - 松邦英文字体 - Casua → 中文字体/其他
  📂 字体库 - 分类字体包 - 松邦英文字体 - CastroScript_PERSONAL_USE_ONLY → 中文字体/其他
  📂 字体库 - 分类字体包 - 松邦英文字体 - Cat Krap → 韩文字体/其他
  ✓ 完成: 成功 20, 失败 0
  📄 第 194 页: 20 个需要处理
  📂 字体库 - 分类字体包 - 松邦jin字体 - 金梅毛草書國際碼 → 中文字体/其他
  📂 字体库 - 分类字体包 - 松邦英文字体 - Casua_s → 中文字体/其他
  📂 字体库 - 分类字体包 - 松邦jin字体 - 金梅毛楷九宫实心 → 中文字体/手写体
  📂 字体库 - 分类字体包 - 松邦英文字体 - cassatta → 中文字体/其他
  📂 字体库 - 分类字体包 - 松邦英文字体 - Carosello-Regular → 中文字体/其他
  📂 字体库 - 分类字体包 - 松邦英文字体 - Cartographer → 中文字体/其他
  📂 字体库 - 分类字体包 - 松邦jin字体 - 金梅毛匾行 → 中文字体/其他
  📂 字体库 - 分类字体包 - 松邦英文字体 - carpt → 中文字体/其他
  📂 字体库 - 分类字体包 - 松邦英文字体 - Cardinal → 中文字体/其他
  📂 字体库 - 分类字体包 - 松邦jin字体 - 金梅毛筆張楷书 → 中文字体/手写体
  📂 字体库 - 分类字体包 - 松邦英文字体 - CAPTAINS → 中文字体/其他
  📂 字体库 - 分类字体包 - 松邦英文字体 - CARBONPH → 中文字体/其他
  📂 字体库 - 分类字体包 - 松邦jin字体 - 金梅毛笔隶书 → 中文字体/其他
  📂 字体库 - 分类字体包 - 松邦英文字体 - CARMENCI → 中文字体/其他
  📂 字体库 - 分类字体包 - 松邦jin字体 - 金梅毛碑楷体 → 中文字体/手写体
  📂 字体库 - 分类字体包 - 松邦英文字体 - Capconst → 中文字体/其他
  📂 字体库 - 分类字体包 - 松邦jin字体 - 金梅落葉美工zt → 中文字体/其他
  📂 字体库 - 分类字体包 - 松邦英文字体 - Captain America → 中文字体/其他
  📂 字体库 - 分类字体包 - 松邦jin字体 - 金梅流行書 → 中文字体/其他
  📂 字体库 - 分类字体包 - 松邦jin字体 - 金梅浪漫體 → 中文字体/其他
  ✓ 完成: 成功 20, 失败 0
  📄 第 195 页: 20 个需要处理
  📂 字体库 - 分类字体包 - 松邦英文字体 - Canyons-Bold → 中文字体/标题字
  📂 字体库 - 分类字体包 - 松邦英文字体 - Canyons-Regular → 中文字体/其他
  📂 字体库 - 分类字体包 - 松邦jin字体 - 金梅浪漫鏡射體 → 中文字体/其他
  📂 字体库 - 分类字体包 - 松邦英文字体 - Canyons-Medium → 中文字体/其他
  📂 字体库 - 分类字体包 - 松邦英文字体 - Canyons-Bold-Alternates → 中文字体/标题字
  📂 字体库 - 分类字体包 - 松邦英文字体 - CanelaBarkPersonal → 中文字体/其他
  📂 字体库 - 分类字体包 - 松邦英文字体 - canker! → 中文字体/其他
  📂 字体库 - 分类字体包 - 松邦英文字体 - candysni → 中文字体/其他
  📂 字体库 - 分类字体包 - 松邦jin字体 - 金梅浪漫黑框体 → 中文字体/其他
  📂 字体库 - 分类字体包 - 松邦jin字体 - 金梅浪漫美工国际码 → 中文字体/其他
  📂 字体库 - 分类字体包 - 松邦英文字体 - Candaraz → 中文字体/其他
  📂 字体库 - 分类字体包 - 松邦英文字体 - Candr → 中文字体/其他
  📂 字体库 - 分类字体包 - 松邦英文字体 - Candcu__ → 中文字体/其他
  📂 字体库 - 分类字体包 - 松邦jin字体 - 金梅浪漫豆豆zt → 中文字体/其他
  📂 字体库 - 分类字体包 - 松邦英文字体 - Candaraz_0 → 中文字体/其他
  📂 字体库 - 分类字体包 - 松邦英文字体 - Candarab → 中文字体/其他
  📂 字体库 - 分类字体包 - 松邦jin字体 - 金梅浪漫白 → 中文字体/其他
  📂 字体库 - 分类字体包 - 松邦jin字体 - 金梅浪漫白立體 → 中文字体/其他
  📂 字体库 - 分类字体包 - 松邦英文字体 - Candarai_1 → 中文字体/其他
  📂 字体库 - 分类字体包 - 松邦英文字体 - CAMPBELL Regular → 中文字体/其他
  ✓ 完成: 成功 20, 失败 0
  📄 第 196 页: 20 个需要处理
  📂 字体库 - 分类字体包 - 松邦jin字体 - 金梅黑美人美工字 → 中文字体/其他
  📂 字体库 - 分类字体包 - 松邦jin字体 - 金梅简体行书国际码 → 中文字体/其他
  📂 字体库 - 分类字体包 - 松邦英文字体 - Candara_0 → 中文字体/其他
  📂 字体库 - 分类字体包 - 松邦英文字体 - Candarab_0 → 中文字体/其他
  📂 字体库 - 分类字体包 - 松邦jin字体 - 金梅海報小豆豆字 → 中文字体/其他
  📂 字体库 - 分类字体包 - 松邦英文字体 - cambriaz_1 → 中文字体/其他
  📂 字体库 - 分类字体包 - 松邦jin字体 - 金梅海報麵包字形 → 中文字体/其他
  📂 字体库 - 分类字体包 - 松邦英文字体 - CAMEEB → 中文字体/其他
  📂 字体库 - 分类字体包 - 松邦英文字体 - CAMEOAPP → 中文字体/其他
  📂 字体库 - 分类字体包 - 松邦jin字体 - 金梅海报美工字体 → 中文字体/其他
  📂 字体库 - 分类字体包 - 松邦英文字体 - cambriai_0 → 中文字体/其他
  📂 字体库 - 分类字体包 - 松邦英文字体 - cambriab_1 → 中文字体/其他
  📂 字体库 - 分类字体包 - 松邦英文字体 - cambriai → 中文字体/其他
  📂 字体库 - 分类字体包 - 松邦英文字体 - Camberic → 中文字体/其他
  ✓ 完成: 成功 14, 失败 6
  ✗ 第 197 页失败: fetch failed
  ✗ 第 198 页失败: fetch failed
  ✗ 第 199 页失败: fetch failed
  📄 第 200 页: 20 个需要处理
  📂 Corbel Bold → 中文字体/正文字
  📂 Brushed Brush → 中文字体/装饰体
  📂 Modern Sans Bold → 中文字体/标题字
  📂 Cordia Sans Regular → 中文字体/正文字
  📂 Browaub Bold → 中文字体/标题字
  📂 Corbel → 中文字体/正文字
  📂 清晰圆角无衬线体 → 中文字体/衬线体
  📂 Browai手写无衬线体 → 中文字体/正文字
  📂 "这是一款具有鲜明复古风格和高辨识度的粗衬线字体。其最突出的特征是笔画末端拥有非常圆润、饱满的球形装饰，这在粗壮的笔画上形成了强烈的视觉对比和独特的节奏感。字形结构紧凑、饱满，水平与垂直笔画的粗细对比极其明显（水平笔画较细，垂直笔画极粗），x字高适中，重心偏高，整体字面率很高，显得非常厚重、稳固。设计风格融合了Art Deco装饰艺术和早期现代主义的特点，情感调性友好、亲切，甚至带有一丝可爱与活泼，视觉感受非常圆润、醒目且富有张力。这款经典字体尤其适合用于需要强烈视觉冲击力与亲和力并存的标题、Logo、海报、包装设计等场景，是餐饮、儿童、复古主题、时尚品牌及各类创意广告的理想选择，无论在 → 中文字体/标题字
  📂 "这是一款复古与现代感结合的粗衬线斜体字体。其最显著的结构特征在于笔画极其粗壮，带有夸张的、近乎球形的衬线末端，形成了强烈的视觉冲击力。字形比例偏宽，x字高较大，赋予字母饱满的视觉感受。整体字重极重，重心偏低，增加了字体的稳重感。字内空间（字怀）相对 → 中文字体/标题字
  📂 均匀几何无衬线体 → 中文字体/标题字
  ✓ 完成: 成功 18, 失败 0
  📄 第 201 页: 20 个需要处理
  📂 字体库 - 分类字体包 - 松邦英文字体 - Breathe-Regular → 中文字体/标题字
  📂 字体库 - 分类字体包 - 松邦英文字体 - constanb → 中文字体/衬线体
  📂 字体库 - 分类字体包 - 松邦英文字体 - BRAWLS Typeface → 中文字体/装饰体
  📂 "这是一款视觉冲击力极强的现代几何无衬线字体。其最显著的特征是极粗的笔画与几乎等线的粗细处理，整体呈现出厚重、硬朗且方正的视觉 → 中文字体/标题字
  📂 Brannboll Smal 花体 → 中文字体/手写体
  📂 Constantia Regular → 中文字体/衬线体
  📂 Consolai - Consolas Italic → 中文字体/等线体
  📂 Consola → 中文字体/正文字
  📂 字体库 - 分类字体包 - 松邦英文字体 - constanb_0 → 中文字体/衬线体
  📂 字体库 - 分类字体包 - 松邦英文字体 - Bosque Encantado → 中文字体/装饰体
  📂 CONMANFAT → 中文字体/标题字
  📂 Bookman Bold → 韩文字体/标题字
  📂 等宽现代无衬线体 → 中文字体/标题字
  ✓ 完成: 成功 17, 失败 0
  📄 第 202 页: 20 个需要处理
  📂 锐角黑体 → 中文字体/标题字
  📂 "这是一款风格典雅、细节精致的现代古典主义衬线字体。其核心特征在于笔画粗细对比鲜明，竖笔粗壮有力，横笔纤细优雅，且所有笔画末端的衬线（如字母'I'的底部、'T'的横梁两端）都带有细腻的弧度或微小的球形收尾，而非生硬的直角，赋予了字体柔和而富有韵律的视觉感受。字形比例经典标准，x字高适中，重心平稳，字内空间（字怀）开放，确保了极佳的可读性。整体情感调性严肃、正式且不失优雅，适合用于需要传递经典、专业与可信赖感的场景。这是一款极佳的书籍正文或学术出版物用字，其清晰的结构和舒适的阅读节奏非常适合长篇文本排版。同时，其精致的细节也使其在邀请函、证书、名片等正式印刷品以及教育、金融、文化出版类品牌的标题或Logo设计中 → 韩文字体/标题字
  📂 字体库 - 分类字体包 - 松邦英文字体 - Confetti-Regular → 中文字体/标题字
  📂 字体库 - 分类字体包 - 松邦英文字体 - BoltonItalicOutline → 中文字体/标题字
  📂 COMOL → 中文字体/正文字
  📂 断笔拼接几何标题体 → 中文字体/标题字
  📂 粗犷黑体 - 无衬线标题字体 - COMRBD → 中文字体/标题字
  📂 字体库 - 分类字体包 - 松邦英文字体 - Blueberry-Regular → 中文字体/标题字
  📂 BLUEMUB Art Deco Serif → 中文字体/衬线体
  📂 BLOODSUC 暗夜血痕 → 中文字体/装饰体
  📂 Comic Bold → 中文字体/装饰体
  📂 松邦卡通圆体 → 中文字体/装饰体
  ✓ 完成: 成功 20, 失败 0
  📄 第 203 页: 20 个需要处理
  📂 BLOCLT → 中文字体/标题字
  📂 手绘卡通体 - Comic Sans 手写风格 → 中文字体/标题字
  📂 字体库 - 分类字体包 - 松邦英文字体 - blockline → 中文字体/标题字
  📂 字体库 - 分类字体包 - 松邦英文字体 - Blizzard-Light → 中文字体/正文字
  📂 "这是一款现代、简洁的无衬线英文字体。其最显著的结构特征是笔画粗细非常均匀，几乎所有笔画都保持一致的宽度，没有明显的粗细对比。起笔和收笔处理干净利落，多为直角或平切，转角处直接、利落，没有任何圆润化或装饰性的处理，呈现出强烈的几何感和理性气质。字母的x字高适中，整体字形比例协调，字面率较大，使得字体在屏幕上看起来清晰、醒目。字重处于常规到中粗之间，重心位置居中，整体视觉稳定。字怀（字内空间）开放，字母内部留有充足的空间，确保了良好的透气性和可读性。设计风格偏向极简和现代，情感调性友好、专业且不失亲和力。视觉特征方正、规整、清晰。笔画之间完全独立，没有连笔或花体连接。这款字体非常适合用于UI界面设计、网页正文、现代风格的品牌标识、产品包装、海报以及各类需要清晰传达信息的印刷品。它 → 中文字体/标题字
  📂 Blizzard Regular → 中文字体/正文字
  📂 Bleeding Cowboys → 中文字体/哥特体
  📂 Comfortaa Light → 中文字体/标题字
  📂 字体库 - 分类字体包 - 松邦英文字体 - Comfortaa → 中文字体/正文字
  📂 松邦哥特体 Blacklettersh → 中文字体/哥特体
  📂 COASTERP 无衬线字体 → 中文字体/等线体
  📂 字体库 - 分类字体包 - 松邦英文字体 - CODE Bold → 中文字体/标题字
  ✓ 完成: 成功 19, 失败 0
  📄 第 204 页: 20 个需要处理
  📂 "这是一款具有强烈视觉对比的极粗衬线字体，其设计核心在于垂直笔画的厚重有力与水平笔画的纤细如线所形成的“骨架”感。Birch Std的字形修长，重心居中，笔画末端 → 中文字体/标题字
  📂 Cleaver's Juvenia → 中文字体/装饰体
  📂 方正粗黑体 → 中文字体/标题字
  📂 CLIPS立体粗圆体 → 中文字体/标题字
  📂 PixelBlock Bold → 中文字体/标题字
  📂 "这是一款古典优雅的花体手写字体（Bilbo Swash Caps）。其最显著的特征在于笔画间强烈的粗细对比——竖笔厚重饱满，而横笔及连接线则纤细如丝，营造出富有戏剧性的视觉效果。字体结构基于传统的书法体系，大写字母装饰性极强，起笔和收笔处常伴有精致的花饰卷曲，赋予文字华丽的流动感。小写字母则更为简约流畅，保持了整体风格的统一与连贯。字形比例偏修长，重心稳定，字怀（内部空间）较为开放，这 → 中文字体/标题字
  📂 "这是一款极粗字重的无衬线字体，视觉冲击力极强。笔画非常粗壮且粗细均匀，结构方正饱满，字形比例偏宽，字面率高，几乎填满了整个字身框。转角处理锐利果断，起笔收笔干净利落，呈现出强烈的几何感和现代感。其设计风格极简而硬朗，情感调性严肃、有力，甚至带有一定的压迫感。由于字重极 → 中文字体/标题字
  📂 字体库 - 分类字体包 - 松邦英文字体 - CLEAF-Regular → 中文字体/标题字
  📂 "这是一款设计现代、笔画圆润的几何无衬线字体。其结构规整均匀，字母笔画粗细高度一致，没有明显的粗细变化，呈现出高度的几何化和理性美感。字形比例适中，小写字母的x字高较高，字面率适中，确保了极佳的可读性与中性稳定的视觉感受。字重属于中等常规范围，重心平稳，位于字体中部。字怀开放，字内空间充足，避免了拥挤感。整体风格简约、现代、亲切，情感调性平和友好，毫无攻击性，视觉上圆润、舒展、方正。适合作为界面UI、品牌标准字、网页正文及各类科技、教育、金融、医疗行业的通用文本字体。它也非常适合用于 → 中文字体/标题字
  📂 字体库 - 分类字体包 - 松邦英文字体 - BigMisterC → 中文字体/手写体
  📂 CLARITTO → 中文字体/标题字
  📂 字体库 - 分类字体包 - 松邦英文字体 - BetterHeather → 中文字体/标题字
  ✓ 完成: 成功 19, 失败 0
  📄 第 205 页: 20 个需要处理
  📂 Civilian Serif Script → 中文字体/衬线体
  📂 "这是一款以圆形为基本笔画单元的创意装饰体。该字体最显著的结构特征在于，其所有笔画——无论是直线还是曲线——都由独立的、等粗的黑色圆形（或圆环）构成，彻底解构了传统字体笔画。字母的转角、末端和交叉处均被圆润的几何图形取代，形成了极高的字面率和开放、均匀的字内空间。字重偏粗，视觉冲击力强，重心稳定。风格上，它融合了极简几何、未来感与浓厚的童趣，整体感觉活泼、友好且极具辨识度。这款字体 → 中文字体/标题字
  📂 Cityof → 中文字体/标题字
  📂 字体库 - 分类字体包 - 松邦英文字体 - BERTHAM → 中文字体/正文字
  📂 Belwe Gotisch → 中文字体/标题字
  📂 Chops Script → 中文字体/装饰体
  📂 字体库 - 分类字体包 - 松邦英文字体 - ChristmasLightsIndoor → 中文字体/装饰体
  📂 "这是一款具有强烈美式复古风格和波普艺术气息的粗壮无衬线字体。其最 → 中文字体/标题字
  📂 "这是一款极具视觉冲击力和复古未来主义风格的无衬线装饰字体。其核心特征是笔画极为粗壮厚重，并辅以内部平行条纹的镂空装饰，营造出强烈的层次感和动态效果。字形结构方正宽扁，重心偏低 → 中文字体/标题字
  📂 字体库 - 分类字体包 - 松邦英文字体 - Bearpaw → 中文字体/标题字
  ✓ 完成: 成功 17, 失败 0
  📄 第 206 页: 20 个需要处理
  📂 "这是一款极具手写感和装饰性的粗体英文字体。其笔画粗壮有力，带有显著的粗细变化，起笔和收笔处常有明显的笔锋和“墨迹”效果，转角处理圆润自然。字形结构修长，x字高适中，整体字重偏重。重心略高，字内空间较为开放，使得字体在厚重的同时不失灵动。设计风格现代而活泼，情感调性亲切、友好且富有艺术气息，视觉上呈现出强烈的流畅感和动态美，部分字母采用连笔或部分连接的设计，增强了手写的韵味。这款字体非常适合作为标题 → 中文字体/标题字
  📂 CHINT → 中文字体/标题字
  📂 包豪斯粗体 → 中文字体/标题字
  📂 字体库 - 分类字体包 - 松邦英文字体 - Chipperb → 中文字体/标题字
  📂 SB Mono Bold → 中文字体/标题字
  📂 BeanTown → 中文字体/装饰体
  📂 China Gothic → 中文字体/标题字
  📂 CHILM → 中文字体/衬线体
  📂 肥厚装饰标题体 (ChickenW Bold) → 中文字体/标题字
  📂 字体库 - 分类字体包 - 松邦英文字体 - Base05 → 中文字体/装饰体
  📂 字体库 - 分类字体包 - 松邦英文字体 - BauerBodni BT → 中文字体/衬线体
  📂 字体库 - 分类字体包 - 松邦英文字体 - Chibrush → 中文字体/手写体
  ✓ 完成: 成功 18, 失败 0
  📄 第 207 页: 20 个需要处理
  📂 CheetaSans → 中文字体/正文字
  📂 Chemistr → 中文字体/等线体
  📂 Charlemagne → 中文字体/衬线体
  📂 CHE-DUST 哥特装饰体 → 中文字体/装饰体
  📂 Bacana Regular → 中文字体/手写体
  📂 Charlesi Bold → 中文字体/标题字
  📂 电路拼接体 → 中文字体/标题字
  📂 字体库 - 分类字体包 - 松邦英文字体 - BabelSans → 中文字体/标题字
  📂 字体库 - 分类字体包 - 松邦英文字体 - Badiane → 中文字体/装饰体
  📂 字体库 - 分类字体包 - 松邦英文字体 - AVGARDNI → 中文字体/衬线体
  📂 "这是一款极具古典韵味与优雅气质的英文花体装饰字体。其笔画具有强烈的粗细对比，线条流畅且富有弹性，起笔与收笔处均带有精致、繁复的装饰性卷曲和花饰，尤其在大写字母的连接与末端处展现得淋漓尽致。转角圆润自然，字形修长，重心 → 中文字体/标题字
  📂 Avgardemi Bold Italic → 中文字体/衬线体
  📂 Chaparral Pro Bold Italic → 中文字体/标题字
  📂 Source Sans Pro Bold → 中文字体/标题字
  📂 字体库 - 分类字体包 - 松邦英文字体 - CHANTICL → 中文字体/装饰体
  ✓ 完成: 成功 18, 失败 0
  📄 第 208 页: 20 个需要处理
  📂 Austtin → 中文字体/装饰体
  📂 字体库 - 分类字体包 - 松邦英文字体 - ChaparralPro-Italic → 中文字体/衬线体
  📂 Asmara → 中文字体/装饰体
  📂 Augusta Shadow → 中文字体/标题字
  📂 字体库 - 分类字体包 - 松邦英文字体 - AvantGarde-Book Bold → 中文字体/标题字
  📂 字体库 - 分类字体包 - 松邦英文字体 - Champagne_Limousines-ThickBoldItalic → 中文字体/标题字
  📂 字体库 - 分类字体包 - 松邦英文字体 - Champagne_ LimousinesBoldItalic → 中文字体/标题字
  ✓ 完成: 成功 20, 失败 0
  📄 第 209 页: 20 个需要处理
  ✓ 完成: 成功 20, 失败 0
  📄 第 210 页: 20 个需要处理
  ✓ 完成: 成功 20, 失败 0
  📄 第 211 页: 20 个需要处理
  📂 字体库 - 分类字体包 - 松邦英文字体 - Canyons-Bold-Alternates-Press → 中文字体/标题字
  📂 字体库 - 分类字体包 - 松邦英文字体 - Canyons-Bold-Press → 中文字体/标题字
  📂 字体库 - 分类字体包 - 松邦英文字体 - CanelaBarkBoldPersonal → 中文字体/标题字
  ✓ 完成: 成功 20, 失败 0
  📄 第 212 页: 20 个需要处理
  📂 字体库 - 分类字体包 - 松邦英文字体 - Antipasto-ExtraBoldTrial → 中文字体/标题字
  ✓ 完成: 成功 20, 失败 0
  📄 第 213 页: 20 个需要处理
  ✓ 完成: 成功 20, 失败 0
  📄 第 214 页: 20 个需要处理
  📂 字体库 - 分类字体包 - 松邦英文字体 - amberlight-webfont → 中文字体/正文字
  📂 字体库 - 分类字体包 - 松邦英文字体 - Calibri-Light → 中文字体/正文字
  📂 字体库 - 分类字体包 - 松邦英文字体 - Amberlight → 中文字体/正文字
  ✓ 完成: 成功 20, 失败 0
  📄 第 215 页: 20 个需要处理
  📂 字体库 - 分类字体包 - 松邦英文字体 - AkzidenzGrotesk-LightSC → 中文字体/正文字
  📂 字体库 - 分类字体包 - 松邦英文字体 - AkzidenzGrotesk-LightItalicOsF → 中文字体/正文字
  📂 字体库 - 分类字体包 - 松邦英文字体 - AkzidenzGrotesk-ExtraBoldItalic → 中文字体/标题字
  📂 字体库 - 分类字体包 - 松邦英文字体 - AkzidenzGrotesk-Light → 中文字体/正文字
  📂 字体库 - 分类字体包 - 松邦英文字体 - AkzidenzGrotesk-LightExtendedItalic → 中文字体/正文字
  📂 字体库 - 分类字体包 - 松邦英文字体 - AkzidenzGrotesk-ExtraBoldCondItalic → 中文字体/标题字
  📂 字体库 - 分类字体包 - 松邦英文字体 - c283-腾祥铁山楷书简 → 中文字体/手写体
  📂 字体库 - 分类字体包 - 松邦英文字体 - C300-老报宋 → 中文字体/衬线体
  📂 字体库 - 分类字体包 - 松邦英文字体 - AkzidenzGrotesk-ExtraBoldCond → 中文字体/标题字
  ✓ 完成: 成功 20, 失败 0
  📄 第 216 页: 20 个需要处理
  📂 字体库 - 分类字体包 - 松邦英文字体 - AkzidenzGrotesk-ExtraBold → 中文字体/标题字
  📂 字体库 - 分类字体包 - 松邦英文字体 - AkzidenzGrotesk-BoldExtendedItalic → 中文字体/标题字
  📂 字体库 - 分类字体包 - 松邦英文字体 - AkzidenzGrotesk-BoldCondItalic → 中文字体/标题字
  📂 字体库 - 分类字体包 - 松邦英文字体 - BurningDaylight-Regular → 中文字体/正文字
  📂 字体库 - 分类字体包 - 松邦英文字体 - AkzidenzGrotesk-BoldCond → 中文字体/标题字
  ✓ 完成: 成功 20, 失败 0
  📄 第 217 页: 20 个需要处理
  📂 字体库 - 分类字体包 - 松邦英文字体 - AGaramondPro-BoldItalic_0 → 中文字体/标题字
  📂 字体库 - 分类字体包 - 松邦英文字体 - AdobeMingStd-Light_0 → 中文字体/正文字
  📂 字体库 - 分类字体包 - 松邦英文字体 - AdobeGothicStd-Bold_0 → 中文字体/标题字
  ✓ 完成: 成功 20, 失败 0
  📄 第 218 页: 20 个需要处理
  📂 字体库 - 分类字体包 - 松邦英文字体 - AdobeHebrew-Bold_0 → 中文字体/标题字
  📂 字体库 - 分类字体包 - 松邦英文字体 - AdobeDevanagari-Bold → 中文字体/标题字
  📂 字体库 - 分类字体包 - 松邦英文字体 - AdobeArabic-Bold_0 → 中文字体/标题字
  📂 字体库 - 分类字体包 - 松邦英文字体 - AdobeArabic-BoldItalic_0 → 中文字体/标题字
  ✓ 完成: 成功 20, 失败 0
  📄 第 219 页: 20 个需要处理
  📂 字体库 - 分类字体包 - 松邦英文字体 - Acme 9 Regular Bold Xtnd → 中文字体/标题字
  📂 字体库 - 分类字体包 - 松邦英文字体 - ACaslonPro-SemiboldItalic_0 → 中文字体/标题字
  📂 字体库 - 分类字体包 - 松邦英文字体 - BoltonTitlingBold → 中文字体/标题字
  📂 字体库 - 分类字体包 - 松邦英文字体 - ACaslonPro-Semibold_0 → 中文字体/标题字
  📂 字体库 - 分类字体包 - 松邦英文字体 - ACaslonPro-BoldItalic_0 → 中文字体/标题字
  📂 字体库 - 分类字体包 - 松邦英文字体 - ACaslonPro-Bold_0 → 中文字体/标题字
  ✓ 完成: 成功 20, 失败 0
  📄 第 220 页: 20 个需要处理
  📂 字体库 - 分类字体包 - 松邦英文字体 - Acanthus-BoldItalic → 中文字体/标题字
  📂 字体库 - 分类字体包 - 松邦英文字体 - Blizzard-Light → 中文字体/正文字
  📂 字体库 - 分类字体包 - 松邦英文字体 - A-OTF-TakaHandStd-Bold → 中文字体/标题字
  ✓ 完成: 成功 20, 失败 0
  📄 第 221 页: 20 个需要处理
  📂 字体库 - 分类字体包 - 松邦英文字体 - A-OTF-OutaiKaiStd-Light → 中文字体/正文字
  📂 字体库 - 分类字体包 - 松邦英文字体 - A-OTF-MNewsGPro-Light → 中文字体/正文字
  📂 字体库 - 分类字体包 - 松邦英文字体 - A-OTF-JominStd-Light → 中文字体/正文字
  ✓ 完成: 成功 20, 失败 0
  📄 第 222 页: 20 个需要处理
  📂 字体库 - 分类字体包 - 松邦英文字体 - A-OTF-KakuminPro-Bold → 中文字体/标题字
  📂 字体库 - 分类字体包 - 松邦英文字体 - Bear & loupe bold → 中文字体/标题字
  📂 字体库 - 分类字体包 - 松邦英文字体 - A-OTF-GothicMB101Pro-Light → 中文字体/正文字
  📂 字体库 - 分类字体包 - 松邦英文字体 - A-OTF-GothicMB101Pro-DeBold → 中文字体/标题字
  📂 字体库 - 分类字体包 - 松邦英文字体 - A-OTF-GothicMB101Pr5-Bold → 中文字体/标题字
  ✓ 完成: 成功 20, 失败 0
  📄 第 223 页: 20 个需要处理
  📂 字体库 - 分类字体包 - 松邦英文字体 - A-OTF-FutoMinA101Pr5-Bold → 中文字体/标题字
  📂 字体库 - 分类字体包 - 松邦英文字体 - Badiane Bold → 中文字体/标题字
  📂 字体库 - 分类字体包 - 松邦英文字体 - A-OTF-FutoGoB101Pr5-Bold → 中文字体/标题字
  📂 字体库 - 分类字体包 - 松邦英文字体 - A-OTF-A1MinchoStd-Bold → 中文字体/标题字
  📂 字体库 - 分类字体包 - 松邦英文字体 - axisstd-extralight → 中文字体/正文字
  ✓ 完成: 成功 20, 失败 0
  📄 第 224 页: 20 个需要处理
  📂 字体库 - 分类字体包 - 松邦英文字体 - AvantGarde-ExtraLight → 中文字体/正文字
  📂 分类字体包 - 松邦英文字体 - 英文字体   （75款可商用） - SourceSerifPro-SemiBold → 中文字体/标题字
  📂 分类字体包 - 松邦英文字体 - 英文字体   （75款可商用） - Roboto-LightItalic → 中文字体/正文字
  📂 分类字体包 - 松邦英文字体 - 英文字体   （75款可商用） - Roboto Bold → 中文字体/标题字
  ✓ 完成: 成功 20, 失败 0
  📄 第 225 页: 20 个需要处理
  📂 字体库 - 分类字体包 - 松邦英文字体 - Arkham_bold → 中文字体/标题字
  📂 分类字体包 - 松邦英文字体 - 英文字体   （75款可商用） - PostNoBillsColombo-ExtraBold → 中文字体/标题字
  📂 分类字体包 - 松邦英文字体 - 英文字体   （75款可商用） - Muli-LightItalic → 中文字体/正文字
  📂 分类字体包 - 松邦英文字体 - 英文字体   （75款可商用） - Muli-ExtraBoldItalic → 中文字体/标题字
  📂 分类字体包 - 松邦英文字体 - 英文字体   （75款可商用） - Montserrat-Light → 中文字体/正文字
  ✓ 完成: 成功 20, 失败 0
  📄 第 226 页: 20 个需要处理
  📂 分类字体包 - 松邦英文字体 - 英文字体   （75款可商用） - GemunuLibre-SemiBold → 中文字体/标题字
  📂 分类字体包 - 松邦英文字体 - 英文字体   （75款可商用） - GemunuLibre-Light → 中文字体/正文字
  📂 分类字体包 - 松邦英文字体 - 英文字体   （75款可商用） - DroidSans-Bold → 中文字体/标题字
  📂 分类字体包 - 松邦英文字体 - 英文字体   （75款可商用） - Dolce Vita Heavy Bold → 中文字体/标题字
  ✓ 完成: 成功 20, 失败 0
  📄 第 227 页: 20 个需要处理
  📂 分类字体包 - 松邦英文字体 - 英文字体   （75款可商用） - CormorantSC-Light → 中文字体/正文字
  📂 分类字体包 - 松邦英文字体 - 英文字体   （75款可商用） - CormorantUpright-Light → 中文字体/正文字
  📂 字体库 - 分类字体包 - 松邦英文字体 - AR StdMingti Bold B5 → 中文字体/标题字
  📂 分类字体包 - 松邦英文字体 - 英文字体   （75款可商用） - Cabin-SemiBoldItalic → 中文字体/标题字
  📂 分类字体包 - 松邦英文字体 - 英文字体   （75款可商用） - Cabin-BoldItalic → 中文字体/标题字
  📂 分类字体包 - 松邦英文字体 - 英文字体   （75款可商用） - AsapCondensed-Bold → 中文字体/标题字
  📂 分类字体包 - 松邦英文字体 - 英文字体   （75款可商用） - Amaranth-Bold → 中文字体/标题字
  ✓ 完成: 成功 20, 失败 0
  📄 第 228 页: 20 个需要处理
  📂 字体库 - 分类字体包 - 松邦英文字体 - Antipasto-ExtraLightTrial → 中文字体/正文字
  ✓ 完成: 成功 20, 失败 0
  📄 第 229 页: 20 个需要处理
  📂 字体库 - 分类字体包 - 松邦英文字体 - [SegoeScript] 粗 → 中文字体/标题字
  📂 圆韵无衬线体 → 中文字体/正文字
  📂 Angsa Sans → 中文字体/等线体
  📂 文鼎无衬线-圆角体 → 中文字体/正文字
  📂 Classical Serif Pro → 中文字体/衬线体
  ✓ 完成: 成功 20, 失败 0
  📄 第 230 页: 20 个需要处理
  📂 字体库 - 分类字体包 - 松邦英文字体 - Amberlight → 中文字体/正文字
  📂 字体模板 → 中文字体/标题字
  📂 字体库 - 分类字体包 - 松邦文鼎字体 - 文鼎CS长宋 → 中文字体/标题字
  📂 ALEXANDRA Regular → 中文字体/衬线体
  📂 字体模板 → 中文字体/标题字
  📂 Akzidenz Grotesk Medium Condensed Alt → 中文字体/正文字
  📂 字体库 - 分类字体包 - 松邦文鼎字体 - 文鼎CS行楷 → 中文字体/手写体
  📂 字体库 - 分类字体包 - 松邦英文字体 - AkzidenzGrotesk-MediumCondItalicAlt → 中文字体/其他
  📂 字体库 - 分类字体包 - 松邦文鼎字体 - 文鼎CS书宋二简 → 中文字体/衬线体
  📂 字体库 - 分类字体包 - 松邦文鼎字体 - 文鼎CS魏碑繁 → 中文字体/其他
  📂 字体库 - 分类字体包 - 松邦英文字体 - AkzidenzGrotesk-Regular → 中文字体/其他
  ✓ 完成: 成功 17, 失败 0
  📄 第 231 页: 20 个需要处理
  📂 Akzidenz Grotesk Medium → 中文字体/标题字
  📂 文鼎CS大宋繁 → 中文字体/衬线体
  📂 字体库 - 分类字体包 - 松邦英文字体 - AkzidenzGrotesk-LightItalic → 中文字体/正文字
  📂 字体库 - 分类字体包 - 松邦英文字体 - AkzidenzGrotesk-LightExtended → 中文字体/正文字
  📂 字体库 - 分类字体包 - 松邦文鼎字体 - 文鼎CS大隶书简 → 中文字体/其他
  📂 字体库 - 分类字体包 - 松邦英文字体 - AkzidenzGrotesk-LightOsF → 中文字体/正文字
  📂 字体库 - 分类字体包 - 松邦文鼎字体 - 文鼎CS大黑 → 中文字体/其他
  📂 字体库 - 分类字体包 - 松邦文鼎字体 - 文鼎CS报宋繁 → 中文字体/衬线体
  📂 字体库 - 分类字体包 - 松邦英文字体 - AkzidenzGrotesk-Italic → 中文字体/其他
  📂 文鼎无衬线体 → 中文字体/等线体
  📂 字体库 - 分类字体包 - 松邦英文字体 - AkzidenzGrotesk-ExtraBoldAlt → 中文字体/标题字
  📂 字体库 - 分类字体包 - 松邦英文字体 - AkzidenzGrotesk-ExtraBoldCondAlt → 中文字体/标题字
  📂 AkzidenzGrotesk Cond Italic → 中文字体/标题字
  📂 Akzidenz Grotesk Bold Italic → 中文字体/标题字
  📂 字体库 - 分类字体包 - 松邦英文字体 - AkzidenzGrotesk-ExtendedItalic → 中文字体/其他
  📂 字体库 - 分类字体包 - 松邦文鼎字体 - 文鼎中楷繁 → 中文字体/手写体
  📂 字体库 - 分类字体包 - 松邦英文字体 - ahronbd → 中文字体/其他
  ✓ 完成: 成功 17, 失败 0
  📄 第 232 页: 20 个需要处理
  📂 字体库 - 分类字体包 - 松邦英文字体 - AkzidenzGrotesk-BoldExtended → 中文字体/标题字
  📂 字体库 - 分类字体包 - 松邦英文字体 - AGaramondPro-Regular_0 → 中文字体/其他
  📂 字体库 - 分类字体包 - 松邦英文字体 - AgencyFB → 中文字体/装饰体
  📂 字体库 - 分类字体包 - 松邦英文字体 - ahronbd_0 → 中文字体/其他
  📂 AHPUNCH-Regular → 中文字体/手写体
  📂 字体库 - 分类字体包 - 松邦文鼎字体 - 文鼎潇洒体简 → 中文字体/等线体
  📂 字体库 - 分类字体包 - 松邦文鼎字体 - 文鼎細圓 → 中文字体/正文字
  📂 文鼎细圆简 → 中文字体/正文字
  📂 Adobe Garamond Pro Bold → 中文字体/衬线体
  📂 字体库 - 分类字体包 - 松邦英文字体 - AGaramondPro-Italic_0 → 中文字体/其他
  📂 Adobe Song Std - Light → 中文字体/衬线体
  📂 字体库 - 分类字体包 - 松邦英文字体 - againts → 中文字体/其他
  📂 Adobe Kaiti Std → 中文字体/衬线体
  📂 字体库 - 分类字体包 - 松邦英文字体 - AdobeMyungjoStd-Medium_0 → 中文字体/其他
  📂 字体库 - 分类字体包 - 松邦文鼎字体 - 文鼎石头体简 → 中文字体/其他
  📂 字体库 - 分类字体包 - 松邦文鼎字体 - 文鼎书宋简 → 中文字体/衬线体
  ✓ 完成: 成功 16, 失败 0
  📄 第 233 页: 20 个需要处理
  📂 Adobe Hebrew Regular → 中文字体/衬线体
  📂 Adobe Garamond Bold Italic → 中文字体/衬线体
  📂 文鼎谁的字体 → 中文字体/其他
  📂 字体库 - 分类字体包 - 松邦英文字体 - AdobeGothicStd-Bold → 中文字体/标题字
  📂 Adobe Devanagari Bold Italic → 中文字体/衬线体
  📂 字体库 - 分类字体包 - 松邦英文字体 - AdobeFanHeitiStd-Bold_0 → 中文字体/标题字
  📂 字体库 - 分类字体包 - 松邦英文字体 - AdobeDevanagari-Regular → 中文字体/其他
  📂 字体库 - 分类字体包 - 松邦文鼎字体 - 文鼎霹雳体简 → 中文字体/装饰体
  📂 文鼎PL中黑体 → 中文字体/等线体
  📂 字体库 - 分类字体包 - 松邦英文字体 - AdobeArabic-BoldItalic → 中文字体/标题字
  📂 字体库 - 分类字体包 - 松邦英文字体 - AdobeArabic-Regular → 中文字体/其他
  📂 字体库 - 分类字体包 - 松邦英文字体 - AdobeArabic-Italic → 中文字体/其他
  📂 字体库 - 分类字体包 - 松邦英文字体 - AdobeArabic-Bold → 中文字体/标题字
  📂 字体库 - 分类字体包 - 松邦英文字体 - Adine Kirnberg Alternate → 中文字体/手写体
  📂 字体库 - 分类字体包 - 松邦文鼎字体 - 文鼎贱狗体简 → 中文字体/其他
  📂 字体库 - 分类字体包 - 松邦英文字体 - Action Jackson → 日文字体/其他
  📂 字体库 - 分类字体包 - 松邦英文字体 - AdineKernberg Regular → 中文字体/其他
  📂 字体库 - 分类字体包 - 松邦英文字体 - ACaslonPro-Regular → 中文字体/衬线体
  📂 字体库 - 分类字体包 - 松邦英文字体 - ACaslonPro-Semibold → 中文字体/标题字
  📂 字体库 - 分类字体包 - 松邦文鼎字体 - 文鼎花瓣体简 → 中文字体/其他
  ✓ 完成: 成功 20, 失败 0
  📄 第 234 页: 20 个需要处理
  📂 字体库 - 分类字体包 - 松邦英文字体 - ACaslonPro-SemiboldItalic → 中文字体/标题字
  📂 字体库 - 分类字体包 - 松邦英文字体 - ACaslonPro-Bold → 中文字体/标题字
  📂 字体库 - 分类字体包 - 松邦英文字体 - ACaslonPro-Italic → 中文字体/其他
  📂 字体库 - 分类字体包 - 松邦英文字体 - ACaslonPro-BoldItalic → 中文字体/标题字
  📂 字体库 - 分类字体包 - 松邦英文字体 - Acanthus-Italic → 中文字体/其他
  📂 字体库 - 分类字体包 - 松邦文鼎字体 - 文鼎鬍子體 → 中文字体/其他
  📂 字体库 - 分类字体包 - 松邦英文字体 - AbbeyRoadNF → 中文字体/其他
  📂 字体库 - 分类字体包 - 松邦英文字体 - ABITE → 中文字体/其他
  📂 字体库 - 分类字体包 - 松邦英文字体 - Aachen Medium Plain → 中文字体/其他
  📂 字体库 - 分类字体包 - 松邦英文字体 - Acapulco → 中文字体/其他
  📂 字体库 - 分类字体包 - 松邦文鼎字体 - 文鼎古印体繁 → 中文字体/其他
  📂 字体库 - 分类字体包 - 松邦英文字体 - A-OTF-TakaHandStd-Light → 中文字体/正文字
  📂 字体库 - 分类字体包 - 松邦英文字体 - A-OTF-TakaHandStd-DeBold → 中文字体/标题字
  📂 字体库 - 分类字体包 - 松邦文鼎字体 - 文鼎弹簧体简 → 中文字体/其他
  📂 字体库 - 分类字体包 - 松邦英文字体 - A-OTF-ShinseiKaiPro-CBSK1 → 中文字体/其他
  📂 字体库 - 分类字体包 - 松邦文鼎字体 - 文鼎粗圆简 → 中文字体/标题字
  📂 字体库 - 分类字体包 - 松邦英文字体 - A-OTF-SeiKaiCB1Std-Regular → 中文字体/其他
  📂 字体库 - 分类字体包 - 松邦文鼎字体 - 文鼎粗黑繁 → 中文字体/标题字
  📂 字体库 - 分类字体包 - 松邦英文字体 - A-OTF-ShinGoMin-Futoline → 中文字体/其他
  ✓ 完成: 成功 19, 失败 0
  📄 第 235 页: 20 个需要处理
  📂 "这是一款充满手绘趣味与随性质感的手写英文字体。其笔画具有明显的粗细变化和自然的抖动感，模拟了真实书写时的毛笔或马克笔笔触，尤其是笔画末端的处理圆润且带有收笔的痕迹，显得生动而富有生命力。字体整体为粗体，结构饱满，字重较粗，重心稍高，赋予字体向上的活力感。字母内部空间（字怀）开放，使得笔画虽粗但不显拥挤。设计风格活泼、友好，视觉上圆润而不失力量，带有一种轻松可爱的涂鸦感。非常适合用于需要营造轻松、趣味、个性化氛围的场景，例如儿童产品与游戏设计的标题、社交媒体帖子与海报的装饰性文字、时尚与餐饮品牌的视觉传达、活动邀请函与贺卡、以及各类需要吸引年轻用户群体的UI元素和 → 中文字体/标题字
  📂 字体库 - 分类字体包 - 松邦文鼎字体 - 文鼎齿轮体简 → 中文字体/标题字
  📂 文鼎彩云繁 → 中文字体/标题字
  📂 Nachin → 中文字体/其他
  📂 字体库 - 分类字体包 - 松邦英文字体 - A-OTF-MNewsMPro-Light → 中文字体/标题字
  📂 字体库 - 分类字体包 - 松邦微软字体 - 微软正黑体Bold → 中文字体/标题字
  📂 Likurei Gothic Regular → 中文字体/标题字
  📂 "这是一款现代感极强的粗体无衬线字体，视觉冲击力突出，专为标题和强调性文字设计。其核心结构特征在于笔画粗壮有力，直线笔画与曲线部分存在明显的粗细对比 → 中文字体/标题字
  📂 微软雅黑 Bold → 中文字体/标题字
  📂 "这是一款极粗体、方正稳健的日文黑体风格字体（西文部分）。其最显著的特征是笔画极度粗壮且粗细均匀，几乎没有任何明显的粗细变化，营造出极强的视觉冲击力和块面感。字形结构趋于方正，字形比例接近1:1，字怀（字内空间）因笔画的厚重而显得相对封闭、紧凑。重心稳定居中，转角处理硬朗方正，起笔与收笔均为平直切割，没有任何装饰性末端，展现出一种严谨、专业、现代且极具力量感的视觉特征。设计风格属于现代极简主义，情感调性严肃、硬朗、稳重，适合需要传递权威、可靠或强烈存在感的设计。这款字体特别适合用于科技、金融、制造业、大型活动的主视觉标题，或是任何需要突出力量感和专业感的海报、封面、大尺寸标题。由于笔画极粗，它不适用于小字号 → 中文字体/标题字
  📂 微软雅黑（Regular） → 中文字体/正文字
  📂 微软雅黑 → 中文字体/正文字
  📂 字体库 - 分类字体包 - 松邦英文字体 - A-OTF-KaishoMCBK1Pro-DeBold → 中文字体/衬线体
  📂 "这是一款字形饱满、笔画粗壮且转角圆润的现代黑体风格字体。其笔画粗细对比不明显，呈现均匀的视觉厚度，所有转角处均采用微小的圆角处理，赋予了字体一种柔和与力量并存的气质。字形比例偏方正，x字高适中，字面率较大，使得文字在视觉上非常醒目、扩张感强。字体字重为粗体，重心居中，结构稳定。字内空间（字怀）开放，尤其是“口”、“日”等封闭结构部件，内部空间宽敞，增强了易读性与开阔感。整体设计风格现代、硬朗又不失友好亲切的情感调性，视觉上圆润、饱满、舒展。这款字体非常适合用作标题、Logo、海报主标题、包装文字、UI按钮和图标文字等需要视觉冲击力和清晰度的场景。其清晰易认的特性使其在科技、运动、儿童教育、餐饮快餐、快消品、电商促销等多个行业设计中都能发挥作用，是制作品牌 → 中文字体/标题字
  📂 A-OTF-HaruGakuStd-Light → 中文字体/正文字
  📂 松邦哥特MB101无衬线中等粗细 → 中文字体/正文字
  ✓ 完成: 成功 19, 失败 0
  📄 第 236 页: 20 个需要处理
  📂 现代无衬线体 → 中文字体/标题字
  📂 字体库 - 分类字体包 - 松邦微软字体 - 微软简粗黑 → 中文字体/标题字
  📂 字体库 - 分类字体包 - 松邦微软字体 - 微软简粗姚 → 中文字体/标题字
  📂 字体库 - 分类字体包 - 松邦英文字体 - A-OTF-GothicMB101Pr5-Light → 中文字体/正文字
  📂 字体库 - 分类字体包 - 松邦微软字体 - 微软黑体 → 中文字体/其他
  📂 字体库 - 分类字体包 - 松邦英文字体 - A-OTF-GothicMB101Pr5-DeBold → 中文字体/标题字
  📂 字体库 - 分类字体包 - 松邦英文字体 - A-OTF-FutoMinA101Pro-Bold → 中文字体/标题字
  📂 字体库 - 分类字体包 - 松邦英文字体 - A-OTF-FutoGoB101Pro-Bold → 中文字体/标题字
  📂 字体库 - 分类字体包 - 松邦英文字体 - A-OTF-AkashiStd-Light → 中文字体/正文字
  ✓ 完成: 成功 18, 失败 0
  📄 第 237 页: 20 个需要处理
  📂 字体库 - 分类字体包 - 松邦微软字体 - 微软大黑体 → 中文字体/其他
  📂 字体库 - 分类字体包 - 松邦书体字体 - 云起手写细书体繁 → 中文字体/正文字
  📂 字体库 - 分类字体包 - 松邦书体字体 - 书体坊赵九江钢笔楷书 → 中文字体/手写体
  ✓ 完成: 成功 20, 失败 0
  📄 第 238 页: 20 个需要处理
  📂 分类字体包 - 松邦英文字体 - 英文字体   （75款可商用） - PostNoBillsJaffna-Bold → 日文字体/标题字
  📂 分类字体包 - 松邦英文字体 - 英文字体   （75款可商用） - Muli-ExtraLight → 中文字体/正文字
  📂 分类字体包 - 松邦英文字体 - 英文字体   （75款可商用） - Montserrat-ExtraLight → 中文字体/正文字
  📂 分类字体包 - 松邦英文字体 - 英文字体   （75款可商用） - Manuale-SemiBold → 中文字体/标题字
  ✓ 完成: 成功 20, 失败 0
  📄 第 239 页: 20 个需要处理
  📂 分类字体包 - 松邦英文字体 - 英文字体   （75款可商用） - GemunuLibre-ExtraBold → 中文字体/标题字
  📂 分类字体包 - 松邦英文字体 - 英文字体   （75款可商用） - Dolce Vita Light → 中文字体/正文字
  📂 分类字体包 - 松邦英文字体 - 英文字体   （75款可商用） - DidactGothic-Regular → 中文字体/其他
  📂 字体库 - 分类字体包 - 松邦书法字体合集 - 书体坊赵九江钢笔楷书体 → 中文字体/手写体
  📂 分类字体包 - 松邦英文字体 - 英文字体   （75款可商用） - CormorantSC-Regular → 中文字体/其他
  📂 字体库 - 分类字体包 - 松邦书法字体合集 - 书体坊颜体 → 中文字体/其他
  📂 分类字体包 - 松邦英文字体 - 英文字体   （75款可商用） - Cuprum-Bold → 中文字体/标题字
  📂 字体库 - 分类字体包 - 松邦书法字体合集 - 书体坊王学勤钢笔行书 → 中文字体/其他
  📂 分类字体包 - 松邦英文字体 - 英文字体   （75款可商用） - Cabin-MediumItalic → 中文字体/其他
  ✓ 完成: 成功 20, 失败 0
  📄 第 240 页: 20 个需要处理
  📂 分类字体包 - 松邦英文字体 - 英文字体   （75款可商用） - CabinSketch-Regular → 中文字体/其他
  📂 分类字体包 - 松邦英文字体 - 英文字体   （75款可商用） - Cabin-SemiBold → 中文字体/标题字
  📂 分类字体包 - 松邦英文字体 - 英文字体   （75款可商用） - Cabin-Italic → 中文字体/其他
  📂 字体库 - 分类字体包 - 松邦书法字体合集 - 书体坊安景臣钢笔行书 → 中文字体/其他
  📂 分类字体包 - 松邦英文字体 - 英文字体   （75款可商用） - Cabin-Bold → 中文字体/标题字
  📂 字体库 - 分类字体包 - 松邦书法字体合集 - 庞中华钢笔字体 → 中文字体/其他
  📂 分类字体包 - 松邦英文字体 - 英文字体   （75款可商用） - AsapCondensed-BoldItalic → 中文字体/标题字
  📂 字体库 - 分类字体包 - 松邦书法字体合集 - 全新硬笔隶书简 → 中文字体/其他
  📂 字体库 - 分类字体包 - 松邦英文字体 - 960-CAI978 → 中文字体/其他
  📂 分类字体包 - 松邦英文字体 - 英文字体   （75款可商用） - Bangers-Regular → 中文字体/其他
  📂 字体库 - 分类字体包 - 松邦书法字体合集 - 陆柬之行书字体 → 中文字体/其他
  📂 字体库 - 分类字体包 - 松邦书法字体合集 - 米芾字体 → 中文字体/其他
  📂 分类字体包 - 松邦英文字体 - 英文字体   （75款可商用） - Amaranth-Italic → 中文字体/其他
  📂 分类字体包 - 松邦英文字体 - 英文字体   （75款可商用） - Asap-BoldItalic → 中文字体/标题字
  📂 分类字体包 - 松邦英文字体 - 英文字体   （75款可商用） - Amaranth Bold Italic → 中文字体/标题字
  📂 字体库 - 分类字体包 - 松邦英文字体 - 7th Service ExtraBold → 中文字体/标题字
  📂 字体库 - 分类字体包 - 松邦书法字体合集 - 博洋行书3500 → 中文字体/其他
  📂 字体库 - 分类字体包 - 松邦英文字体 - 935-CAI978 → 中文字体/其他
  📂 字体库 - 分类字体包 - 松邦书法字体合集 - 郭小语钢笔楷体 → 中文字体/手写体
  📂 字体库 - 分类字体包 - 松邦英文字体 - 804-CAI978 → 中文字体/其他
  ✓ 完成: 成功 20, 失败 0
  📄 第 241 页: 20 个需要处理
  📂 字体库 - 分类字体包 - 松邦英文字体 - 540-CAI978 → 中文字体/其他
  📂 字体库 - 分类字体包 - 松邦英文字体 - 672-CAI978 → 中文字体/其他
  📂 字体库 - 分类字体包 - 松邦书法字体合集 - 博洋柳体3500 → 中文字体/其他
  📂 字体库 - 分类字体包 - 松邦书法字体合集 - 博洋规范字3500 → 中文字体/其他
  📂 字体库 - 分类字体包 - 松邦英文字体 - 321Perfect → 中文字体/其他
  📂 字体库 - 分类字体包 - 松邦英文字体 - 04B_03B → 中文字体/其他
  📂 字体库 - 分类字体包 - 松邦英文字体 - 28 Days Later → 中文字体/其他
  📂 字体库 - 分类字体包 - 松邦书法家字体合集 - 4298_书法家中圆体 → 中文字体/其他
  📂 字体库 - 分类字体包 - 松邦英文字体 - 1456Gutenberg → 中文字体/其他
  📂 字体库 - 分类字体包 - 松邦书法字体合集 - 博洋草书3500 → 中文字体/其他
  📂 字体库 - 分类字体包 - 松邦英文字体 - [Acanthus]BOLD → 中文字体/标题字
  📂 字体库 - 分类字体包 - 松邦英文字体 - ~EDDIE → 中文字体/其他
  📂 字体库 - 分类字体包 - 松邦书法家字体合集 - 4296_书法家中楷体 → 中文字体/手写体
  📂 字体库 - 分类字体包 - 松邦雅坊字体 - 雅坊美工13 → 中文字体/其他
  📂 字体库 - 分类字体包 - 松邦雅坊字体 - 雅坊美工11 → 中文字体/其他
  📂 字体库 - 分类字体包 - 松邦雅坊字体 - 雅坊美工05 → 中文字体/其他
  📂 字体库 - 分类字体包 - 松邦书法家字体合集 - 4292_书法家秀隶体 → 中文字体/其他
  📂 字体库 - 分类字体包 - 松邦书法家字体合集 - 4294_书法家颜楷体 → 中文字体/手写体
  📂 字体库 - 分类字体包 - 松邦雅坊字体 - 雅坊美工01 → 中文字体/其他
  📂 字体库 - 分类字体包 - 松邦雅坊字体 - 雅坊美工03 → 中文字体/其他
  ✓ 完成: 成功 20, 失败 0
  📄 第 242 页: 20 个需要处理
  📂 字体库 - 分类字体包 - 松邦文鼎字体 - 文鼎POP-2繁 → 中文字体/其他
  📂 字体库 - 分类字体包 - 松邦书法家字体合集 - 4290_书法家行书体 → 中文字体/其他
  📂 字体库 - 分类字体包 - 松邦文鼎字体 - 文鼎CS中宋繁 → 中文字体/衬线体
  📂 字体库 - 分类字体包 - 松邦书法家字体合集 - 4286_书法家细明体 → 中文字体/正文字
  📂 字体库 - 分类字体包 - 松邦书法家字体合集 - 4288_书法家线黑体 → 中文字体/其他
  📂 字体库 - 分类字体包 - 松邦文鼎字体 - 文鼎CS中黑 → 中文字体/其他
  📂 字体库 - 分类字体包 - 松邦文鼎字体 - 文鼎CS长宋繁 → 中文字体/衬线体
  📂 字体库 - 分类字体包 - 松邦书法家字体合集 - 4284_书法家魏碑体 → 中文字体/其他
  📂 字体库 - 分类字体包 - 松邦文鼎字体 - 文鼎CS行楷繁 → 中文字体/手写体
  📂 字体库 - 分类字体包 - 松邦文鼎字体 - 文鼎CS长美黑简 → 中文字体/其他
  📂 字体库 - 分类字体包 - 松邦书法家字体合集 - 4282_书法家特明体 → 中文字体/其他
  📂 字体库 - 分类字体包 - 松邦书法家字体合集 - 4280_书法家勘亭流 → 中文字体/其他
  📂 字体库 - 分类字体包 - 松邦文鼎字体 - 文鼎CS细圆繁 → 中文字体/正文字
  📂 字体库 - 分类字体包 - 松邦书法家字体合集 - 4278_书法家仿宋体 → 中文字体/衬线体
  📂 字体库 - 分类字体包 - 松邦书法家字体合集 - 4276_书法家淡古印 → 中文字体/其他
  📂 字体库 - 分类字体包 - 松邦文鼎字体 - 文鼎CS细等线简 → 中文字体/正文字
  📂 字体库 - 分类字体包 - 松邦文鼎字体 - 文鼎CS舒同体简 → 中文字体/其他
  📂 字体库 - 分类字体包 - 松邦书法家字体合集 - 4274_书法家粗明体 → 中文字体/标题字
  📂 字体库 - 分类字体包 - 松邦文鼎字体 - 文鼎CS大宋 → 中文字体/衬线体
  📂 字体库 - 分类字体包 - 松邦文鼎字体 - 文鼎CS仿宋体简 → 中文字体/衬线体
  ✓ 完成: 成功 20, 失败 0
  📄 第 243 页: 20 个需要处理
  📂 字体库 - 分类字体包 - 松邦书法家字体合集 - 4272_书法家超明体 → 中文字体/其他
  📂 字体库 - 分类字体包 - 松邦书法家字体打包 - 书法家中圆体 → 中文字体/其他
  📂 字体库 - 分类字体包 - 松邦文鼎字体 - 文鼎CS粗圆繁 → 中文字体/标题字
  📂 字体库 - 分类字体包 - 松邦文鼎字体 - 文鼎CS大黑繁 → 中文字体/其他
  📂 字体库 - 分类字体包 - 松邦书法家字体打包 - 书法家中楷体 → 中文字体/手写体
  📂 字体库 - 分类字体包 - 松邦文鼎字体 - 文鼎竹子体简 → 中文字体/其他
  📂 字体库 - 分类字体包 - 松邦文鼎字体 - 文鼎中隶简 → 中文字体/其他
  📂 字体库 - 分类字体包 - 松邦书法家字体打包 - 书法家颜楷体 → 中文字体/手写体
  📂 字体库 - 分类字体包 - 松邦文鼎字体 - 文鼎中楷简 → 中文字体/手写体
  📂 字体库 - 分类字体包 - 松邦书法家字体打包 - 书法家秀隶体 → 中文字体/其他
  📂 字体库 - 分类字体包 - 松邦书法家字体打包 - 书法家行书体 → 中文字体/其他
  📂 字体库 - 分类字体包 - 松邦文鼎字体 - 文鼎圆立体简 → 中文字体/其他
  📂 字体库 - 分类字体包 - 松邦文鼎字体 - 文鼎新中特黑 → 中文字体/其他
  📂 字体库 - 分类字体包 - 松邦书法家字体打包 - 书法家线黑体 → 中文字体/其他
  📂 字体库 - 分类字体包 - 松邦书法家字体打包 - 书法家魏碑体 → 中文字体/其他
  📂 字体库 - 分类字体包 - 松邦书法家字体打包 - 书法家细明体 → 中文字体/正文字
  📂 字体库 - 分类字体包 - 松邦文鼎字体 - 文鼎香肠体简 → 中文字体/其他
  📂 字体库 - 分类字体包 - 松邦文鼎字体 - 文鼎細黑 → 中文字体/其他
  📂 字体库 - 分类字体包 - 松邦书法家字体打包 - 书法家特明体 → 中文字体/其他
  📂 字体库 - 分类字体包 - 松邦文鼎字体 - 文鼎细钢笔行楷 → 中文字体/正文字
  ✓ 完成: 成功 20, 失败 0
  📄 第 244 页: 20 个需要处理
  📂 字体库 - 分类字体包 - 松邦书法家字体打包 - 书法家勘亭流 → 中文字体/其他
  📂 字体库 - 分类字体包 - 松邦书法家字体打包 - 书法家仿宋体 → 中文字体/衬线体
  📂 现代无衬线体 → 中文字体/正文字
  📂 字体库 - 分类字体包 - 松邦文鼎字体 - 文鼎魏碑繁 → 中文字体/其他
  📂 文鼎特粗黑简 → 中文字体/标题字
  📂 字体库 - 分类字体包 - 松邦文鼎字体 - 文鼎书宋繁 → 中文字体/衬线体
  📂 文鼎准黑體 → 中文字体/正文字
  📂 通用无衬线中文字体（黑体） → 中文字体/正文字
  📂 字体库 - 分类字体包 - 松邦书法家字体打包 - 书法家超明体 → 中文字体/正文字
  📂 字体库 - 分类字体包 - 松邦文鼎字体 - 文鼎荆棘体简 → 中文字体/其他
  📂 字体库 - 分类字体包 - 松邦锐字字体 - 锐字锐线极限黑简1.0 → 中文字体/其他
  📂 字体库 - 分类字体包 - 松邦锐字字体 - 锐字工房卡布奇诺细简1.0 → 中文字体/正文字
  📂 字体库 - 分类字体包 - 松邦锐字字体 - 锐字工房卡布奇诺常规简1.0 → 中文字体/其他
  📂 字体库 - 分类字体包 - 松邦锐字字体 - 锐字工房洪荒之力黑简1.0 → 中文字体/其他
  📂 字体库 - 分类字体包 - 松邦文鼎字体 - 文鼎贱狗体 → 中文字体/其他
  📂 字体库 - 分类字体包 - 松邦锐字字体 - 锐字工房锋芒黑简1.0 → 中文字体/其他
  ✓ 完成: 成功 17, 失败 0
  📄 第 245 页: 20 个需要处理
  📂 字体库 - 分类字体包 - 松邦锐字字体 - 锐字逼格锐线体简4.0 → 中文字体/其他
  📂 字体库 - 分类字体包 - 松邦文鼎字体 - 文鼎琥珀繁 → 中文字体/其他
  📂 字体库 - 分类字体包 - 松邦锐字字体 2 - 锐字云字库行草体 → 中文字体/其他
  📂 字体库 - 分类字体包 - 松邦锐字字体 2 - 锐字锐线俏皮简1.0 → 中文字体/其他
  📂 字体库 - 分类字体包 - 松邦文鼎字体 - 文鼎胡子体简 → 中文字体/其他
  📂 字体库 - 分类字体包 - 松邦锐字字体 2 - 锐字工房卡布奇诺细简1.0 → 中文字体/正文字
  📂 字体库 - 分类字体包 - 松邦文鼎字体 - 文鼎雕刻体简 → 中文字体/其他
  📂 字体库 - 分类字体包 - 松邦锐字字体 2 - 锐字锐线极限黑简1.0 → 中文字体/其他
  📂 字体库 - 分类字体包 - 松邦文鼎字体 - 文鼎大标宋简 → 中文字体/衬线体
  📂 字体库 - 分类字体包 - 松邦锐字字体 2 - 锐字工房卡布奇诺常规简1.0 → 中文字体/其他
  📂 字体库 - 分类字体包 - 松邦锐字字体 2 - 锐字工房洪荒之力黑简1.0 → 中文字体/其他
  📂 字体库 - 分类字体包 - 松邦文鼎字体 - 文鼎粗黑简 → 中文字体/标题字
  📂 字体库 - 分类字体包 - 松邦迷你字体合集 - 迷你繁智楷 → 中文字体/手写体
  📂 字体库 - 分类字体包 - 松邦锐字字体 2 - 锐字工房巅峰黑简1.0 → 中文字体/其他
  📂 字体库 - 分类字体包 - 松邦文鼎字体 - 文鼎粗钢笔行楷 → 中文字体/标题字
  📂 字体库 - 分类字体包 - 松邦迷你字体合集 - 迷你繁陆行 → 中文字体/其他
  📂 字体库 - 分类字体包 - 松邦迷你字体合集 - 迷你繁赵楷 → 中文字体/手写体
  📂 字体库 - 分类字体包 - 松邦文鼎字体 - 文鼎超黑 → 中文字体/其他
  📂 字体库 - 分类字体包 - 松邦迷你字体合集 - 迷你繁唐隶 → 中文字体/其他
  📂 字体库 - 分类字体包 - 松邦微软字体 - 微软正黑体 → 中文字体/其他
  ✓ 完成: 成功 20, 失败 0
  📄 第 246 页: 20 个需要处理
  📂 字体库 - 分类字体包 - 松邦迷你字体合集 - 迷你繁曹隶 → 中文字体/其他
  📂 字体库 - 分类字体包 - 松邦迷你字体合集 - 4268_迷你汉真广标体 → 中文字体/其他
  📂 字体库 - 分类字体包 - 松邦迷你字体合集 - 迷你繁衡方碑 → 中文字体/其他
  📂 字体库 - 分类字体包 - 松邦文鼎字体 - 文鼎报宋简 → 中文字体/衬线体
  📂 字体库 - 分类字体包 - 松邦迷你字体合集 - 4266_迷你简柏青体 → 中文字体/其他
  📂 字体库 - 分类字体包 - 松邦微软字体 - 微软雅黑粗体 → 中文字体/标题字
  📂 字体库 - 分类字体包 - 松邦微软字体 - 微软简中圆 → 中文字体/其他
  📂 字体库 - 分类字体包 - 松邦微软字体 - 微软美黑 → 中文字体/其他
  📂 字体库 - 分类字体包 - 松邦迷你字体合集 - 4264_迷你简北魏楷书体 → 中文字体/手写体
  📂 字体库 - 分类字体包 - 松邦迷你字体合集 - 4262_迷你简彩云体 → 中文字体/其他
  📂 字体库 - 分类字体包 - 松邦迷你字体合集 - 4260_迷你简长宋体 → 中文字体/衬线体
  📂 字体库 - 分类字体包 - 松邦微软字体 - 微软简行楷 → 中文字体/手写体
  📂 字体库 - 分类字体包 - 松邦微软字体 - 微软简特黑 → 中文字体/其他
  📂 字体库 - 分类字体包 - 松邦迷你字体合集 - 4258_迷你简超粗黑体 → 中文字体/标题字
  📂 字体库 - 分类字体包 - 松邦迷你字体合集 - 4256_迷你简超圆体 → 中文字体/其他
  📂 字体库 - 分类字体包 - 松邦微软字体 - 微软简仿宋 → 中文字体/衬线体
  📂 字体库 - 分类字体包 - 松邦微软字体 - 微软简老宋 → 中文字体/衬线体
  📂 字体库 - 分类字体包 - 松邦微软字体 - 微软简粗宋 → 中文字体/标题字
  📂 字体库 - 分类字体包 - 松邦迷你字体合集 - 4254_迷你简齿轮体 → 中文字体/其他
  📂 字体库 - 分类字体包 - 松邦微软字体 - 微软简标宋 → 中文字体/衬线体
  ✓ 完成: 成功 20, 失败 0
  📄 第 247 页: 20 个需要处理
  📂 字体库 - 分类字体包 - 松邦微软字体 - 微软繁细圆 → 中文字体/正文字
  📂 字体库 - 分类字体包 - 松邦微软字体 - 微软繁综艺 → 中文字体/其他
  📂 字体库 - 分类字体包 - 松邦迷你字体合集 - 4250_迷你简粗宋体 → 中文字体/标题字
  📂 字体库 - 分类字体包 - 松邦迷你字体合集 - 4252_迷你简粗黑体 → 中文字体/标题字
  📂 字体库 - 分类字体包 - 松邦微软字体 - 微软繁楷体 → 中文字体/手写体
  📂 字体库 - 分类字体包 - 松邦迷你字体合集 - 4248_迷你简粗行楷体 → 中文字体/标题字
  📂 字体库 - 分类字体包 - 松邦微软字体 - 微软繁粗圆 → 中文字体/标题字
  📂 字体库 - 分类字体包 - 松邦微软字体 - 微软繁宋体 → 中文字体/衬线体
  📂 字体库 - 分类字体包 - 松邦微软字体 - 微软繁黑体 → 中文字体/其他
  📂 字体库 - 分类字体包 - 松邦微软字体 - 微软大标宋 → 中文字体/衬线体
  📂 字体库 - 分类字体包 - 松邦微软字体 - 微软繁标宋 → 中文字体/衬线体
  📂 字体库 - 分类字体包 - 松邦书体字体 - 字酷堂松风行书体 → 中文字体/其他
  📂 字体库 - 分类字体包 - 松邦书体字体 - 书体坊禚效锋行草体 → 中文字体/其他
  📂 字体库 - 分类字体包 - 松邦书体字体 - 书体坊赵九江钢笔行书 → 中文字体/其他
  📂 字体库 - 分类字体包 - 松邦迷你字体合集 - 4244_迷你简大黑体 → 中文字体/其他
  📂 字体库 - 分类字体包 - 松邦书体字体 - 书体坊硬笔行书3500 → 中文字体/其他
  📂 字体库 - 分类字体包 - 松邦迷你字体合集 - 4246_迷你简粗倩体 → 中文字体/标题字
  📂 字体库 - 分类字体包 - 松邦书体字体 - 书体坊章草体 → 中文字体/其他
  📂 字体库 - 分类字体包 - 松邦书体字体 - 书体坊向佳红毛笔行书 → 中文字体/其他
  📂 字体库 - 分类字体包 - 松邦书体字体 - 书体坊颜体 → 中文字体/其他
  ✓ 完成: 成功 20, 失败 0
  📄 第 248 页: 20 个需要处理
  📂 字体库 - 分类字体包 - 松邦迷你字体合集 - 4240_迷你简方叠体 → 中文字体/其他
  📂 字体库 - 分类字体包 - 松邦迷你字体合集 - 4242_迷你简雕刻体 → 中文字体/其他
  📂 字体库 - 分类字体包 - 松邦迷你字体合集 - 4238_迷你简仿宋体 → 中文字体/衬线体
  📂 字体库 - 分类字体包 - 松邦书体字体 - 书体坊郭小语钢笔楷体 → 中文字体/手写体
  📂 字体库 - 分类字体包 - 松邦迷你字体合集 - 4234_迷你简黑变体 → 中文字体/其他
  📂 字体库 - 分类字体包 - 松邦书体字体 - 书体坊米芾体 → 中文字体/其他
  📂 字体库 - 分类字体包 - 松邦迷你字体合集 - 4236_迷你简哈哈体 → 中文字体/其他
  📂 字体库 - 分类字体包 - 松邦迷你字体合集 - 4232_迷你简黑体 → 中文字体/其他
  📂 字体库 - 分类字体包 - 松邦书体字体 - 方正徐冰新英文书体 → 中文字体/其他
  📂 字体库 - 分类字体包 - 松邦书体字体 - 书体坊邓小平字体 → 中文字体/其他
  📂 字体库 - 分类字体包 - 松邦书体坊字体 - 书体坊硬笔行书3500 → 中文字体/其他
  📂 字体库 - 分类字体包 - 松邦迷你字体合集 - 4228_迷你简黄草体 → 中文字体/其他
  📂 字体库 - 分类字体包 - 松邦迷你字体合集 - 4230_迷你简花蝶体 → 中文字体/其他
  📂 字体库 - 分类字体包 - 松邦书体坊字体 - 章草 → 中文字体/其他
  📂 字体库 - 分类字体包 - 松邦迷你字体合集 - 4226_迷你简家书体 → 中文字体/其他
  📂 字体库 - 分类字体包 - 松邦书体坊字体 - 书体坊王学勤钢笔行书 → 中文字体/其他
  📂 字体库 - 分类字体包 - 松邦迷你字体合集 - 4224_迷你简贱狗体 → 中文字体/其他
  📂 字体库 - 分类字体包 - 松邦书体坊字体 - 书体坊安景臣钢笔行书 → 中文字体/其他
  📂 字体库 - 分类字体包 - 松邦书体坊字体 - 金文大篆 → 中文字体/其他
  📂 字体库 - 分类字体包 - 松邦书法字体合集 - 叶根友非主流钢笔手写体 → 中文字体/手写体
  ✓ 完成: 成功 20, 失败 0
  📄 第 249 页: 20 个需要处理
  📂 字体库 - 分类字体包 - 松邦书法字体合集 - 书体坊赵九江钢笔行书体 → 中文字体/其他
  📂 字体库 - 分类字体包 - 松邦书法字体合集 - 叶根友毛笔行书 → 中文字体/其他
  📂 字体库 - 分类字体包 - 松邦书法字体合集 - 书体坊兰亭体I → 中文字体/其他
  📂 字体库 - 分类字体包 - 松邦书法字体合集 - 薛文轩钢笔楷体 → 中文字体/手写体
  📂 字体库 - 分类字体包 - 松邦迷你字体合集 - 4222_迷你简卡通体 → 中文字体/其他
  📂 字体库 - 分类字体包 - 松邦迷你字体合集 - 4220_迷你简康体 → 中文字体/其他
  📂 字体库 - 分类字体包 - 松邦书法字体合集 - 书体坊雪纯体3500 → 中文字体/其他
  📂 字体库 - 分类字体包 - 松邦书法字体合集 - 书体坊硬笔行书3500 → 中文字体/其他
  📂 字体库 - 分类字体包 - 松邦迷你字体合集 - 4216_迷你简隶二体 → 中文字体/其他
  📂 字体库 - 分类字体包 - 松邦迷你字体合集 - 4218_迷你简立黑体 → 中文字体/其他
  📂 字体库 - 分类字体包 - 松邦书法字体合集 - 全新硬笔行书简 → 中文字体/其他
  📂 字体库 - 分类字体包 - 松邦书法字体合集 - 米芾毛笔字体 → 中文字体/其他
  📂 字体库 - 分类字体包 - 松邦迷你字体合集 - 4214_迷你简菱心体 → 中文字体/其他
  📂 字体库 - 分类字体包 - 松邦书法字体合集 - 全新硬笔楷书简 → 中文字体/手写体
  📂 字体库 - 分类字体包 - 松邦迷你字体合集 - 4212_迷你简罗卜体 → 中文字体/其他
  📂 字体库 - 分类字体包 - 松邦书法字体合集 - 欧阳询字体 → 中文字体/其他
  📂 字体库 - 分类字体包 - 松邦书法字体合集 - 柳公权楷书字体 → 中文字体/手写体
  📂 字体库 - 分类字体包 - 松邦书法字体合集 - 博洋行书7000 → 中文字体/其他
  📂 字体库 - 分类字体包 - 松邦迷你字体合集 - 4210_迷你简美黑体 → 中文字体/其他
  📂 字体库 - 分类字体包 - 松邦迷你字体合集 - 4208_迷你简胖头鱼体 → 中文字体/其他
  ✓ 完成: 成功 20, 失败 0
  📄 第 250 页: 20 个需要处理
  📂 字体库 - 分类字体包 - 松邦书法字体合集 - 博洋欧体3500 → 中文字体/其他
  📂 字体库 - 分类字体包 - 松邦迷你字体合集 - 4206_迷你简霹雳体 → 中文字体/其他
  📂 字体库 - 分类字体包 - 松邦书法字体合集 - 博洋楷体7000 → 中文字体/手写体
  📂 字体库 - 分类字体包 - 松邦书法字体合集 - 博洋草书7000 → 中文字体/其他
  📂 字体库 - 分类字体包 - 松邦迷你字体合集 - 4202_迷你简清韵体 → 中文字体/其他
  📂 字体库 - 分类字体包 - 松邦迷你字体合集 - 4204_迷你简平黑体 → 中文字体/其他
  📂 字体库 - 分类字体包 - 松邦迷你字体合集 - 4200_迷你简神工体 → 中文字体/其他
  📂 字体库 - 分类字体包 - 松邦书法家字体合集 - 4297_书法家中明体 → 中文字体/其他
  📂 字体库 - 分类字体包 - 松邦迷你字体合集 - 4198_迷你简瘦金书体 → 中文字体/其他
  📂 字体库 - 分类字体包 - 松邦书法家字体合集 - 4299_书法家综艺体 → 中文字体/其他
  📂 字体库 - 分类字体包 - 松邦书法家字体合集 - 4295_书法家中黑体 → 中文字体/其他
  📂 字体库 - 分类字体包 - 松邦迷你字体合集 - 4196_迷你简舒同体 → 中文字体/其他
  📂 字体库 - 分类字体包 - 松邦迷你字体合集 - 4194_迷你简书宋二体 → 中文字体/衬线体
  📂 字体库 - 分类字体包 - 松邦书法家字体合集 - 4293_书法家秀宋体 → 中文字体/衬线体
  📂 字体库 - 分类字体包 - 松邦迷你字体合集 - 4192_迷你简双体 → 中文字体/其他
  📂 字体库 - 分类字体包 - 松邦迷你字体合集 - 4190_迷你简水波体 → 中文字体/其他
  📂 字体库 - 分类字体包 - 松邦书法家字体合集 - 4291_书法家秀仿宋 → 中文字体/衬线体
  📂 字体库 - 分类字体包 - 松邦迷你字体合集 - 4188_迷你简水黑体 → 中文字体/其他
  📂 字体库 - 分类字体包 - 松邦迷你字体合集 - 4186_迷你简宋体 → 中文字体/衬线体
  📂 字体库 - 分类字体包 - 松邦书法家字体合集 - 4287_书法家细圆体 → 中文字体/正文字
  ✓ 完成: 成功 20, 失败 0
  📄 第 251 页: 20 个需要处理
  📂 字体库 - 分类字体包 - 松邦书法家字体合集 - 4289_书法家行楷体 → 中文字体/手写体
  📂 字体库 - 分类字体包 - 松邦迷你字体合集 - 4184_迷你简特粗黑体 → 中文字体/标题字
  📂 字体库 - 分类字体包 - 松邦书法家字体合集 - 4285_书法家细黑体 → 中文字体/正文字
  📂 字体库 - 分类字体包 - 松邦迷你字体合集 - 4182_迷你简特粗圆体 → 中文字体/标题字
  📂 字体库 - 分类字体包 - 松邦迷你字体合集 - 4178_迷你简铁筋隶书体 → 中文字体/其他
  📂 字体库 - 分类字体包 - 松邦迷你字体合集 - 4180_迷你简特细等线体 → 中文字体/正文字
  📂 字体库 - 分类字体包 - 松邦书法家字体合集 - 4283_书法家特圆体 → 中文字体/其他
  📂 字体库 - 分类字体包 - 松邦书法家字体合集 - 4281_书法家特黑体 → 中文字体/其他
  📂 字体库 - 分类字体包 - 松邦书法家字体合集 - 4279_书法家豪楷体 → 中文字体/手写体
  📂 字体库 - 分类字体包 - 松邦迷你字体合集 - 4174_迷你简细等线体 → 中文字体/正文字
  📂 字体库 - 分类字体包 - 松邦迷你字体合集 - 4172_迷你简细黑体 → 中文字体/正文字
  📂 字体库 - 分类字体包 - 松邦迷你字体合集 - 4176_迷你简魏碑体 → 中文字体/其他
  📂 字体库 - 分类字体包 - 松邦迷你字体合集 - 4170_迷你简细圆体 → 中文字体/正文字
  📂 字体库 - 分类字体包 - 松邦书法家字体合集 - 4277_书法家叠圆体 → 中文字体/其他
  📂 字体库 - 分类字体包 - 松邦迷你字体合集 - 4164_迷你简新报宋体 → 中文字体/衬线体
  📂 字体库 - 分类字体包 - 松邦迷你字体合集 - 4168_迷你简香肠体 → 中文字体/其他
  📂 字体库 - 分类字体包 - 松邦书法家字体合集 - 4275_书法家粗圆体 → 中文字体/标题字
  📂 字体库 - 分类字体包 - 松邦迷你字体合集 - 4166_迷你简小标宋体 → 中文字体/衬线体
  📂 字体库 - 分类字体包 - 松邦书法家字体合集 - 4273_书法家粗黑体 → 中文字体/标题字
  📂 字体库 - 分类字体包 - 松邦书法家字体打包 - 书法家综艺体 → 中文字体/其他
  ✓ 完成: 成功 20, 失败 0
  📄 第 252 页: 20 个需要处理
  📂 字体库 - 分类字体包 - 松邦迷你字体合集 - 4160_迷你简行楷体 → 中文字体/手写体
  📂 字体库 - 分类字体包 - 松邦迷你字体合集 - 4162_迷你简新魏碑体 → 中文字体/其他
  📂 字体库 - 分类字体包 - 松邦书法家字体打包 - 书法家中明体 → 中文字体/其他
  📂 字体库 - 分类字体包 - 松邦迷你字体合集 - 4158_迷你简秀英体 → 中文字体/其他
  📂 字体库 - 分类字体包 - 松邦书法家字体打包 - 书法家秀宋体 → 中文字体/衬线体
  📂 字体库 - 分类字体包 - 松邦迷你字体合集 - 4156_迷你简雪君体 → 中文字体/其他
  📂 字体库 - 分类字体包 - 松邦书法家字体打包 - 书法家中黑体 → 中文字体/其他
  📂 字体库 - 分类字体包 - 松邦迷你字体合集 - 4154_迷你简淹水体 → 中文字体/其他
  📂 字体库 - 分类字体包 - 松邦迷你字体合集 - 4152_迷你简姚体 → 中文字体/其他
  📂 字体库 - 分类字体包 - 松邦书法家字体打包 - 书法家秀仿宋 → 中文字体/衬线体
  📂 字体库 - 分类字体包 - 松邦书法家字体打包 - 书法家行楷体 → 中文字体/手写体
  📂 字体库 - 分类字体包 - 松邦迷你字体合集 - 4150_迷你简硬笔楷书体 → 中文字体/手写体
  📂 字体库 - 分类字体包 - 松邦迷你字体合集 - 4148_迷你简幼线体 → 中文字体/其他
  📂 字体库 - 分类字体包 - 松邦迷你字体合集 - 4146_迷你简毡笔黑体 → 中文字体/其他
  📂 字体库 - 分类字体包 - 松邦书法家字体打包 - 书法家细圆体 → 中文字体/正文字
  📂 字体库 - 分类字体包 - 松邦书法家字体打包 - 书法家细黑体 → 中文字体/正文字
  📂 字体库 - 分类字体包 - 松邦迷你字体合集 - 4142_迷你简中楷体 → 中文字体/手写体
  📂 字体库 - 分类字体包 - 松邦迷你字体合集 - 4144_迷你简中等线体 → 中文字体/其他
  📂 字体库 - 分类字体包 - 松邦书法家字体打包 - 书法家特圆体 → 中文字体/其他
  📂 字体库 - 分类字体包 - 松邦迷你字体合集 - 4140_迷你简中特广告体 → 中文字体/其他
  ✓ 完成: 成功 20, 失败 0
  📄 第 253 页: 20 个需要处理
  📂 字体库 - 分类字体包 - 松邦书法家字体打包 - 书法家特黑体 → 中文字体/其他
  📂 字体库 - 分类字体包 - 松邦书法家字体打包 - 书法家豪楷体 → 中文字体/手写体
  📂 字体库 - 分类字体包 - 松邦迷你字体合集 - 4138_迷你简中倩体 → 中文字体/其他
  📂 字体库 - 分类字体包 - 松邦迷你字体合集 - 4136_迷你简竹子体 → 中文字体/其他
  📂 字体库 - 分类字体包 - 松邦书法家字体打包 - 书法家叠圆体 → 中文字体/其他
  📂 字体库 - 分类字体包 - 松邦迷你字体合集 - 4134_迷你简字典宋体 → 中文字体/衬线体
  📂 字体库 - 分类字体包 - 松邦书法家字体打包 - 书法家粗圆体 → 中文字体/标题字
  📂 字体库 - 分类字体包 - 松邦锐字字体 - 锐字云字库行草体 → 中文字体/其他
  📂 字体库 - 分类字体包 - 松邦书法家字体打包 - 书法家粗黑体 → 中文字体/标题字
  📂 字体库 - 分类字体包 - 松邦迷你字体合集 - 4130_迷你简潇洒体 → 中文字体/其他
  📂 字体库 - 分类字体包 - 松邦迷你字体合集 - 4132_迷你简咪咪体 → 中文字体/其他
  📂 字体库 - 分类字体包 - 松邦迷你字体合集 - 4128_迷你简琥珀体 → 中文字体/其他
  📂 字体库 - 分类字体包 - 松邦锐字字体 - 锐字锐线梦想黑简V1.0 → 中文字体/其他
  📂 字体库 - 分类字体包 - 松邦迷你字体合集 - 4126_迷你简黛玉体 → 中文字体/其他
  📂 字体库 - 分类字体包 - 松邦锐字字体 - 锐字锐线俏皮简1.0 → 中文字体/其他
  📂 字体库 - 分类字体包 - 松邦锐字字体 - 锐字工房卡布奇诺美瞳简1.0 → 中文字体/其他
  📂 字体库 - 分类字体包 - 松邦蒙纳字体 - 小汽泡-嵐 - 蒙纳清华-中文 → 中文字体/其他
  📂 字体库 - 分类字体包 - 松邦蒙纳字体 - MLady HKS-蒙纳雅倩体繁 → 中文字体/其他
  📂 字体库 - 分类字体包 - 松邦锐字字体 - 锐字工房金刚大黑简1.0 → 中文字体/其他
  📂 字体库 - 分类字体包 - 松邦锐字字体 - 锐字锐线极限黑简 → 中文字体/其他
  ✓ 完成: 成功 20, 失败 0
  📄 第 254 页: 20 个需要处理
  📂 字体库 - 分类字体包 - 松邦锐字字体 - 锐字工房巅峰黑简1.0 → 中文字体/其他
  📂 字体库 - 分类字体包 - 松邦蒙纳字体 - 蒙纳圆点阵繁 → 中文字体/其他
  📂 字体库 - 分类字体包 - 松邦锐字字体 - 锐字工房光芒黑简1.0 → 中文字体/其他
  📂 字体库 - 分类字体包 - 松邦锐字字体 2 - 锐字云字库水柱体 → 中文字体/其他
  📂 字体库 - 分类字体包 - 松邦蒙纳字体 - 蒙纳优皮简 → 中文字体/其他
  📂 字体库 - 分类字体包 - 松邦锐字字体 - 锐字逼格青春体简2.0 → 中文字体/其他
  📂 字体库 - 分类字体包 - 松邦锐字字体 2 - 锐字锐线梦想黑简V1.0 → 中文字体/其他
  📂 字体库 - 分类字体包 - 松邦蒙纳字体 - 蒙纳摇扬简体 → 中文字体/其他
  📂 字体库 - 分类字体包 - 松邦锐字字体 2 - 锐字锐线极限黑简 → 中文字体/其他
  📂 字体库 - 分类字体包 - 松邦蒙纳字体 - 蒙纳颜楷繁 → 中文字体/手写体
  📂 纤兰装饰体 → 中文字体/装饰体
  📂 字体库 - 分类字体包 - 松邦蒙纳字体 - 蒙纳秀明体简 → 中文字体/衬线体
  📂 字体库 - 分类字体包 - 松邦锐字字体 2 - 锐字工房卡布奇诺美瞳简1.0 → 中文字体/等线体
  📂 蒙纳喜宴体简 → 中文字体/标题字
  📂 迷你简趣味 → 中文字体/装饰体
  📂 字体库 - 分类字体包 - 松邦蒙纳字体 - 蒙纳童稚繁 → 中文字体/装饰体
  📂 字体库 - 分类字体包 - 松邦蒙纳字体 - 蒙纳清华体简 → 中文字体/其他
  📂 字体库 - 分类字体包 - 松邦迷你字体合集 - 迷你繁王行 → 中文字体/其他
  ✓ 完成: 成功 18, 失败 0
  📄 第 255 页: 20 个需要处理
  📂 字体库 - 分类字体包 - 松邦迷你字体合集 - 迷你繁智草 → 中文字体/手写体
  📂 字体库 - 分类字体包 - 松邦迷你字体合集 - 迷你繁欧行 → 中文字体/其他
  📂 蒙纳漫画圆点手写体 → 中文字体/装饰体
  📂 字体库 - 分类字体包 - 松邦迷你字体合集 - 迷你繁柳楷 → 中文字体/手写体
  📂 字体库 - 分类字体包 - 松邦蒙纳字体 - 蒙纳隶书简 → 中文字体/衬线体
  📂 字体库 - 分类字体包 - 松邦蒙纳字体 - 蒙纳岚山隶书简 → 中文字体/装饰体
  📂 松邦迷你隶书 → 中文字体/标题字
  📂 字体库 - 分类字体包 - 松邦蒙纳字体 - 蒙纳简中黑 → 中文字体/其他
  📂 字体库 - 分类字体包 - 松邦蒙纳字体 - 蒙纳简正楷书 → 中文字体/衬线体
  📂 字体库 - 分类字体包 - 松邦迷你字体合集 - 4267_迷你简白棋体 → 中文字体/装饰体
  📂 蒙纳简长宋 → 中文字体/衬线体
  📂 字体库 - 分类字体包 - 松邦迷你字体合集 - 4263_迷你简彩蝶体 → 中文字体/装饰体
  📂 字体库 - 分类字体包 - 松邦迷你字体合集 - 4261_迷你简长美黑体 → 中文字体/其他
  📂 字体库 - 分类字体包 - 松邦迷你字体合集 - 4259_迷你简长艺体 → 中文字体/其他
  📂 字体库 - 分类字体包 - 松邦蒙纳字体 - 蒙纳简优皮 → 中文字体/其他
  📂 字体库 - 分类字体包 - 松邦迷你字体合集 - 4255_迷你简陈频破体 → 中文字体/其他
  ✓ 完成: 成功 16, 失败 0
  📄 第 256 页: 20 个需要处理
  📂 字体库 - 分类字体包 - 松邦迷你字体合集 - 4257_迷你简超粗圆体 → 中文字体/装饰体
  📂 字体库 - 分类字体包 - 松邦蒙纳字体 - 蒙纳简行书 → 中文字体/其他
  📂 字体库 - 分类字体包 - 松邦蒙纳字体 - 蒙纳简箱笔体 → 中文字体/其他
  📂 字体库 - 分类字体包 - 松邦蒙纳字体 - 蒙纳简小姚 → 中文字体/正文字
  📂 丝线极细圆体 → 中文字体/装饰体
  📂 黑体粗体 → 中文字体/标题字
  📂 仿宋粗体 → 中文字体/衬线体
  📂 字体库 - 分类字体包 - 松邦蒙纳字体 - 蒙纳简宋体 → 中文字体/衬线体
  📂 蒙纳简漫画体 → 中文字体/装饰体
  📂 字体库 - 分类字体包 - 松邦迷你字体合集 - 4247_迷你简粗圆体 → 中文字体/标题字
  📂 字体库 - 分类字体包 - 松邦蒙纳字体 - 蒙纳简岚山隶书 → 中文字体/装饰体
  📂 字体库 - 分类字体包 - 松邦蒙纳字体 - 蒙纳简楷书 → 中文字体/手写体
  📂 字体库 - 分类字体包 - 松邦蒙纳字体 - 蒙纳简黑体 → 中文字体/正文字
  📂 字体库 - 分类字体包 - 松邦迷你字体合集 - 4241_迷你简蝶语体 → 中文字体/其他
  ✓ 完成: 成功 14, 失败 0
  📄 第 257 页: 20 个需要处理
  📂 迷你简古隶体 → 中文字体/装饰体
  📂 蒙纳简古印 → 中文字体/装饰体
  📂 字体库 - 分类字体包 - 松邦迷你字体合集 - 4233_迷你简黑棋体 → 中文字体/装饰体
  📂 字体库 - 分类字体包 - 松邦蒙纳字体 - 蒙纳简仿宋 → 中文字体/衬线体
  📂 "这是一款具有高度均匀性和现代感的无衬线中文字体。其核心特征是笔画从起笔到收笔的粗细完全一致，没有任何装饰性变化，形成了极其干净、规整的视觉效果。字形结构方正且重心稳定，无论是中文还是西文字符，都展现出严谨的几何构成感。整体风格极简 → 中文字体/标题字
  📂 字体库 - 分类字体包 - 松邦蒙纳字体 - 蒙纳简粗圆 → 中文字体/标题字
  📂 字体库 - 分类字体包 - 松邦迷你字体合集 - 4229_迷你简华隶体 → 中文字体/其他
  📂 字体库 - 分类字体包 - 松邦迷你字体合集 - 4225_迷你简剪纸体 → 中文字体/其他
  📂 字体库 - 分类字体包 - 松邦迷你字体合集 - 4227_迷你简火柴体 → 中文字体/装饰体
  📂 字体库 - 分类字体包 - 松邦蒙纳字体 - 蒙纳简彩云 → 中文字体/其他
  📂 字体库 - 分类字体包 - 松邦迷你字体合集 - 4223_迷你简荆棘体 → 中文字体/其他
  📂 字体库 - 分类字体包 - 松邦蒙纳字体 - 蒙纳皇朝简 → 中文字体/其他
  📂 字体库 - 分类字体包 - 松邦蒙纳字体 - 蒙纳简彩蝶通圆 → 中文字体/其他
  📂 字体库 - 分类字体包 - 松邦迷你字体合集 - 4221_迷你简楷体 → 中文字体/手写体
  📂 字体库 - 分类字体包 - 松邦迷你字体合集 - 4219_迷你简老宋体 → 中文字体/衬线体
  ✓ 完成: 成功 15, 失败 0
  📄 第 258 页: 20 个需要处理
  📂 字体库 - 分类字体包 - 松邦迷你字体合集 - 4217_迷你简隶变体 → 中文字体/其他
  📂 字体库 - 分类字体包 - 松邦蒙纳字体 - 蒙纳古隶繁 → 中文字体/其他
  📂 字体库 - 分类字体包 - 松邦蒙纳字体 - 蒙纳方点阵繁 → 中文字体/其他
  📂 字体库 - 分类字体包 - 松邦迷你字体合集 - 4213_迷你简凌波体 → 中文字体/其他
  📂 迷你简胖娃 → 中文字体/等线体
  📂 蒙纳繁中圆 → 中文字体/正文字
  📂 字体库 - 分类字体包 - 松邦蒙纳字体 - 蒙纳繁正黑 → 中文字体/其他
  📂 字体库 - 分类字体包 - 松邦蒙纳字体 - 蒙纳繁中黑 → 中文字体/正文字
  📂 字体库 - 分类字体包 - 松邦蒙纳字体 - 蒙纳繁正线 → 中文字体/其他
  📂 字体库 - 分类字体包 - 松邦迷你字体合集 - 4205_迷你简平和体 → 中文字体/其他
  📂 字体库 - 分类字体包 - 松邦迷你字体合集 - 4203_迷你简启体 → 中文字体/其他
  📂 字体库 - 分类字体包 - 松邦迷你字体合集 - 4201_迷你简少儿体 → 中文字体/其他
  📂 字体库 - 分类字体包 - 松邦蒙纳字体 - 蒙纳繁圆黑 → 中文字体/其他
  📂 字体库 - 分类字体包 - 松邦迷你字体合集 - 4199_迷你简石头体 → 中文字体/其他
  📂 字体库 - 分类字体包 - 松邦迷你字体合集 - 4197_迷你简舒体 → 中文字体/其他
  📂 字体库 - 分类字体包 - 松邦蒙纳字体 - 蒙纳繁幼圆黑 → 中文字体/其他
  📂 蒙纳繁艺体 → 中文字体/衬线体
  ✓ 完成: 成功 17, 失败 0
  📄 第 259 页: 20 个需要处理
  📂 松邦蒙纳·繁箱笔 → 中文字体/装饰体
  📂 字体库 - 分类字体包 - 松邦蒙纳字体 - 蒙纳繁雅丽 → 中文字体/其他
  📂 字体库 - 分类字体包 - 松邦迷你字体合集 - 4195_迷你简书魂体 → 中文字体/其他
  📂 字体库 - 分类字体包 - 松邦迷你字体合集 - 4193_迷你简书宋体 → 中文字体/正文字
  📂 简几何无衬线体 → 中文字体/衬线体
  📂 字体库 - 分类字体包 - 松邦迷你字体合集 - 4187_迷你简水柱体 → 中文字体/其他
  📂 字体库 - 分类字体包 - 松邦蒙纳字体 - 蒙纳繁宋体 → 中文字体/衬线体
  📂 蒙纳繁凌惠体 → 中文字体/手写体
  📂 字体库 - 分类字体包 - 松邦迷你字体合集 - 4185_迷你简太极体 → 中文字体/装饰体
  📂 字体库 - 分类字体包 - 松邦迷你字体合集 - 4179_迷你简特圆体 → 中文字体/装饰体
  📂 迷你简特宋体 → 中文字体/衬线体
  📂 字体库 - 分类字体包 - 松邦蒙纳字体 - 蒙纳繁凌惠体-Big5 → 中文字体/其他
  📂 蒙纳繁方点阵 → 中文字体/装饰体
  📂 字体库 - 分类字体包 - 松邦迷你字体合集 - 4177_迷你简娃娃篆体 → 中文字体/其他
  📂 字体库 - 分类字体包 - 松邦迷你字体合集 - 4175_迷你简习字体 → 中文字体/其他
  ✓ 完成: 成功 15, 失败 0
  📄 第 260 页: 20 个需要处理
  📂 迷你简细行楷 → 中文字体/手写体
  📂 字体库 - 分类字体包 - 松邦蒙纳字体 - 蒙纳彩蝶通圆简 → 中文字体/其他
  📂 字体库 - 分类字体包 - 松邦迷你字体合集 - 4173_迷你简细仿宋体 → 中文字体/正文字
  📂 思源黑体风格 现代无衬线字体 → 中文字体/正文字
  📂 迷你简小隶书体 → 中文字体/衬线体
  📂 迷你简新舒体 → 中文字体/标题字
  📂 现代简等线 → 中文字体/等线体
  📂 小米MiSans → 中文字体/正文字
  📂 字体库 - 分类字体包 - 松邦迷你字体合集 - 4167_迷你简祥隶体 → 中文字体/其他
  📂 思源黑体/Noto Sans SC → 中文字体/正文字
  📂 中英文混合无衬线正文字体 → 中文字体/正文字
  📂 圆润手写体 → 中文字体/手写体
  📂 字体库 - 分类字体包 - 松邦美工常用设计师字体 - 蒙纳简超刚黑 → 中文字体/其他
  📂 雪顶体 → 中文字体/标题字
  📂 迷你简艺黑体（松邦迷你字体合集） → 中文字体/标题字
  📂 字体库 - 分类字体包 - 松邦迷你字体合集 - 4155_迷你简丫丫体 → 中文字体/其他
  📂 迷你简雁翎体 → 中文字体/装饰体
  📂 字体库 - 分类字体包 - 松邦美工常用设计师字体 - 段宁毛笔行书 → 中文字体/其他
  ✓ 完成: 成功 18, 失败 0
  📄 第 261 页: 20 个需要处理
  📂 现代手写硬笔行书体 → 中文字体/手写体
  📂 几何无衬线等宽体 → 中文字体/等线体
  📂 字体库 - 分类字体包 - 松邦美工常用设计师字体 - 汉真广标 → 中文字体/其他
  📂 字体库 - 分类字体包 - 松邦迷你字体合集 - 4147_迷你简圆立体 → 中文字体/其他
  📂 字体库 - 分类字体包 - 松邦毛笔字体合集 - missyuan-叶根友毛笔特色简体 → 中文字体/手写体
  📂 字体库 - 分类字体包 - 松邦迷你字体合集 - 4145_迷你简稚艺体 → 中文字体/其他
  📂 字体库 - 分类字体包 - 松邦经典字体 - 经典综艺体简 → 中文字体/其他
  📂 松邦简中宋体 → 中文字体/衬线体
  📂 字体库 - 分类字体包 - 松邦经典字体 - 经典行书简 → 中文字体/其他
  📂 字体库 - 分类字体包 - 松邦经典字体 - 经典长宋简 → 中文字体/衬线体
  📂 字体库 - 分类字体包 - 松邦迷你字体合集 - 4143_迷你简中黑体 → 中文字体/其他
  📂 字体库 - 分类字体包 - 松邦迷你字体合集 - 4137_迷你简竹节体 → 中文字体/其他
  📂 字体库 - 分类字体包 - 松邦经典字体 - 经典特宋简 → 中文字体/衬线体
  📂 字体库 - 分类字体包 - 松邦经典字体 - 经典细圆繁 → 中文字体/正文字
  📂 字体库 - 分类字体包 - 松邦迷你字体合集 - 4139_迷你简中圆体 → 中文字体/装饰体
  📂 字体库 - 分类字体包 - 松邦迷你字体合集 - 4135_迷你简准圆体 → 中文字体/正文字
  📂 字体库 - 分类字体包 - 松邦迷你字体合集 - 4133_迷你简综艺体 → 中文字体/其他
  📂 几何等线黑体简 → 中文字体/等线体
  📂 字体库 - 分类字体包 - 松邦经典字体 - 经典趣体简 → 中文字体/其他
  ✓ 完成: 成功 19, 失败 0
  📄 第 262 页: 20 个需要处理
  📂 迷你简妞妞体 → 中文字体/装饰体
  📂 字体库 - 分类字体包 - 松邦迷你字体合集 - 4131_迷你简嘟嘟体 → 中文字体/其他
  📂 字体库 - 分类字体包 - 松邦经典字体 - 经典隶书简 → 中文字体/衬线体
  📂 字体库 - 分类字体包 - 松邦迷你字体合集 - 4127_迷你简橄榄体 → 中文字体/其他
  📂 经典黑体简 → 中文字体/等线体
  📂 字体库 - 分类字体包 - 松邦蒙纳字体 - MYoyo PRC Medium-蒙纳摇扬简体 → 中文字体/其他
  📂 字体库 - 分类字体包 - 松邦经典字体 - 经典仿宋简 → 中文字体/衬线体
  📂 "“蒙纳中综艺简”是一款典型的无衬线中英文字体。其核心特征在于极高的几何感和规整度：笔画粗细绝对均匀，几乎没有任何粗细变化，所有起笔、收 → 中文字体/标题字
  📂 字体库 - 分类字体包 - 松邦经典字体 - 经典繁新潮 → 中文字体/其他
  📂 现代简约无衬线体 → 中文字体/正文字
  📂 字体库 - 分类字体包 - 松邦蒙纳字体 - 蒙纳幼雅丽 → 中文字体/其他
  📂 几何粗衬线 → 中文字体/标题字
  📂 松邦蒙纳颜楷体 → 中文字体/标题字
  📂 字体库 - 分类字体包 - 松邦蒙纳字体 - 蒙纳优皮繁 → 中文字体/其他
  📂 字体库 - 分类字体包 - 松邦经典字体 - 经典繁毛楷 → 中文字体/手写体
  📂 经典繁超宋 → 中文字体/衬线体
  📂 字体库 - 分类字体包 - 松邦蒙纳字体 - 蒙纳雅蔓繁体 → 中文字体/其他
  📂 字体库 - 分类字体包 - 松邦经典字体 - 经典繁方篆 → 中文字体/其他
  📂 字体模板 → 中文字体/其他
  ✓ 完成: 成功 19, 失败 0
  📄 第 263 页: 20 个需要处理
  📂 字体库 - 分类字体包 - 松邦蒙纳字体 - 蒙纳纤兰简 → 中文字体/装饰体
  📂 字体库 - 分类字体包 - 松邦经典字体 - 经典粗宋简 → 中文字体/衬线体
  📂 蒙纳囍宴体 → 中文字体/手写体
  📂 字体库 - 分类字体包 - 松邦蒙纳字体 - 蒙纳童稚简 → 中文字体/其他
  📂 字体库 - 分类字体包 - 松邦蒙纳字体 - 蒙纳石印体简 → 中文字体/其他
  📂 字体库 - 分类字体包 - 松邦经典字体 - 经典粗仿黑 → 中文字体/标题字
  📂 字体库 - 分类字体包 - 松邦蒙纳字体 - 蒙纳俏皮繁 → 中文字体/装饰体
  📂 字体库 - 分类字体包 - 松邦经典字体 - 经典标宋简 → 中文字体/衬线体
  📂 字体库 - 分类字体包 - 松邦韩文字体 - YDICrystalM-KSCpc-EUC-H → 韩文字体/其他
  📂 字体库 - 分类字体包 - 松邦蒙纳字体 - 蒙纳凌惠体繁 → 中文字体/其他
  📂 字体库 - 分类字体包 - 松邦蒙纳字体 - 蒙纳隶书繁 → 中文字体/其他
  📂 字体库 - 分类字体包 - 松邦韩文字体 - wonsam2 → 韩文字体/其他
  📂 字体库 - 分类字体包 - 松邦韩文字体 - uttm → 韩文字体/其他
  📂 字体库 - 分类字体包 - 松邦韩文字体 - SHeadG → 韩文字体/其他
  📂 字体库 - 分类字体包 - 松邦韩文字体 - SHSJON → 韩文字体/其他
  📂 字体库 - 分类字体包 - 松邦蒙纳字体 - 蒙纳简正线 → 中文字体/等线体
  📂 字体库 - 分类字体包 - 松邦蒙纳字体 - 蒙纳简正黑 → 中文字体/其他
  📂 SeUtum → 韩文字体/标题字
  ✓ 完成: 成功 18, 失败 0
  📄 第 264 页: 20 个需要处理
  📂 字体库 - 分类字体包 - 松邦韩文字体 - SC → 韩文字体/其他
  📂 字体库 - 分类字体包 - 松邦韩文字体 - pilgi → 韩文字体/其他
  📂 字体库 - 分类字体包 - 松邦蒙纳字体 - 蒙纳简幼圆 → 中文字体/等线体
  📂 字体库 - 分类字体包 - 松邦韩文字体 - Pado → 韩文字体/其他
  📂 Note Sans → 韩文字体/正文字
  📂 字体库 - 分类字体包 - 松邦蒙纳字体 - 蒙纳简雅丽 → 中文字体/等线体
  📂 字体库 - 分类字体包 - 松邦蒙纳字体 - 蒙纳简艺体 → 中文字体/其他
  📂 Mulgamo → 韩文字体/等线体
  📂 字体库 - 分类字体包 - 松邦韩文字体 - misom → 韩文字体/其他
  📂 字体库 - 分类字体包 - 松邦蒙纳字体 - 蒙纳简行楷 → 中文字体/手写体
  📂 字体库 - 分类字体包 - 松邦蒙纳字体 - 蒙纳简喜宴体P → 中文字体/其他
  📂 字体库 - 分类字体包 - 松邦蒙纳字体 - 蒙纳简纤兰 → 中文字体/其他
  📂 字体库 - 分类字体包 - 松邦韩文字体 - HYSinMyeongJo-Medium → 韩文字体/其他
  📂 字体库 - 分类字体包 - 松邦韩文字体 - kkomalb → 韩文字体/正文字
  📂 蒙纳简舒同 → 中文字体/装饰体
  📂 思源黑体风格 中文黑体 → 韩文字体/正文字
  📂 字体库 - 分类字体包 - 松邦韩文字体 - HYPMokPan-Bold → 韩文字体/标题字
  ✓ 完成: 成功 17, 失败 0
  📄 第 265 页: 20 个需要处理
  📂 蒙纳简童稚体 → 中文字体/装饰体
  📂 字体库 - 分类字体包 - 松邦韩文字体 - gudesign → 韩文字体/其他
  📂 字体库 - 分类字体包 - 松邦韩文字体 - HOOG0555 → 韩文字体/其他
  📂 Gin Sans Pro → 韩文字体/等线体
  📂 字体库 - 分类字体包 - 松邦蒙纳字体 - 蒙纳简俏皮 → 中文字体/装饰体
  📂 Gothic Sans 经典黑体 → 韩文字体/正文字
  📂 字体库 - 分类字体包 - 松邦蒙纳字体 - 蒙纳简隶书 → 中文字体/其他
  📂 字体库 - 分类字体包 - 松邦蒙纳字体 - 蒙纳简勘亭流 → 中文字体/其他
  📂 字体库 - 分类字体包 - 松邦韩文字体 - galip → 韩文字体/其他
  📂 字体库 - 分类字体包 - 松邦蒙纳字体 - 蒙纳简黑宋 → 中文字体/衬线体
  📂 字体库 - 分类字体包 - 松邦韩文字体 - donghwa → 韩文字体/其他
  📂 字体库 - 分类字体包 - 松邦韩文字体 - ggr → 韩文字体/其他
  📂 字体库 - 分类字体包 - 松邦蒙纳字体 - 蒙纳简皇朝 → 中文字体/其他
  📂 字体库 - 分类字体包 - 松邦韩文字体 - chorong → 韩文字体/其他
  📂 字体库 - 分类字体包 - 松邦韩文字体 - DFKMincho-Md → 韩文字体/其他
  📂 字体库 - 分类字体包 - 松邦蒙纳字体 - 蒙纳简古隶 → 中文字体/其他
  📂 字体库 - 分类字体包 - 松邦蒙纳字体 - 蒙纳简广告 → 中文字体/其他
  📂 字体库 - 分类字体包 - 松邦韩文字体 - boramche → 韩文字体/其他
  ✓ 完成: 成功 18, 失败 0
  📄 第 266 页: 20 个需要处理
  📂 字体库 - 分类字体包 - 松邦韩文字体 - akdm → 韩文字体/其他
  📂 字体库 - 分类字体包 - 松邦韩文字体 - ba → 韩文字体/其他
  📂 字体库 - 分类字体包 - 松邦蒙纳字体 - 蒙纳简粗宋 → 中文字体/标题字
  📂 字体库 - 分类字体包 - 松邦韩文字体 - alsam → 韩文字体/其他
  📂 字体库 - 分类字体包 - 松邦广告字体合集 - 文鼎中特廣告體 → 中文字体/其他
  📂 字体库 - 分类字体包 - 松邦蒙纳字体 - 蒙纳简超刚黑 → 中文字体/其他
  📂 字体库 - 分类字体包 - 松邦广告公司英文字体 - 973-CAI978 → 中文字体/其他
  📂 字体库 - 分类字体包 - 松邦广告公司英文字体 - 977-CAI978 → 中文字体/其他
  📂 字体库 - 分类字体包 - 松邦蒙纳字体 - 蒙纳简粗黑 → 中文字体/标题字
  📂 字体库 - 分类字体包 - 松邦蒙纳字体 - 蒙纳简彩蝶圆 → 中文字体/其他
  📂 字体库 - 分类字体包 - 松邦广告公司英文字体 - 975-CAI978 → 中文字体/其他
  📂 字体库 - 分类字体包 - 松邦蒙纳字体 - 蒙纳简版黑 → 中文字体/其他
  📂 字体库 - 分类字体包 - 松邦广告公司英文字体 - 971-CAI978 → 中文字体/其他
  📂 字体库 - 分类字体包 - 松邦蒙纳字体 - 蒙纳海报简体 → 中文字体/其他
  📂 字体库 - 分类字体包 - 松邦广告公司英文字体 - 969-CAI978 → 中文字体/其他
  📂 字体库 - 分类字体包 - 松邦广告公司英文字体 - 967-CAI978 → 中文字体/其他
  📂 字体库 - 分类字体包 - 松邦广告公司英文字体 - 965-CAI978 → 中文字体/其他
  📂 字体库 - 分类字体包 - 松邦广告公司英文字体 - 961-CAI978 → 中文字体/其他
  📂 字体库 - 分类字体包 - 松邦蒙纳字体 - 蒙纳分涧体简 → 中文字体/其他
  ✓ 完成: 成功 19, 失败 0
  📄 第 267 页: 20 个需要处理
  📂 字体库 - 分类字体包 - 松邦广告公司英文字体 - 963-CAI978 → 中文字体/其他
  📂 字体库 - 分类字体包 - 松邦蒙纳字体 - 蒙纳繁综艺 → 中文字体/其他
  📂 字体库 - 分类字体包 - 松邦广告公司英文字体 - 957-CAI978 → 中文字体/其他
  📂 字体库 - 分类字体包 - 松邦广告公司英文字体 - 955-CAI978 → 中文字体/其他
  📂 字体库 - 分类字体包 - 松邦广告公司英文字体 - 959-CAI978 → 中文字体/其他
  📂 字体库 - 分类字体包 - 松邦蒙纳字体 - 蒙纳繁中和羽衣体T → 中文字体/其他
  📂 字体库 - 分类字体包 - 松邦蒙纳字体 - 蒙纳繁中宋 → 中文字体/衬线体
  📂 字体库 - 分类字体包 - 松邦广告公司英文字体 - 949-CAI978 → 中文字体/其他
  📂 字体库 - 分类字体包 - 松邦广告公司英文字体 - 951-CAI978 → 中文字体/其他
  📂 字体库 - 分类字体包 - 松邦广告公司英文字体 - 953-CAI978 → 中文字体/其他
  📂 字体库 - 分类字体包 - 松邦蒙纳字体 - 蒙纳繁正楷书 → 中文字体/手写体
  📂 字体库 - 分类字体包 - 松邦蒙纳字体 - 蒙纳繁长宋 → 中文字体/衬线体
  📂 字体库 - 分类字体包 - 松邦广告公司英文字体 - 945-CAI978 → 中文字体/其他
  📂 字体库 - 分类字体包 - 松邦蒙纳字体 - 蒙纳繁圆点阵 → 中文字体/其他
  📂 字体库 - 分类字体包 - 松邦广告公司英文字体 - 943-CAI978 → 中文字体/其他
  📂 字体库 - 分类字体包 - 松邦广告公司英文字体 - 947-CAI978 → 中文字体/其他
  📂 字体库 - 分类字体包 - 松邦蒙纳字体 - 蒙纳繁颜楷 → 中文字体/手写体
  📂 字体库 - 分类字体包 - 松邦广告公司英文字体 - 941-CAI978 → 中文字体/其他
  📂 字体库 - 分类字体包 - 松邦广告公司英文字体 - 939-CAI978 → 中文字体/其他
  📂 字体库 - 分类字体包 - 松邦蒙纳字体 - 蒙纳繁幼圆 → 中文字体/其他
  ✓ 完成: 成功 20, 失败 0
  📄 第 268 页: 20 个需要处理
  📂 字体库 - 分类字体包 - 松邦广告公司英文字体 - 935-CAI978 → 中文字体/其他
  📂 字体库 - 分类字体包 - 松邦广告公司英文字体 - 937-CAI978 → 中文字体/其他
  📂 字体库 - 分类字体包 - 松邦广告公司英文字体 - 933-CAI978 → 中文字体/其他
  📂 字体库 - 分类字体包 - 松邦蒙纳字体 - 蒙纳繁小隶 → 中文字体/其他
  📂 字体库 - 分类字体包 - 松邦蒙纳字体 - 蒙纳繁纤兰 → 中文字体/其他
  📂 字体库 - 分类字体包 - 松邦广告公司英文字体 - 931-CAI978 → 中文字体/其他
  📂 字体库 - 分类字体包 - 松邦广告公司英文字体 - 925-CAI978 → 中文字体/其他
  📂 字体库 - 分类字体包 - 松邦蒙纳字体 - 蒙纳繁舒同 → 中文字体/其他
  📂 字体库 - 分类字体包 - 松邦广告公司英文字体 - 929-CAI978 → 中文字体/其他
  📂 字体库 - 分类字体包 - 松邦广告公司英文字体 - 927-CAI978 → 中文字体/其他
  📂 字体库 - 分类字体包 - 松邦广告公司英文字体 - 919-CAI978 → 中文字体/其他
  📂 字体库 - 分类字体包 - 松邦蒙纳字体 - 蒙纳繁童稚 → 中文字体/其他
  📂 字体库 - 分类字体包 - 松邦蒙纳字体 - 蒙纳繁凌惠体F → 中文字体/其他
  📂 字体库 - 分类字体包 - 松邦广告公司英文字体 - 921-CAI978 → 中文字体/其他
  📂 字体库 - 分类字体包 - 松邦广告公司英文字体 - 923-CAI978 → 中文字体/其他
  📂 字体库 - 分类字体包 - 松邦蒙纳字体 - 蒙纳繁俏皮 → 中文字体/其他
  📂 字体库 - 分类字体包 - 松邦蒙纳字体 - 蒙纳繁版黑 → 中文字体/其他
  📂 字体库 - 分类字体包 - 松邦蒙纳字体 - 蒙纳繁皇朝 → 中文字体/其他
  📂 字体库 - 分类字体包 - 松邦广告公司英文字体 - 915-CAI978 → 中文字体/其他
  📂 字体库 - 分类字体包 - 松邦广告公司英文字体 - 917-CAI978 → 中文字体/其他
  ✓ 完成: 成功 20, 失败 0
  📄 第 269 页: 20 个需要处理
  📂 字体库 - 分类字体包 - 松邦广告公司英文字体 - 913-CAI978 → 中文字体/其他
  📂 字体库 - 分类字体包 - 松邦广告公司英文字体 - 907-CAI978 → 中文字体/其他
  📂 字体库 - 分类字体包 - 松邦蒙纳字体 - 蒙纳粗纤兰简 → 中文字体/标题字
  📂 字体库 - 分类字体包 - 松邦广告公司英文字体 - 909-CAI978 → 中文字体/其他
  📂 字体库 - 分类字体包 - 松邦广告公司英文字体 - 911-CAI978 → 中文字体/其他
  📂 字体库 - 分类字体包 - 松邦美工常用设计师字体 - msyhbd → 中文字体/其他
  📂 字体库 - 分类字体包 - 松邦广告公司英文字体 - 901-CAI978 → 中文字体/其他
  📂 字体库 - 分类字体包 - 松邦美工常用设计师字体 - 文鼎中特广告体 → 中文字体/其他
  📂 字体库 - 分类字体包 - 松邦广告公司英文字体 - 905-CAI978 → 中文字体/其他
  📂 字体库 - 分类字体包 - 松邦广告公司英文字体 - 903-CAI978 → 中文字体/其他
  📂 字体库 - 分类字体包 - 松邦美工常用设计师字体 - 日文毛笔字体 → 日文字体/其他
  📂 字体库 - 分类字体包 - 松邦广告公司英文字体 - 899-CAI978 → 中文字体/其他
  📂 字体库 - 分类字体包 - 松邦美工常用设计师字体 - 苏新诗卵石体 → 中文字体/其他
  📂 字体库 - 分类字体包 - 松邦广告公司英文字体 - 897-CAI978 → 中文字体/其他
  📂 字体库 - 分类字体包 - 松邦广告公司英文字体 - 895-CAI978 → 中文字体/其他
  📂 字体库 - 分类字体包 - 松邦美工常用设计师字体 - 浪漫雅圆 → 中文字体/其他
  📂 字体库 - 分类字体包 - 松邦广告公司英文字体 - 891-CAI978 → 中文字体/其他
  📂 字体库 - 分类字体包 - 松邦美工常用设计师字体 - 华康雅宋体 → 中文字体/衬线体
  📂 字体库 - 分类字体包 - 松邦美工常用设计师字体 - 胡晓波美心常规体 → 中文字体/其他
  📂 字体库 - 分类字体包 - 松邦广告公司英文字体 - 893-CAI978 → 中文字体/其他
  ✓ 完成: 成功 20, 失败 0
  📄 第 270 页: 20 个需要处理
  📂 字体库 - 分类字体包 - 松邦广告公司英文字体 - 889-CAI978 → 中文字体/其他
  📂 字体库 - 分类字体包 - 松邦广告公司英文字体 - 885-CAI978 → 中文字体/其他
  📂 字体库 - 分类字体包 - 松邦广告公司英文字体 - 887-CAI978 → 中文字体/其他
  📂 字体库 - 分类字体包 - 松邦美工常用设计师字体 - 百度综艺简体 → 中文字体/其他
  📂 字体库 - 分类字体包 - 松邦美工常用设计师字体 - 汉鼎简行书 → 中文字体/其他
  📂 字体库 - 分类字体包 - 松邦广告公司英文字体 - 883-CAI978 → 中文字体/其他
  📂 字体库 - 分类字体包 - 松邦毛笔字体合集 - missyuan-叶根友毛笔行书简体 → 中文字体/其他
  📂 字体库 - 分类字体包 - 松邦广告公司英文字体 - 881-CAI978 → 中文字体/其他
  📂 字体库 - 分类字体包 - 松邦广告公司英文字体 - 879-CAI978 → 中文字体/其他
  📂 字体库 - 分类字体包 - 松邦毛笔字体合集 - 钟齐翰墨毛笔 → 中文字体/其他
  📂 字体库 - 分类字体包 - 松邦广告公司英文字体 - 877-CAI978 → 中文字体/其他
  📂 字体库 - 分类字体包 - 松邦经典字体 - 经典中圆简 → 中文字体/其他
  📂 字体库 - 分类字体包 - 松邦经典字体 - 经典圆体简 → 中文字体/其他
  📂 字体库 - 分类字体包 - 松邦广告公司英文字体 - 873-CAI978 → 中文字体/其他
  📂 字体库 - 分类字体包 - 松邦广告公司英文字体 - 871-CAI978 → 中文字体/其他
  📂 字体库 - 分类字体包 - 松邦广告公司英文字体 - 875-CAI978 → 中文字体/其他
  📂 字体库 - 分类字体包 - 松邦广告公司英文字体 - 865-CAI978 → 中文字体/其他
  📂 字体库 - 分类字体包 - 松邦广告公司英文字体 - 863-CAI978 → 中文字体/其他
  📂 字体库 - 分类字体包 - 松邦广告公司英文字体 - 867-CAI978 → 中文字体/其他
  📂 字体库 - 分类字体包 - 松邦经典字体 - 经典细圆简 → 中文字体/正文字
  ✓ 完成: 成功 20, 失败 0
  📄 第 271 页: 20 个需要处理
  📂 字体库 - 分类字体包 - 松邦经典字体 - 经典细隶书简 → 中文字体/正文字
  📂 字体库 - 分类字体包 - 松邦广告公司英文字体 - 869-CAI978 → 中文字体/其他
  📂 字体库 - 分类字体包 - 松邦广告公司英文字体 - 861-CAI978 → 中文字体/其他
  📂 字体库 - 分类字体包 - 松邦经典字体 - 经典特黑简 → 中文字体/其他
  📂 字体库 - 分类字体包 - 松邦经典字体 - 经典平黑简 → 中文字体/其他
  📂 字体库 - 分类字体包 - 松邦广告公司英文字体 - 859-CAI978 → 中文字体/其他
  📂 字体库 - 分类字体包 - 松邦广告公司英文字体 - 857-CAI978 → 中文字体/其他
  📂 字体库 - 分类字体包 - 松邦经典字体 - 经典毛笔字体 → 中文字体/其他
  📂 字体库 - 分类字体包 - 松邦经典字体 - 经典隶变简 → 中文字体/其他
  📂 字体库 - 分类字体包 - 松邦经典字体 - 经典楷体简 → 中文字体/手写体
  📂 字体库 - 分类字体包 - 松邦广告公司英文字体 - 851-CAI978 → 中文字体/其他
  📂 字体库 - 分类字体包 - 松邦广告公司英文字体 - 853-CAI978 → 中文字体/其他
  📂 字体库 - 分类字体包 - 松邦广告公司英文字体 - 847-CAI978 → 中文字体/其他
  📂 字体库 - 分类字体包 - 松邦广告公司英文字体 - 855-CAI978 → 中文字体/其他
  📂 字体库 - 分类字体包 - 松邦经典字体 - 经典繁印篆 → 中文字体/其他
  📂 字体库 - 分类字体包 - 松邦广告公司英文字体 - 845-CAI978 → 中文字体/其他
  📂 字体库 - 分类字体包 - 松邦经典字体 - 经典仿圆 → 中文字体/其他
  📂 字体库 - 分类字体包 - 松邦广告公司英文字体 - 849-CAI978 → 中文字体/其他
  📂 字体库 - 分类字体包 - 松邦广告公司英文字体 - 841-CAI978 → 中文字体/其他
  📂 字体库 - 分类字体包 - 松邦经典字体 - 经典繁平黑 → 中文字体/其他
  ✓ 完成: 成功 20, 失败 0
  📄 第 272 页: 20 个需要处理
  📂 字体库 - 分类字体包 - 松邦广告公司英文字体 - 839-CAI978 → 中文字体/其他
  📂 字体库 - 分类字体包 - 松邦广告公司英文字体 - 843-CAI978 → 中文字体/其他
  📂 字体库 - 分类字体包 - 松邦广告公司英文字体 - 837-CAI978 → 中文字体/其他
  📂 字体库 - 分类字体包 - 松邦经典字体 - 经典繁行书 → 中文字体/其他
  📂 字体库 - 分类字体包 - 松邦广告公司英文字体 - 835-CAI978 → 中文字体/其他
  📂 字体库 - 分类字体包 - 松邦经典字体 - 经典繁仿圆 → 中文字体/其他
  📂 字体库 - 分类字体包 - 松邦经典字体 - 经典繁角篆 → 中文字体/其他
  📂 字体库 - 分类字体包 - 松邦广告公司英文字体 - 833-CAI978 → 中文字体/其他
  📂 字体库 - 分类字体包 - 松邦广告公司英文字体 - 829-CAI978 → 中文字体/其他
  📂 字体库 - 分类字体包 - 松邦广告公司英文字体 - 831-CAI978 → 中文字体/其他
  📂 字体库 - 分类字体包 - 松邦广告公司英文字体 - 827-CAI978 → 中文字体/其他
  📂 字体库 - 分类字体包 - 松邦广告公司英文字体 - 825-CAI978 → 中文字体/其他
  📂 字体库 - 分类字体包 - 松邦经典字体 - 经典叠圆体简 → 中文字体/其他
  📂 字体库 - 分类字体包 - 松邦经典字体 - 经典繁淡古 → 中文字体/其他
  📂 字体库 - 分类字体包 - 松邦经典字体 - 经典粗圆简 → 中文字体/标题字
  📂 字体库 - 分类字体包 - 松邦经典字体 - 经典粗黑简 → 中文字体/标题字
  📂 字体库 - 分类字体包 - 松邦广告公司英文字体 - 819-CAI978 → 中文字体/其他
  📂 字体库 - 分类字体包 - 松邦广告公司英文字体 - 821-CAI978 → 中文字体/其他
  📂 字体库 - 分类字体包 - 松邦广告公司英文字体 - 813-CAI978 → 中文字体/其他
  📂 字体库 - 分类字体包 - 松邦广告公司英文字体 - 823-CAI978 → 中文字体/其他
  ✓ 完成: 成功 20, 失败 0
  📄 第 273 页: 20 个需要处理
  📂 字体库 - 分类字体包 - 松邦广告公司英文字体 - 815-CAI978 → 中文字体/其他
  📂 字体库 - 分类字体包 - 松邦广告公司英文字体 - 817-CAI978 → 中文字体/其他
  📂 字体库 - 分类字体包 - 松邦经典字体 - 经典超圆简 → 中文字体/其他
  📂 字体库 - 分类字体包 - 松邦韩文字体 - YDIBaekm-KSCpc-EUC-H → 韩文字体/其他
  📂 字体库 - 分类字体包 - 松邦韩文字体 - zalms → 韩文字体/其他
  📂 字体库 - 分类字体包 - 松邦广告公司英文字体 - 809-CAI978 → 中文字体/其他
  📂 字体库 - 分类字体包 - 松邦韩文字体 - wonsam1 → 韩文字体/其他
  📂 字体库 - 分类字体包 - 松邦韩文字体 - shtjc → 韩文字体/其他
  📂 字体库 - 分类字体包 - 松邦广告公司英文字体 - 807-CAI978 → 中文字体/其他
  📂 字体库 - 分类字体包 - 松邦广告公司英文字体 - 811-CAI978 → 中文字体/其他
  📂 字体库 - 分类字体包 - 松邦韩文字体 - tsdr → 韩文字体/其他
  📂 字体库 - 分类字体包 - 松邦韩文字体 - sgche → 韩文字体/其他
  📂 字体库 - 分类字体包 - 松邦韩文字体 - shinsam → 韩文字体/其他
  📂 字体库 - 分类字体包 - 松邦广告公司英文字体 - 803-CAI978 → 中文字体/其他
  📂 字体库 - 分类字体包 - 松邦广告公司英文字体 - 801-CAI978 → 中文字体/其他
  📂 字体库 - 分类字体包 - 松邦广告公司英文字体 - 805-CAI978 → 中文字体/其他
  📂 字体库 - 分类字体包 - 松邦广告公司英文字体 - 797-CAI978 → 中文字体/其他
  📂 字体库 - 分类字体包 - 松邦韩文字体 - scche → 韩文字体/其他
  📂 字体库 - 分类字体包 - 松邦韩文字体 - prumche → 韩文字体/其他
  📂 字体库 - 分类字体包 - 松邦韩文字体 - penglsi → 韩文字体/其他
  ✓ 完成: 成功 20, 失败 0
  📄 第 274 页: 20 个需要处理
  📂 字体库 - 分类字体包 - 松邦广告公司英文字体 - 799-CAI978 → 中文字体/其他
  📂 字体库 - 分类字体包 - 松邦广告公司英文字体 - 795-CAI978 → 中文字体/其他
  📂 字体库 - 分类字体包 - 松邦韩文字体 - Nuggim → 韩文字体/其他
  📂 字体库 - 分类字体包 - 松邦韩文字体 - misob → 韩文字体/其他
  📂 字体库 - 分类字体包 - 松邦广告公司英文字体 - 791-CAI978 → 中文字体/其他
  📂 字体库 - 分类字体包 - 松邦广告公司英文字体 - 793-CAI978 → 中文字体/其他
  📂 字体库 - 分类字体包 - 松邦广告公司英文字体 - 789-CAI978 → 中文字体/其他
  📂 字体库 - 分类字体包 - 松邦韩文字体 - neon → 韩文字体/其他
  📂 字体库 - 分类字体包 - 松邦广告公司英文字体 - 787-CAI978 → 中文字体/其他
  📂 字体库 - 分类字体包 - 松邦韩文字体 - msche → 韩文字体/其他
  📂 字体库 - 分类字体包 - 松邦广告公司英文字体 - 781-CAI978 → 中文字体/其他
  📂 字体库 - 分类字体包 - 松邦广告公司英文字体 - 783-CAI978 → 中文字体/其他
  📂 字体库 - 分类字体包 - 松邦韩文字体 - kkomal → 韩文字体/其他
  📂 字体库 - 分类字体包 - 松邦韩文字体 - kkomam → 韩文字体/其他
  📂 字体库 - 分类字体包 - 松邦韩文字体 - mbwool → 韩文字体/其他
  📂 字体库 - 分类字体包 - 松邦广告公司英文字体 - 785-CAI978 → 中文字体/其他
  📂 字体库 - 分类字体包 - 松邦广告公司英文字体 - 779-CAI978 → 中文字体/其他
  📂 字体库 - 分类字体包 - 松邦广告公司英文字体 - 773-CAI978 → 中文字体/其他
  📂 字体库 - 分类字体包 - 松邦广告公司英文字体 - 775-CAI978 → 中文字体/其他
  📂 字体库 - 分类字体包 - 松邦广告公司英文字体 - 777-CAI978 → 中文字体/其他
  ✓ 完成: 成功 20, 失败 0
  📄 第 275 页: 20 个需要处理
  📂 字体库 - 分类字体包 - 松邦韩文字体 - HOOG0554 → 韩文字体/其他
  📂 字体库 - 分类字体包 - 松邦韩文字体 - hsg → 韩文字体/其他
  📂 字体库 - 分类字体包 - 松邦韩文字体 - HYSinMun-MyeongJo → 韩文字体/其他
  📂 字体库 - 分类字体包 - 松邦韩文字体 - hansam → 韩文字体/其他
  📂 字体库 - 分类字体包 - 松邦广告公司英文字体 - 767-CAI978 → 中文字体/其他
  📂 字体库 - 分类字体包 - 松邦广告公司英文字体 - 771-CAI978 → 中文字体/其他
  📂 字体库 - 分类字体包 - 松邦韩文字体 - goindol → 韩文字体/其他
  📂 字体库 - 分类字体包 - 松邦韩文字体 - GTL → 韩文字体/其他
  📂 字体库 - 分类字体包 - 松邦广告公司英文字体 - 769-CAI978 → 中文字体/其他
  📂 字体库 - 分类字体包 - 松邦韩文字体 - ganada → 韩文字体/其他
  📂 字体库 - 分类字体包 - 松邦广告公司英文字体 - 763-CAI978 → 中文字体/其他
  📂 字体库 - 分类字体包 - 松邦广告公司英文字体 - 759-CAI978 → 中文字体/其他
  📂 字体库 - 分类字体包 - 松邦广告公司英文字体 - 761-CAI978 → 中文字体/其他
  📂 字体库 - 分类字体包 - 松邦韩文字体 - ghtjc → 韩文字体/其他
  📂 字体库 - 分类字体包 - 松邦广告公司英文字体 - 765-CAI978 → 中文字体/其他
  📂 字体库 - 分类字体包 - 松邦韩文字体 - dongpan → 韩文字体/其他
  📂 字体库 - 分类字体包 - 松邦广告公司英文字体 - 757-CAI978 → 中文字体/其他
  📂 字体库 - 分类字体包 - 松邦韩文字体 - dggrpic → 韩文字体/其他
  📂 字体库 - 分类字体包 - 松邦韩文字体 - btoche → 韩文字体/其他
  📂 字体库 - 分类字体包 - 松邦韩文字体 - DFKGothic-Md → 韩文字体/其他
  ✓ 完成: 成功 20, 失败 0
  📄 第 276 页: 20 个需要处理
  📂 字体库 - 分类字体包 - 松邦广告公司英文字体 - 753-CAI978 → 中文字体/其他
  📂 字体库 - 分类字体包 - 松邦广告公司英文字体 - 755-CAI978 → 中文字体/其他
  📂 字体库 - 分类字体包 - 松邦广告公司英文字体 - 751-CAI978 → 中文字体/其他
  📂 字体库 - 分类字体包 - 松邦广告公司英文字体 - 749-CAI978 → 中文字体/其他
  📂 字体库 - 分类字体包 - 松邦韩文字体 - ansangs → 韩文字体/其他
  📂 字体库 - 分类字体包 - 松邦广告公司英文字体 - 747-CAI978 → 中文字体/其他
  📂 字体库 - 分类字体包 - 松邦韩文字体 - ballpen → 韩文字体/其他
  📂 字体库 - 分类字体包 - 松邦韩文字体 - akdmb → 韩文字体/其他
  📂 字体库 - 分类字体包 - 松邦广告公司英文字体 - 741-CAI978 → 中文字体/其他
  📂 字体库 - 分类字体包 - 松邦广告公司英文字体 - 976-CAI978 → 中文字体/其他
  📂 字体库 - 分类字体包 - 松邦广告公司英文字体 - 978-CAI978 → 中文字体/其他
  📂 字体库 - 分类字体包 - 松邦广告公司英文字体 - 739-CAI978 → 中文字体/其他
  📂 字体库 - 分类字体包 - 松邦广告公司英文字体 - 745-CAI978 → 中文字体/其他
  📂 字体库 - 分类字体包 - 松邦广告字体合集 - 长城广告体繁 → 中文字体/其他
  📂 字体库 - 分类字体包 - 松邦广告公司英文字体 - 743-CAI978 → 中文字体/其他
  📂 字体库 - 分类字体包 - 松邦广告公司英文字体 - 735-CAI978 → 中文字体/其他
  📂 字体库 - 分类字体包 - 松邦广告公司英文字体 - 733-CAI978 → 中文字体/其他
  📂 字体库 - 分类字体包 - 松邦广告公司英文字体 - 737-CAI978 → 中文字体/其他
  📂 字体库 - 分类字体包 - 松邦广告公司英文字体 - 974-CAI978 → 中文字体/其他
  📂 字体库 - 分类字体包 - 松邦广告公司英文字体 - 972-CAI978 → 中文字体/其他
  ✓ 完成: 成功 20, 失败 0
  📄 第 277 页: 20 个需要处理
  📂 字体库 - 分类字体包 - 松邦广告公司英文字体 - 970-CAI978 → 中文字体/其他
  📂 字体库 - 分类字体包 - 松邦广告公司英文字体 - 725-CAI978 → 中文字体/其他
  📂 字体库 - 分类字体包 - 松邦广告公司英文字体 - 962-CAI978 → 中文字体/其他
  📂 字体库 - 分类字体包 - 松邦广告公司英文字体 - 964-CAI978 → 中文字体/其他
  📂 字体库 - 分类字体包 - 松邦广告公司英文字体 - 729-CAI978 → 中文字体/其他
  📂 字体库 - 分类字体包 - 松邦广告公司英文字体 - 731-CAI978 → 中文字体/其他
  📂 字体库 - 分类字体包 - 松邦广告公司英文字体 - 968-CAI978 → 中文字体/其他
  📂 字体库 - 分类字体包 - 松邦广告公司英文字体 - 727-CAI978 → 中文字体/其他
  📂 字体库 - 分类字体包 - 松邦广告公司英文字体 - 956-CAI978 → 中文字体/其他
  📂 字体库 - 分类字体包 - 松邦广告公司英文字体 - 966-CAI978 → 中文字体/其他
  📂 字体库 - 分类字体包 - 松邦广告公司英文字体 - 719-CAI978 → 中文字体/其他
  📂 字体库 - 分类字体包 - 松邦广告公司英文字体 - 721-CAI978 → 中文字体/其他
  📂 字体库 - 分类字体包 - 松邦广告公司英文字体 - 958-CAI978 → 中文字体/其他
  📂 字体库 - 分类字体包 - 松邦广告公司英文字体 - 960-CAI978 → 中文字体/其他
  📂 字体库 - 分类字体包 - 松邦广告公司英文字体 - 723-CAI978 → 中文字体/其他
  📂 字体库 - 分类字体包 - 松邦广告公司英文字体 - 713-CAI978 → 中文字体/其他
  📂 字体库 - 分类字体包 - 松邦广告公司英文字体 - 950-CAI978 → 中文字体/其他
  📂 字体库 - 分类字体包 - 松邦广告公司英文字体 - 948-CAI978 → 中文字体/其他
  📂 字体库 - 分类字体包 - 松邦广告公司英文字体 - 715-CAI978 → 中文字体/其他
  📂 字体库 - 分类字体包 - 松邦广告公司英文字体 - 711-CAI978 → 中文字体/其他
  ✓ 完成: 成功 20, 失败 0
  📄 第 278 页: 20 个需要处理
  📂 字体库 - 分类字体包 - 松邦广告公司英文字体 - 717-CAI978 → 中文字体/其他
  📂 字体库 - 分类字体包 - 松邦广告公司英文字体 - 952-CAI978 → 中文字体/其他
  📂 字体库 - 分类字体包 - 松邦广告公司英文字体 - 954-CAI978 → 中文字体/其他
  📂 字体库 - 分类字体包 - 松邦广告公司英文字体 - 946-CAI978 → 中文字体/其他
  📂 字体库 - 分类字体包 - 松邦广告公司英文字体 - 707-CAI978 → 中文字体/其他
  📂 字体库 - 分类字体包 - 松邦广告公司英文字体 - 944-CAI978 → 中文字体/其他
  📂 字体库 - 分类字体包 - 松邦广告公司英文字体 - 940-CAI978 → 中文字体/其他
  📂 字体库 - 分类字体包 - 松邦广告公司英文字体 - 703-CAI978 → 中文字体/其他
  📂 字体库 - 分类字体包 - 松邦广告公司英文字体 - 705-CAI978 → 中文字体/其他
  📂 字体库 - 分类字体包 - 松邦广告公司英文字体 - 942-CAI978 → 中文字体/其他
  📂 字体库 - 分类字体包 - 松邦广告公司英文字体 - 709-CAI978 → 中文字体/其他
  📂 字体库 - 分类字体包 - 松邦广告公司英文字体 - 701-CAI978 → 中文字体/其他
  📂 字体库 - 分类字体包 - 松邦广告公司英文字体 - 934-CAI978 → 中文字体/其他
  📂 字体库 - 分类字体包 - 松邦广告公司英文字体 - 938-CAI978 → 中文字体/其他
  📂 字体库 - 分类字体包 - 松邦广告公司英文字体 - 699-CAI978 → 中文字体/其他
  📂 字体库 - 分类字体包 - 松邦广告公司英文字体 - 697-CAI978 → 中文字体/其他
  📂 字体库 - 分类字体包 - 松邦广告公司英文字体 - 928-CAI978 → 中文字体/其他
  📂 字体库 - 分类字体包 - 松邦广告公司英文字体 - 936-CAI978 → 中文字体/其他
  📂 字体库 - 分类字体包 - 松邦广告公司英文字体 - 930-CAI978 → 中文字体/其他
  📂 字体库 - 分类字体包 - 松邦广告公司英文字体 - 693-CAI978 → 中文字体/其他
  ✓ 完成: 成功 20, 失败 0
  📄 第 279 页: 20 个需要处理
  📂 字体库 - 分类字体包 - 松邦广告公司英文字体 - 689-CAI978 → 中文字体/其他
  📂 字体库 - 分类字体包 - 松邦广告公司英文字体 - 695-CAI978 → 中文字体/其他
  📂 字体库 - 分类字体包 - 松邦广告公司英文字体 - 932-CAI978 → 中文字体/其他
  📂 字体库 - 分类字体包 - 松邦广告公司英文字体 - 691-CAI978 → 中文字体/其他
  📂 字体库 - 分类字体包 - 松邦广告公司英文字体 - 926-CAI978 → 中文字体/其他
  📂 字体库 - 分类字体包 - 松邦广告公司英文字体 - 924-CAI978 → 中文字体/其他
  📂 字体库 - 分类字体包 - 松邦广告公司英文字体 - 922-CAI978 → 中文字体/其他
  📂 字体库 - 分类字体包 - 松邦广告公司英文字体 - 687-CAI978 → 中文字体/其他
  📂 复古广告内联装饰体 → 中文字体/其他
  📂 字体库 - 分类字体包 - 松邦广告公司英文字体 - 920-CAI978 → 中文字体/其他
  📂 字体库 - 分类字体包 - 松邦广告公司英文字体 - 683-CAI978 → 中文字体/其他
  📂 字体库 - 分类字体包 - 松邦广告公司英文字体 - 918-CAI978 → 中文字体/其他
  📂 677-CAI978 → 中文字体/装饰体
  📂 字体库 - 分类字体包 - 松邦广告公司英文字体 - 681-CAI978 → 中文字体/其他
  📂 字体库 - 分类字体包 - 松邦广告公司英文字体 - 914-CAI978 → 中文字体/其他
  📂 哥特装饰体 - 908 → 中文字体/装饰体
  📂 CAI978 Decorative Italic → 中文字体/装饰体
  ✓ 完成: 成功 17, 失败 0
  📄 第 280 页: 20 个需要处理
  📂 锐线正文体 → 中文字体/正文字
  📂 字体库 - 分类字体包 - 松邦广告公司英文字体 - 671-CAI978 → 中文字体/其他
  📂 字体库 - 分类字体包 - 松邦广告公司英文字体 - 906-CAI978 → 中文字体/其他
  📂 字体库 - 分类字体包 - 松邦广告公司英文字体 - 910-CAI978 → 中文字体/其他
  📂 松邦通用无衬线体 Regular → 中文字体/正文字
  📂 字体库 - 分类字体包 - 松邦广告公司英文字体 - 900-CAI978 → 中文字体/其他
  📂 CAI978 素描手绘英文 → 中文字体/装饰体
  📂 字体库 - 分类字体包 - 松邦广告公司英文字体 - 904-CAI978 → 中文字体/其他
  📂 字体库 - 分类字体包 - 松邦广告公司英文字体 - 665-CAI978 → 中文字体/其他
  📂 字体库 - 分类字体包 - 松邦广告公司英文字体 - 898-CAI978 → 中文字体/其他
  📂 方正无衬线等线体 → 中文字体/正文字
  📂 字体库 - 分类字体包 - 松邦广告公司英文字体 - 894-CAI978 → 中文字体/其他
  📂 凯旋衬线体 → 中文字体/衬线体
  📂 字体库 - 分类字体包 - 松邦广告公司英文字体 - 657-CAI978 → 中文字体/其他
  📂 CAI978-轻松手写体 → 中文字体/手写体
  📂 "这是一款具有强烈古典印刷风格的衬线体英文字体。其核心特征在于笔画粗细对比极为显著：竖笔画粗壮有力，而横笔画纤细优雅，形成鲜明的视觉张力。字体在所有笔画的起收笔处均配有精致、经典的衬线装饰，尤其是大写字母（如‘A’、‘B’、‘C’）的衬线部分形态饱满且带有优美的弧线。整体字形比例标准，x字高适中，字重偏粗，视觉 → 中文字体/标题字
  📂 字体库 - 分类字体包 - 松邦广告公司英文字体 - 892-CAI978 → 中文字体/其他
  📂 Optima Didone → 中文字体/其他
  ✓ 完成: 成功 18, 失败 0
  📄 第 281 页: 20 个需要处理
  📂 松邦工业无衬线 → 中文字体/等线体
  📂 松邦艺术签名体 → 中文字体/手写体
  📂 铜版手写体 Copperplate Script → 中文字体/装饰体
  📂 CAI978 卷钩体 → 中文字体/装饰体
  📂 字体库 - 分类字体包 - 松邦广告公司英文字体 - 655-CAI978 → 中文字体/其他
  📂 雅宋经典 → 中文字体/衬线体
  📂 雅致粗衬线 → 中文字体/衬线体
  📂 CAI978 → 中文字体/标题字
  📂 优雅花饰手写体 → 中文字体/装饰体
  📂 字体库 - 分类字体包 - 松邦广告公司英文字体 - 878-CAI978 → 中文字体/其他
  📂 涂鸦动态手写体 → 中文字体/装饰体
  📂 字体库 - 分类字体包 - 松邦广告公司英文字体 - 645-CAI978 → 中文字体/其他
  📂 字体库 - 分类字体包 - 松邦广告公司英文字体 - 882-CAI978 → 中文字体/其他
  📂 CAI978 Gothic Display → 中文字体/装饰体
  📂 字体库 - 分类字体包 - 松邦广告公司英文字体 - 637-CAI978 → 中文字体/其他
  📂 优雅锐角衬线体 → 中文字体/衬线体
  📂 635-CAI978 英文花体字 → 中文字体/手写体
  📂 字体库 - 分类字体包 - 松邦广告公司英文字体 - 872-CAI978 → 中文字体/其他
  📂 字体库 - 分类字体包 - 松邦广告公司英文字体 - 874-CAI978 → 中文字体/其他
  ✓ 完成: 成功 19, 失败 0
  📄 第 282 页: 20 个需要处理
  📂 字体库 - 分类字体包 - 松邦广告公司英文字体 - 868-CAI978 → 中文字体/其他
  📂 字体库 - 分类字体包 - 松邦广告公司英文字体 - 862-CAI978 → 中文字体/其他
  📂 尖角几何装饰体 → 中文字体/装饰体
  📂 松邦黑体 → 中文字体/等线体
  📂 哥特式装饰衬线体 → 中文字体/装饰体
  📂 字体库 - 分类字体包 - 松邦广告公司英文字体 - 631-CAI978 → 中文字体/其他
  📂 字体库 - 分类字体包 - 松邦广告公司英文字体 - 864-CAI978 → 中文字体/其他
  📂 字体库 - 分类字体包 - 松邦广告公司英文字体 - 856-CAI978 → 中文字体/其他
  📂 Geometric Uniform Sans → 中文字体/正文字
  📂 字体库 - 分类字体包 - 松邦广告公司英文字体 - 622-CAI978 → 中文字体/其他
  📂 华丽花体英文书法字体 → 中文字体/手写体
  📂 字体库 - 分类字体包 - 松邦广告公司英文字体 - 627-CAI978 → 中文字体/其他
  📂 简约细体英文手写体 → 中文字体/手写体
  📂 CAI978 Geometric Sans → 中文字体/装饰体
  📂 字体库 - 分类字体包 - 松邦广告公司英文字体 - 625-CAI978 → 中文字体/其他
  📂 字体库 - 分类字体包 - 松邦广告公司英文字体 - 846-CAI978 → 中文字体/其他
  ✓ 完成: 成功 16, 失败 0
  📄 第 283 页: 20 个需要处理
  📂 CAI978 Gothic Serif → 中文字体/衬线体
  📂 CAI978手写体 → 中文字体/手写体
  📂 思源无衬线体 → 中文字体/正文字
  📂 字体库 - 分类字体包 - 松邦广告公司英文字体 - 616-CAI978 → 中文字体/其他
  📂 字体库 - 分类字体包 - 松邦广告公司英文字体 - 844-CAI978 → 中文字体/其他
  📂 字体库 - 分类字体包 - 松邦广告公司英文字体 - 840-CAI978 → 中文字体/其他
  📂 CAI978 婚庆花体 → 中文字体/其他
  📂 粗笔手写标记体 → 中文字体/手写体
  📂 斜锋标题 → 中文字体/标题字
  📂 字体库 - 分类字体包 - 松邦广告公司英文字体 - 598-CAI978 → 中文字体/其他
  📂 经典粗衬线体 → 中文字体/衬线体
  📂 字体库 - 分类字体包 - 松邦广告公司英文字体 - 832-CAI978 → 中文字体/其他
  📂 字体库 - 分类字体包 - 松邦广告公司英文字体 - 604-CAI978 → 中文字体/其他
  📂 Curlify（暂定） → 中文字体/装饰体
  📂 字体库 - 分类字体包 - 松邦广告公司英文字体 - 602-CAI978 → 中文字体/其他
  ✓ 完成: 成功 15, 失败 0
  📄 第 284 页: 20 个需要处理
  📂 优雅手写书法体 → 中文字体/手写体
  📂 字体库 - 分类字体包 - 松邦广告公司英文字体 - 594-CAI978 → 中文字体/其他
  📂 字体库 - 分类字体包 - 松邦广告公司英文字体 - 826-CAI978 → 中文字体/其他
  📂 萌趣手写体 → 中文字体/手写体
  📂 CAI978 → 中文字体/等线体
  📂 松邦装饰体 (Cai978) → 中文字体/标题字
  📂 CAI978 Serif Display → 中文字体/衬线体
  📂 CAI978优雅衬线手写体 → 中文字体/装饰体
  📂 字体库 - 分类字体包 - 松邦广告公司英文字体 - 584-CAI978 → 中文字体/其他
  📂 字体库 - 分类字体包 - 松邦广告公司英文字体 - 820-CAI978 → 中文字体/其他
  📂 字体库 - 分类字体包 - 松邦广告公司英文字体 - 576-CAI978 → 中文字体/其他
  📂 哥特体标题字 → 中文字体/装饰体
  📂 字体库 - 分类字体包 - 松邦广告公司英文字体 - 580-CAI978 → 中文字体/其他
  📂 CAI978 Gothic Serif → 中文字体/装饰体
  📂 字体库 - 分类字体包 - 松邦广告公司英文字体 - 812-CAI978 → 中文字体/其他
  📂 字体库 - 分类字体包 - 松邦广告公司英文字体 - 810-CAI978 → 中文字体/其他
  📂 极粗衬线复古体 → 中文字体/标题字
  ✓ 完成: 成功 17, 失败 0
  📄 第 285 页: 20 个需要处理
  📂 CAI978空心轮廓体 → 中文字体/装饰体
  📂 字体库 - 分类字体包 - 松邦广告公司英文字体 - 808-CAI978 → 中文字体/其他
  📂 优雅花体手写英文 → 中文字体/手写体
  📂 字体库 - 分类字体包 - 松邦广告公司英文字体 - 806-CAI978 → 中文字体/其他
  📂 CAI978 Bold → 中文字体/标题字
  📂 字体库 - 分类字体包 - 松邦广告公司英文字体 - 804-CAI978 → 中文字体/其他
  📂 字体库 - 分类字体包 - 松邦广告公司英文字体 - 564-CAI978 → 中文字体/其他
  📂 CAI978 嵌套线条体 → 中文字体/其他
  📂 纤细窄体圆角无衬线体 → 中文字体/装饰体
  📂 楔形现代体 → 中文字体/其他
  📂 字体库 - 分类字体包 - 松邦广告公司英文字体 - 553-CAI978 → 中文字体/其他
  📂 Technical Mono → 中文字体/标题字
  📂 CAI978 Serif → 中文字体/标题字
  📂 Brushstroke Sans → 中文字体/装饰体
  📂 几何粗体无衬线（Geometric Bold Sans） → 中文字体/标题字
  ✓ 完成: 成功 15, 失败 0
  📄 第 286 页: 20 个需要处理
  📂 字体库 - 分类字体包 - 松邦广告公司英文字体 - 549-CAI978 → 中文字体/其他
  📂 点阵圆点英文字体 → 中文字体/装饰体
  📂 字体库 - 分类字体包 - 松邦广告公司英文字体 - 778-CAI978 → 中文字体/其他
  📂 字体库 - 分类字体包 - 松邦广告公司英文字体 - 545-CAI978 → 中文字体/其他
  📂 字体库 - 分类字体包 - 松邦广告公司英文字体 - 540-CAI978 → 中文字体/其他
  📂 字体库 - 分类字体包 - 松邦广告公司英文字体 - 542-CAI978 → 中文字体/其他
  📂 字体库 - 分类字体包 - 松邦广告公司英文字体 - 780-CAI978 → 中文字体/其他
  📂 字体库 - 分类字体包 - 松邦广告公司英文字体 - 784-CAI978 → 中文字体/其他
  📂 CAI978 → 中文字体/等线体
  📂 字体库 - 分类字体包 - 松邦广告公司英文字体 - 538-CAI978 → 中文字体/其他
  📂 字体库 - 分类字体包 - 松邦广告公司英文字体 - 772-CAI978 → 中文字体/其他
  📂 CAI978 倾斜优雅衬线体 → 中文字体/衬线体
  📂 字体库 - 分类字体包 - 松邦广告公司英文字体 - 526-CAI978 → 中文字体/其他
  📂 字体库 - 分类字体包 - 松邦广告公司英文字体 - 530-cai978 → 中文字体/其他
  ✓ 完成: 成功 14, 失败 0
  📄 第 287 页: 20 个需要处理
  📂 CAI978优雅衬线体 → 中文字体/衬线体
  📂 字体库 - 分类字体包 - 松邦广告公司英文字体 - 528-CAI978 → 中文字体/其他
  📂 字体库 - 分类字体包 - 松邦广告公司英文字体 - 766-CAI978 → 中文字体/其他
  📂 优雅花体艺术字 → 中文字体/手写体
  📂 几何装饰性粗体英文 → 中文字体/装饰体
  📂 CAI978优雅衬线体 → 中文字体/衬线体
  📂 Elegant Serif Display → 中文字体/衬线体
  📂 字体库 - 分类字体包 - 松邦广告公司英文字体 - 756-CAI978 → 中文字体/其他
  📂 华丽花体英文书法体（Cai978风格） → 中文字体/其他
  📂 CAI978 双线细体 → 中文字体/装饰体
  📂 粗衬线标题体 → 中文字体/标题字
  📂 松邦广告衬线体 516-CAI978 → 中文字体/衬线体
  📂 字体库 - 分类字体包 - 松邦广告公司英文字体 - 512-CAI978 → 中文字体/其他
  📂 字体库 - 分类字体包 - 松邦广告公司英文字体 - 750-CAI978 → 中文字体/其他
  📂 字体库 - 分类字体包 - 松邦广告公司英文字体 - 752-CAI978 → 中文字体/其他
  📂 "一款具有鲜明现代感和视觉冲击力的粗衬线（Slab Serif）英文字体。其最显著的特征是极小的笔画粗细对比，主笔画与衬线几乎等宽，赋予字体 → 中文字体/标题字
  ✓ 完成: 成功 16, 失败 0
  📄 第 288 页: 20 个需要处理
  📂 古典衬线标题体 → 中文字体/标题字
  📂 字体库 - 分类字体包 - 松邦广告公司英文字体 - 748-CAI978 → 中文字体/其他
  📂 字体库 - 分类字体包 - 松邦广告公司英文字体 - 506-CAI978 → 中文字体/其他
  📂 手写自然英文字体 → 中文字体/手写体
  📂 510-CAI978 书法装饰体 → 中文字体/装饰体
  📂 松邦无衬线体 → 中文字体/等线体
  📂 字体库 - 分类字体包 - 松邦广告公司英文字体 - 508-CAI978 → 中文字体/其他
  📂 字体库 - 分类字体包 - 松邦广告公司英文字体 - 502-CAI978 → 中文字体/其他
  📂 字体库 - 分类字体包 - 松邦广告公司英文字体 - 734-CAI978 → 中文字体/其他
  📂 字体库 - 分类字体包 - 松邦广告公司英文字体 - 736-CAI978 → 中文字体/其他
  📂 字体库 - 分类字体包 - 松邦广告公司英文字体 - 498-CAI978 → 中文字体/其他
  📂 字体库 - 分类字体包 - 松邦广告公司英文字体 - 740-CAI978 → 中文字体/其他
  📂 CAI978 经典草书 → 中文字体/手写体
  📂 CAI978 Elegant Serif → 中文字体/衬线体
  📂 字体库 - 分类字体包 - 松邦广告公司英文字体 - 730-CAI978 → 中文字体/其他
  📂 CAI978现代衬线体 → 中文字体/衬线体
  📂 字体库 - 分类字体包 - 松邦广告公司英文字体 - 728-CAI978 → 中文字体/其他
  ✓ 完成: 成功 17, 失败 0
  📄 第 289 页: 20 个需要处理
  📂 字体库 - 分类字体包 - 松邦广告公司英文字体 - 492-CAI978 → 中文字体/其他
  📂 字体库 - 分类字体包 - 松邦广告公司英文字体 - 726-CAI978 → 中文字体/其他
  📂 字体库 - 分类字体包 - 松邦广告公司英文字体 - 484-CAI978 → 中文字体/其他
  📂 字体库 - 分类字体包 - 松邦广告公司英文字体 - 722-CAI978 → 中文字体/其他
  📂 字体库 - 分类字体包 - 松邦广告公司英文字体 - 488-CAI978 → 中文字体/其他
  📂 字体模板 → 中文字体/其他
  📂 粗衬线高挑装饰体 → 中文字体/装饰体
  📂 古典雅致衬线体 → 中文字体/衬线体
  📂 字体库 - 分类字体包 - 松邦广告公司英文字体 - 478-CAI978 → 中文字体/其他
  📂 CAI978 Ad Bold → 中文字体/标题字
  📂 字体库 - 分类字体包 - 松邦广告公司英文字体 - 716-CAI978 → 中文字体/其他
  📂 粗衬线体-CI978 → 中文字体/衬线体
  📂 字体库 - 分类字体包 - 松邦广告公司英文字体 - 720-CAI978 → 中文字体/其他
  📂 字体库 - 分类字体包 - 松邦广告公司英文字体 - 476-CAI978 → 中文字体/其他
  📂 GeometricBold → 中文字体/装饰体
  📂 字体库 - 分类字体包 - 松邦广告公司英文字体 - 712-CAI978 → 中文字体/其他
  📂 字体库 - 分类字体包 - 松邦广告公司英文字体 - 470-CAI978 → 中文字体/其他
  📂 字体库 - 分类字体包 - 松邦广告公司英文字体 - 706-CAI978 → 中文字体/其他
  ✓ 完成: 成功 18, 失败 0
  📄 第 290 页: 20 个需要处理
  📂 力量衬线体 → 中文字体/衬线体
  📂 字体库 - 分类字体包 - 松邦广告公司英文字体 - 468-CAI978 → 中文字体/其他
  📂 均匀圆角无衬线体 → 中文字体/正文字
  📂 锐雅 → 中文字体/装饰体
  📂 704-CAI978 Art Deco装饰无衬线体 → 中文字体/衬线体
  📂 Cai978 手绘圆体 → 中文字体/装饰体
  📂 Cai978现代衬线粗体 → 中文字体/衬线体
  📂 字体库 - 分类字体包 - 松邦广告公司英文字体 - 702-CAI978 → 中文字体/装饰体
  📂 Cinzel Decorative → 中文字体/装饰体
  📂 工业磨损粗体 → 中文字体/标题字
  📂 CAI978 → 中文字体/等线体
  📂 华丽斜体花饰衬线体 → 中文字体/装饰体
  📂 696-CAI978 粗衬线标题体 → 中文字体/标题字
  📂 字体库 - 分类字体包 - 松邦广告公司英文字体 - 454-cai978 → 中文字体/其他
  📂 字体库 - 分类字体包 - 松邦广告公司英文字体 - 684-CAI978 → 中文字体/其他
  📂 字体库 - 分类字体包 - 松邦广告公司英文字体 - 686-CAI978 → 中文字体/其他
  ✓ 完成: 成功 16, 失败 0
  📄 第 291 页: 20 个需要处理
  📂 像素砖墙英文字体 → 中文字体/装饰体
  📂 CAI978 手写艺术体 → 中文字体/手写体
  📂 Cai978 高对比度衬线体 → 中文字体/衬线体
  📂 CAI978点阵像素体 → 中文字体/装饰体
  📂 像素矩阵点划字 → 中文字体/装饰体
  📂 字体模板 → 中文字体/其他
  📂 字体库 - 分类字体包 - 松邦广告公司英文字体 - 682-CAI978 → 中文字体/其他
  📂 字体库 - 分类字体包 - 松邦广告公司英文字体 - 678-CAI978 → 中文字体/其他
  📂 字体库 - 分类字体包 - 松邦广告公司英文字体 - 442-CAI978 → 中文字体/其他
  📂 字体库 - 分类字体包 - 松邦广告公司英文字体 - 444-CAI978 → 中文字体/手写体
  📂 CAI978 Linear Script → 中文字体/其他
  📂 字体库 - 分类字体包 - 松邦广告公司英文字体 - 438-CAI978 → 中文字体/其他
  📂 CAI978 复古木刻衬线体 → 中文字体/衬线体
  📂 Crayon Hand → 中文字体/标题字
  📂 字体库 - 分类字体包 - 松邦广告公司英文字体 - 432-CAI978 → 中文字体/其他
  📂 字体库 - 分类字体包 - 松邦广告公司英文字体 - 674-CAI978 → 中文字体/其他
  ✓ 完成: 成功 16, 失败 0
  📄 第 292 页: 20 个需要处理
  📂 点阵故障艺术英文字体 → 中文字体/装饰体
  📂 字体库 - 分类字体包 - 松邦广告公司英文字体 - 428-CAI978 → 中文字体/其他
  📂 字体库 - 分类字体包 - 松邦广告公司英文字体 - 662-CAI978 → 中文字体/标题字
  📂 CAI978 墨滴涂鸦 → 中文字体/装饰体
  📂 字体库 - 分类字体包 - 松邦广告公司英文字体 - 430-CAI978 → 中文字体/其他
  📂 字体库 - 分类字体包 - 松邦广告公司英文字体 - 426-CAI978 → 中文字体/其他
  📂 字体库 - 分类字体包 - 松邦广告公司英文字体 - 420-CAI978 → 中文字体/其他
  📂 CAI978粗衬线装饰体 → 中文字体/标题字
  📂 字体库 - 分类字体包 - 松邦广告公司英文字体 - 656-CAI978 → 中文字体/其他
  📂 CAI978 圆润轮廓手绘体 → 中文字体/其他
  📂 字体库 - 分类字体包 - 松邦广告公司英文字体 - 660-CAI978 → 中文字体/其他
  📂 字体库 - 分类字体包 - 松邦广告公司英文字体 - 416-CAI978 → 中文字体/其他
  📂 字体库 - 分类字体包 - 松邦广告公司英文字体 - 414-CAI978 → 中文字体/其他
  📂 现代通用黑体 → 中文字体/正文字
  📂 字体库 - 分类字体包 - 松邦广告公司英文字体 - 410-CAI978 → 中文字体/其他
  ✓ 完成: 成功 15, 失败 0
  📄 第 293 页: 20 个需要处理
  📂 字体库 - 分类字体包 - 松邦广告公司英文字体 - 654-CAI978 → 中文字体/其他
  📂 碎裂衬线体 → 中文字体/衬线体
  📂 GeometricSlab-Bold → 中文字体/标题字
  📂 字体库 - 分类字体包 - 松邦广告公司英文字体 - 644-CAI978 → 中文字体/其他
  📂 字体库 - 分类字体包 - 松邦广告公司英文字体 - 398-CAI978 → 中文字体/其他
  📂 字体库 - 分类字体包 - 松邦广告公司英文字体 - 646-CAI978 → 中文字体/其他
  📂 字体库 - 分类字体包 - 松邦广告公司英文字体 - 640-CAI978 → 中文字体/其他
  📂 字体库 - 分类字体包 - 松邦广告公司英文字体 - 400-CAI978 → 中文字体/其他
  📂 CAI978现代衬线体 → 中文字体/衬线体
  📂 匀黑体 → 中文字体/其他
  📂 字体库 - 分类字体包 - 松邦广告公司英文字体 - 634-CAI978 → 中文字体/其他
  📂 优雅连笔手写体英文 → 中文字体/手写体
  📂 Double-Line Serif Display → 中文字体/衬线体
  📂 字体库 - 分类字体包 - 松邦广告公司英文字体 - 392-CAI978 → 中文字体/其他
  ✓ 完成: 成功 14, 失败 0
  📄 第 294 页: 20 个需要处理
  📂 字体库 - 分类字体包 - 松邦广告公司英文字体 - 623-CAI978 → 中文字体/其他
  📂 字体库 - 分类字体包 - 松邦广告公司英文字体 - 394-CAI978 → 中文字体/其他
  📂 CutBlock CAI978 → 中文字体/其他
  📂 字体库 - 分类字体包 - 松邦广告公司英文字体 - 621-CAI978 → 中文字体/其他
  📂 锐衬线装饰体（Classic Sharp Serif） → 中文字体/标题字
  📂 Caelifera Decorative Serif → 中文字体/装饰体
  📂 字体库 - 分类字体包 - 松邦广告公司英文字体 - 384-CAI978 → 中文字体/其他
  📂 字体库 - 分类字体包 - 松邦广告公司英文字体 - 615-CAI978 → 中文字体/衬线体
  📂 字体库 - 分类字体包 - 松邦广告公司英文字体 - 382-CAI978 → 中文字体/其他
  📂 字体库 - 分类字体包 - 松邦广告公司英文字体 - 617-CAI978 → 中文字体/其他
  📂 字体库 - 分类字体包 - 松邦广告公司英文字体 - 380-CAI978 → 中文字体/其他
  📂 字体库 - 分类字体包 - 松邦广告公司英文字体 - 374-CAI978 → 中文字体/其他
  📂 字体库 - 分类字体包 - 松邦广告公司英文字体 - 609-CAI978 → 中文字体/其他
  📂 素描斜线轮廓装饰体 → 中文字体/装饰体
  📂 字体库 - 分类字体包 - 松邦广告公司英文字体 - 378-CAI978 → 中文字体/其他
  📂 字体库 - 分类字体包 - 松邦广告公司英文字体 - 376-CAI978 → 中文字体/其他
  ✓ 完成: 成功 16, 失败 0
  📄 第 295 页: 20 个需要处理
  📂 字体库 - 分类字体包 - 松邦广告公司英文字体 - 599-CAI978 → 中文字体/其他
  📂 字体库 - 分类字体包 - 松邦广告公司英文字体 - 607-CAI978 → 中文字体/其他
  📂 卷草哥特装饰体 → 中文字体/标题字
  📂 CAI978 Serif → 中文字体/装饰体
  📂 松邦广告英文字体 360-CAI978 → 中文字体/装饰体
  📂 字体库 - 分类字体包 - 松邦广告公司英文字体 - 597-CAI978 → 中文字体/其他
  📂 字体库 - 分类字体包 - 松邦广告公司英文字体 - 364-CAI978 → 中文字体/其他
  📂 字体库 - 分类字体包 - 松邦广告公司英文字体 - 595-CAI978 → 中文字体/其他
  📂 CAI978 Artistic Serif → 中文字体/装饰体
  📂 字体库 - 分类字体包 - 松邦广告公司英文字体 - 362-CAI978 → 中文字体/其他
  📂 古典花体衬线 → 中文字体/装饰体
  📂 古典优雅衬线体 → 中文字体/衬线体
  📂 剪报拼贴英文字体 (Ransom Note Collage) → 中文字体/装饰体
  📂 松邦优雅手写体 → 中文字体/手写体
  ✓ 完成: 成功 14, 失败 0
  📄 第 296 页: 20 个需要处理
  📂 CAI978-优雅花体 → 中文字体/手写体
  📂 字体库 - 分类字体包 - 松邦广告公司英文字体 - 356-CAI978 → 中文字体/其他
  📂 字体库 - 分类字体包 - 松邦广告公司英文字体 - 589-CAI978 → 中文字体/其他
  📂 字体库 - 分类字体包 - 松邦广告公司英文字体 - 575-CAI978 → 中文字体/其他
  📂 字体库 - 分类字体包 - 松邦广告公司英文字体 - 344-CAI978 → 中文字体/其他
  📂 Grimoire Gothic - 复古哥特装饰体 → 中文字体/装饰体
  📂 字体库 - 分类字体包 - 松邦广告公司英文字体 - 581-CAI978 → 中文字体/其他
  📂 纤线几何无衬线体 → 中文字体/等线体
  📂 字体库 - 分类字体包 - 松邦广告公司英文字体 - 348-CAI978 → 中文字体/其他
  📂 CAI978 圆体 → 中文字体/正文字
  📂 MiSans Regular → 中文字体/等线体
  📂 字体库 - 分类字体包 - 松邦广告公司英文字体 - 336-CAI978 → 中文字体/其他
  📂 字体库 - 分类字体包 - 松邦广告公司英文字体 - 569-CAI978 → 中文字体/其他
  📂 Cai978 几何切割体 → 中文字体/标题字
  📂 571-CAI978 → 中文字体/衬线体
  📂 Geometric Cut / 几何切割体 → 中文字体/其他
  📂 字体库 - 分类字体包 - 松邦广告公司英文字体 - 334-CAI978 → 中文字体/其他
  ✓ 完成: 成功 17, 失败 0
  📄 第 297 页: 20 个需要处理
  📂 CAI978 Wave → 中文字体/装饰体
  📂 优雅衬线-古典书法英文字体 → 中文字体/标题字
  📂 圆润几何无衬线体 → 中文字体/标题字
  📂 字体库 - 分类字体包 - 松邦广告公司英文字体 - 328-CAI978 → 中文字体/其他
  📂 Crimson Pro Elegant / 宋韵雅致（中文对应） → 中文字体/装饰体
  📂 字体库 - 分类字体包 - 松邦广告公司英文字体 - 563-CAI978 → 中文字体/其他
  📂 字体库 - 分类字体包 - 松邦广告公司英文字体 - 326-CAI978 → 中文字体/其他
  📂 锐利衬线装饰体324-CAI978 → 中文字体/标题字
  📂 字体库 - 分类字体包 - 松邦广告公司英文字体 - 556-CAI978 → 中文字体/其他
  📂 字体库 - 分类字体包 - 松邦广告公司英文字体 - 320-CAI978 → 中文字体/其他
  📂 字体库 - 分类字体包 - 松邦广告公司英文字体 - 314-CAI978 → 中文字体/其他
  📂 字体库 - 分类字体包 - 松邦广告公司英文字体 - 546-CAI978 → 中文字体/其他
  📂 字体库 - 分类字体包 - 松邦广告公司英文字体 - 552-CAI978 → 中文字体/其他
  📂 字体库 - 分类字体包 - 松邦广告公司英文字体 - 550-CAI978 → 中文字体/其他
  📂 字体库 - 分类字体包 - 松邦广告公司英文字体 - 548-CAI978 → 中文字体/其他
  📂 字体库 - 分类字体包 - 松邦广告公司英文字体 - 316-CAI978 → 中文字体/其他
  ✓ 完成: 成功 16, 失败 0
  📄 第 298 页: 20 个需要处理
  📂 粗衬线装饰体 → 中文字体/装饰体
  📂 CAI978 → 中文字体/装饰体
  📂 字体库 - 分类字体包 - 松邦广告公司英文字体 - 541-CAI978 → 中文字体/其他
  📂 字体库 - 分类字体包 - 松邦广告公司英文字体 - 308-CAI978 → 中文字体/其他
  📂 字体库 - 分类字体包 - 松邦广告公司英文字体 - 306-CAI978 → 中文字体/其他
  📂 字体库 - 分类字体包 - 松邦广告公司英文字体 - 539-CAI978 → 中文字体/标题字
  📂 字体库 - 分类字体包 - 松邦创艺字体库 - 创艺简中圆 → 中文字体/其他
  📂 直角黑体 → 中文字体/其他
  📂 字体库 - 分类字体包 - 松邦广告公司英文字体 - 304-CAI978 → 中文字体/其他
  📂 CAI978 Elegant Sans → 中文字体/无衬线体
  📂 思源黑体风格等线体 → 中文字体/其他
  📂 字体库 - 分类字体包 - 松邦广告公司英文字体 - 533-CAI978 → 中文字体/其他
  📂 字体库 - 分类字体包 - 松邦广告公司英文字体 - 525-CAI978 → 中文字体/衬线体
  📂 字体库 - 分类字体包 - 松邦创艺字体库 - 创艺简宋体 → 中文字体/标题字
  📂 字体库 - 分类字体包 - 松邦广告公司英文字体 - 527-CAI978 → 中文字体/其他
  📂 字体库 - 分类字体包 - 松邦创艺字体库 - 创艺简细圆 → 中文字体/正文字
  📂 字体库 - 分类字体包 - 松邦广告公司英文字体 - 529-CAI978 → 中文字体/其他
  📂 现代无衬线等宽黑体 → 中文字体/正文字
  ✓ 完成: 成功 18, 失败 0
  📄 第 299 页: 20 个需要处理
  📂 现代几何无衬线体 → 中文字体/正文字
  📂 松邦广告521-CAI978 → 中文字体/其他
  📂 字体库 - 分类字体包 - 松邦广告公司英文字体 - 523-CAI978 → 中文字体/其他
  📂 圆润友好的窄体手写风格无衬线字体 → 中文字体/装饰体
  📂 创艺繁综艺 → 中文字体/装饰体
  📂 字体库 - 分类字体包 - 松邦广告公司英文字体 - 515-CAI978 → 中文字体/其他
  📂 锐衬线体 → 中文字体/衬线体
  📂 字体库 - 分类字体包 - 松邦创艺字体库 - 创艺简粗黑 → 中文字体/标题字
  📂 字体库 - 分类字体包 - 松邦创艺字体库 - 创艺繁宋体 → 中文字体/衬线体
  📂 人文古典衬线体 → 中文字体/标题字
  📂 字体库 - 分类字体包 - 松邦创艺字体库 - 创艺繁细圆 → 中文字体/正文字
  📂 CAI978水滴粗糖体 → 中文字体/装饰体
  📂 Merriweather Bold → 中文字体/衬线体
  📂 字体库 - 分类字体包 - 松邦广告公司英文字体 - 505-CAI978 → 中文字体/其他
  📂 字体库 - 分类字体包 - 松邦创艺字体库 - 创艺繁楷体 → 中文字体/手写体
  📂 字体库 - 分类字体包 - 松邦广告公司英文字体 - 499-CAI978 → 中文字体/其他
  📂 501-CAI978 → 中文字体/衬线体
  📂 字体库 - 分类字体包 - 松邦广告公司英文字体 - 497-CAI978 → 中文字体/其他
  ✓ 完成: 成功 18, 失败 0
  📄 第 300 页: 20 个需要处理
  📂 字体库 - 分类字体包 - 松邦广告公司英文字体 - 493-CAI978 → 中文字体/其他
  📂 字体库 - 分类字体包 - 松邦广告公司英文字体 - 489-cai978 → 中文字体/其他
  📂 字体库 - 分类字体包 - 松邦广告公司英文字体 - 495-CAI978 → 中文字体/其他
  📂 字体库 - 分类字体包 - 松邦创艺字体库 - 创艺繁粗圆 → 中文字体/标题字
  📂 创艺粗黑 → 中文字体/等线体
  📂 字体库 - 分类字体包 - 松邦广告公司英文字体 - 491-CAI978 → 中文字体/其他
  📂 字体库 - 分类字体包 - 松邦超世纪字 - C274-超世纪粗毛楷 → 中文字体/标题字
  📂 等宽极简几何体 → 中文字体/等线体
  📂 字体库 - 分类字体包 - 松邦广告公司英文字体 - 487-CAI978 → 中文字体/其他
  📂 字体库 - 分类字体包 - 松邦广告公司英文字体 - 483-CAI978 → 中文字体/其他
  📂 CAI978哥特体 → 中文字体/装饰体
  📂 字体库 - 分类字体包 - 松邦超世纪字 - 超世纪综艺体-双空阴 → 中文字体/其他
  📂 字体库 - 分类字体包 - 松邦广告公司英文字体 - 475-CAI978 → 中文字体/其他
  📂 松邦动态手写体 → 中文字体/手写体
  📂 字体库 - 分类字体包 - 松邦广告公司英文字体 - 471-CAI978 → 中文字体/其他
  📂 字体库 - 分类字体包 - 松邦广告公司英文字体 - 465-CAI978 → 中文字体/其他
  ✓ 完成: 成功 16, 失败 0
  📄 第 301 页: 20 个需要处理
  📂 超世纪中明体 → 中文字体/标题字
  📂 字体库 - 分类字体包 - 松邦广告公司英文字体 - 469-CAI978 → 中文字体/其他
  📂 CAI978标题体 → 中文字体/标题字
  📂 字体库 - 分类字体包 - 松邦广告公司英文字体 - 459-cai978 → 中文字体/其他
  📂 Bubblegum Sans → 中文字体/标题字
  📂 字体库 - 分类字体包 - 松邦广告公司英文字体 - 457-cai978 → 中文字体/其他
  📂 字体库 - 分类字体包 - 松邦超世纪字 - 超世纪中勘亭 → 中文字体/其他
  📂 Classic Serif Display → 中文字体/衬线体
  📂 电子像素框架装饰体 → 中文字体/装饰体
  📂 字体库 - 分类字体包 - 松邦超世纪字 - 超世纪中黑体 → 中文字体/其他
  📂 字体库 - 分类字体包 - 松邦广告公司英文字体 - 443-CAI978 → 中文字体/其他
  📂 字体库 - 分类字体包 - 松邦广告公司英文字体 - 449-CAI978 → 中文字体/其他
  📂 Cinzel Elegant Bold → 中文字体/衬线体
  📂 字体库 - 分类字体包 - 松邦广告公司英文字体 - 441-CAI978 → 中文字体/其他
  📂 字体库 - 分类字体包 - 松邦广告公司英文字体 - 439-CAI978 → 中文字体/其他
  📂 字体库 - 分类字体包 - 松邦广告公司英文字体 - 437-CAI978 → 中文字体/其他
  ✓ 完成: 成功 16, 失败 0
  📄 第 302 页: 20 个需要处理
  📂 字体库 - 分类字体包 - 松邦超世纪字 - 超世纪中古印 → 中文字体/其他
  📂 字体库 - 分类字体包 - 松邦广告公司英文字体 - 431-CAI978 → 中文字体/其他
  📂 字体库 - 分类字体包 - 松邦广告公司英文字体 - 429-CAI978 → 中文字体/其他
  📂 字体库 - 分类字体包 - 松邦超世纪字 - 超世纪新粗黑 → 中文字体/标题字
  📂 字体库 - 分类字体包 - 松邦广告公司英文字体 - 425-CAI978 → 中文字体/其他
  📂 字体库 - 分类字体包 - 松邦广告公司英文字体 - 433-CAI978 → 中文字体/其他
  📂 华丽花饰衬线体 → 中文字体/装饰体
  📂 CAI978粗体无衬线标题字体 → 中文字体/标题字
  📂 字体库 - 分类字体包 - 松邦广告公司英文字体 - 423-CAI978 → 中文字体/其他
  📂 字体库 - 分类字体包 - 松邦广告公司英文字体 - 413-CAI978 → 中文字体/其他
  📂 Riviera Decorative Serif → 中文字体/装饰体
  📂 字体库 - 分类字体包 - 松邦广告公司英文字体 - 409-CAI978 → 中文字体/其他
  📂 极粗几何无衬线英文字体 415-CAI978 → 中文字体/标题字
  📂 现代几何无衬线体 → 中文字体/正文字
  📂 字体库 - 分类字体包 - 松邦超世纪字 - 超世纪细圆体 → 中文字体/正文字
  📂 Cai978 Hand → 中文字体/手写体
  📂 字体库 - 分类字体包 - 松邦广告公司英文字体 - 405-CAI978 → 中文字体/其他
  ✓ 完成: 成功 17, 失败 0
  📄 第 303 页: 20 个需要处理
  📂 松邦无衬线体 → 中文字体/正文字
  📂 松邦超世纪黑 → 中文字体/其他
  📂 字体库 - 分类字体包 - 松邦广告公司英文字体 - 393-CAI978 → 中文字体/其他
  📂 字体库 - 分类字体包 - 松邦超世纪字 - 超世纪细隶书 → 中文字体/正文字
  📂 字体库 - 分类字体包 - 松邦超世纪字 - 超世纪细黑体 → 中文字体/正文字
  📂 空心圆润粗体卡通英文字体 → 中文字体/装饰体
  📂 字体库 - 分类字体包 - 松邦广告公司英文字体 - 397-CAI978 → 中文字体/其他
  📂 CAI978 粗笔手写 → 中文字体/装饰体
  📂 泡泡涂鸦体 → 中文字体/装饰体
  📂 字体库 - 分类字体包 - 松邦超世纪字 - 超世纪粗综艺 → 中文字体/标题字
  📂 超世纪特明 → 中文字体/其他
  📂 字体库 - 分类字体包 - 松邦广告公司英文字体 - 383-CAI978 → 中文字体/其他
  📂 思源几何黑体 → 中文字体/其他
  📂 字体库 - 分类字体包 - 松邦超世纪字 - 超世纪粗印篆 → 中文字体/标题字
  📂 字体库 - 分类字体包 - 松邦超世纪字 - 超世纪粗行书 → 中文字体/标题字
  📂 字体库 - 分类字体包 - 松邦广告公司英文字体 - 377-CAI978 → 中文字体/其他
  📂 字体库 - 分类字体包 - 松邦广告公司英文字体 - 379-CAI978 → 中文字体/其他
  ✓ 完成: 成功 17, 失败 0
  📄 第 304 页: 20 个需要处理
  📂 字体库 - 分类字体包 - 松邦广告公司英文字体 - 375-CAI978 → 中文字体/其他
  📂 字体库 - 分类字体包 - 松邦超世纪字 - 超世纪粗勘亭 → 中文字体/标题字
  📂 字体库 - 分类字体包 - 松邦广告公司英文字体 - 373-CAI978 → 中文字体/其他
  📂 字体库 - 分类字体包 - 松邦广告公司英文字体 - 371-CAI978 → 中文字体/其他
  📂 "“超世纪粗角流”是一款设计独特的无衬线体字体，其最核心的识别特征在于“全角圆润化处理”。该字体的所有转角，无论是字母（如L, t, E）、数字（如0, 4）还是汉字笔画的转折处，均被设计成平滑的弧形，彻底摒弃了尖锐的直角，赋予字体极强的现代感和亲和力。笔画粗细高度均匀，粗壮有力，字重偏重，视觉冲击力强。字形方正饱满，结构紧凑，整体呈现出一种几何化但又温暖柔和的独特气质。因其醒目的视觉效果，它非常适合作为标题字体，能有效吸引注意力，尤其适合科技、教育、儿童 → 中文字体/标题字
  📂 "“超世纪粗海报”是一款视觉冲击力极强的标题字体。其核心特征是笔画极度粗壮，横竖笔画的粗细对比几乎消失，形成了稳重、厚重的块状结构。字形偏方正，结构紧凑，具有强烈的现代几何感和工业气息。西文部分设计简洁有力，与中文的 → 中文字体/标题字
  📂 字体库 - 分类字体包 - 松邦超世纪字 - 超世纪粗黑体实阴 → 中文字体/标题字
  📂 字体库 - 分类字体包 - 松邦广告公司英文字体 - 363-CAI978 → 中文字体/其他
  📂 Cross Point → 中文字体/其他
  📂 "这是一款具有传统仿宋骨架并融合宋体特征的粗衬线中文字体。其核心特征在于笔画粗壮有力，具有明显的粗细变化（横细竖粗），起笔、收笔及笔画转折处带有锐利、清晰的三角形衬线装饰，极具识别性。字形结构紧凑，重心稳定，整体风格端庄、典雅，兼具传统印刷的严谨感与现代设计的视觉冲击力。其情感调性严肃而正式， → 中文字体/标题字
  📂 字体库 - 分类字体包 - 松邦广告公司英文字体 - 367-CAI978 → 中文字体/其他
  📂 粗衬线Q尾体 → 中文字体/标题字
  📂 字体库 - 分类字体包 - 松邦广告公司英文字体 - 359-CAI978 → 中文字体/其他
  📂 字体库 - 分类字体包 - 松邦广告公司英文字体 - 357-CAI978 → 中文字体/其他
  📂 字体库 - 分类字体包 - 松邦超世纪字 - 超世纪粗方篆 → 中文字体/标题字
  📂 字体库 - 分类字体包 - 松邦超世纪字 - 超世纪粗叠黑 → 中文字体/标题字
  📂 字体库 - 分类字体包 - 松邦广告公司英文字体 - 353-CAI978 → 中文字体/其他
  ✓ 完成: 成功 17, 失败 0
  📄 第 305 页: 20 个需要处理
  📂 字体库 - 分类字体包 - 松邦广告公司英文字体 - 347-CAI978 → 中文字体/其他
  📂 字体库 - 分类字体包 - 松邦超世纪字 - 超世纪波卡体空阴 → 中文字体/正文字
  📂 民族图腾装饰符号 → 中文字体/装饰体
  📂 字体库 - 分类字体包 - 松邦广告公司英文字体 - 343-CAI978 → 中文字体/其他
  📂 字体库 - 分类字体包 - 松邦广告公司英文字体 - 335-CAI978 → 中文字体/其他
  📂 手绘轮廓体 → 中文字体/手写体
  📂 松邦装饰衬线体 → 中文字体/装饰体
  📂 现代衬线体-Medium → 中文字体/衬线体
  📂 A Bug's Life → 中文字体/装饰体
  📂 AbductionII → 中文字体/装饰体
  📂 字体库 - 分类字体包 - 松邦广告公司英文字体 - 333-CAI978 → 中文字体/手写体
  📂 Abaddon → 中文字体/标题字
  📂 字体库 - 分类字体包 - 松邦常用英文字体 - abc,pipe → 中文字体/其他
  ✓ 完成: 成功 13, 失败 0
  📄 第 306 页: 20 个需要处理
  📂 CAI978 几何无衬线体 → 中文字体/等线体
  📂 字体库 - 分类字体包 - 松邦白丹字体 - 白舟桜花書体 → 中文字体/手写体
  📂 字体库 - 分类字体包 - 松邦广告公司英文字体 - 325-CAI978 → 中文字体/其他
  📂 白舟篆书教汉 → 中文字体/装饰体
  📂 字体库 - 分类字体包 - 松邦广告公司英文字体 - 323-CAI978 → 中文字体/其他
  📂 CAI978 Geometric Sans → 中文字体/等线体
  📂 白舟隼风书体 → 中文字体/装饰体
  📂 字体库 - 分类字体包 - 松邦白丹字体 - 白舟行书 → 中文字体/其他
  📂 字体库 - 分类字体包 - 松邦广告公司英文字体 - 315-CAI978 → 中文字体/其他
  📂 字体库 - 分类字体包 - 松邦白丹字体 - 白舟天真書体 → 中文字体/其他
  📂 字体库 - 分类字体包 - 松邦白丹字体 - 白舟忍者繁体 → 中文字体/手写体
  📂 Elegant Script → 中文字体/装饰体
  📂 字体库 - 分类字体包 - 松邦广告公司英文字体 - 309-CAI978 → 中文字体/其他
  📂 CAI978-等宽无衬线体 → 中文字体/正文字
  📂 字体库 - 分类字体包 - 松邦广告公司英文字体 - 307-CAI978 → 中文字体/其他
  📂 CAI978 中等粗细无衬线体 → 中文字体/正文字
  📂 圆角无衬线标题体 → 中文字体/标题字
  📂 字体库 - 分类字体包 - 松邦白丹字体 - 白舟九畳篆 → 中文字体/装饰体
  ✓ 完成: 成功 18, 失败 0
  📄 第 307 页: 20 个需要处理
  📂 字体库 - 分类字体包 - 松邦创艺字体库 - 创艺简行楷 → 中文字体/手写体
  📂 字体库 - 分类字体包 - 松邦白丹字体 - 白舟鯨海酔侯書体 → 中文字体/手写体
  📂 字体库 - 分类字体包 - 松邦白丹字体 - 白舟古印体 → 中文字体/装饰体
  📂 思源黑体 / Source Han Sans (基于预览推测) → 中文字体/无衬线体
  📂 白舟太行书 → 中文字体/手写体
  📂 几何迷宫体（基于结构特征命名） → 中文字体/装饰体
  📂 字体库 - 分类字体包 - 松邦创艺字体库 - 创艺简楷体 → 中文字体/手写体
  📂 白舟白雨書体 → 中文字体/手写体
  📂 字体库 - 分类字体包 - 松邦创艺字体库 - 创艺简仿宋 → 中文字体/衬线体
  📂 Noto Sans (思源黑体) → 中文字体/正文字
  📂 分类字体包 - 松邦八种分类字体包 - 8 海报类 - HOT-Ninja Std R 白舟忍者繁体 → 中文字体/其他
  📂 字体库 - 分类字体包 - 松邦创艺字体库 - 创艺繁线体 → 中文字体/其他
  📂 分类字体包 - 松邦八种分类字体包 - 8 海报类 - FGPＩＮＴ秀慶太隷書 → 中文字体/其他
  📂 字酷堂苍石行书 → 中文字体/手写体
  📂 锐思几何黑体 → 中文字体/标题字
  📂 清刻本悦宋 → 中文字体/衬线体
  📂 字体库 - 分类字体包 - 松邦创艺字体库 - 创艺繁魏碑 → 中文字体/其他
  📂 字体库 - 分类字体包 - 松邦创艺字体库 - 创艺繁琥珀 → 中文字体/其他
  ✓ 完成: 成功 18, 失败 0
  📄 第 308 页: 20 个需要处理
  📂 分类字体包 - 松邦八种分类字体包 - 8 海报类 - 叶根友蚕燕隶书(新春版 → 中文字体/其他
  📂 字体库 - 分类字体包 - 松邦创艺字体库 - 创艺繁超黑 → 中文字体/其他
  📂 分类字体包 - 松邦八种分类字体包 - 8 海报类 - 叶根友行书(繁)2.0 → 中文字体/其他
  📂 字体库 - 分类字体包 - 松邦超世纪字 - C277-超世纪中颜楷 → 中文字体/手写体
  📂 苏新诗古印宋简 → 中文字体/装饰体
  📂 圆润简约无衬线体 → 中文字体/标题字
  📂 分类字体包 - 松邦八种分类字体包 - 8 海报类 - 沙孟海书法字体 → 中文字体/手写体
  📂 分类字体包 - 松邦八种分类字体包 - 8 海报类 - 隼風 → 中文字体/其他
  📂 分类字体包 - 松邦八种分类字体包 - 8 海报类 - 迷你简柏青 → 中文字体/其他
  📂 鯨海酔侯 → 中文字体/装饰体
  📂 字体库 - 分类字体包 - 松邦超世纪字 - 超世纪中颜楷 → 中文字体/手写体
  📂 分类字体包 - 松邦八种分类字体包 - 8 海报类 - 汉仪雁翎体简 → 中文字体/其他
  📂 分类字体包 - 松邦八种分类字体包 - 8 海报类 - 金梅毛笔隶书 → 中文字体/其他
  📂 字体库 - 分类字体包 - 松邦超世纪字 - 超世纪中隶书 → 中文字体/其他
  📂 分类字体包 - 松邦八种分类字体包 - 8 海报类 - 汉仪尚巍手书W → 中文字体/其他
  📂 超世纪中角报 → 中文字体/正文字
  📂 字体库 - 分类字体包 - 松邦超世纪字 - 超世纪中海报 → 中文字体/其他
  ✓ 完成: 成功 17, 失败 0
  📄 第 309 页: 20 个需要处理
  📂 无衬线中等粗细标准体 → 中文字体/正文字
  📂 超世纪细毛楷（根据预览图修正） → 中文字体/正文字
  📂 字体库 - 分类字体包 - 松邦超世纪字 - 超世纪细印篆 → 中文字体/衬线体
  📂 分类字体包 - 松邦八种分类字体包 - 8 海报类 - 方正羽怒简体 → 中文字体/其他
  📂 松邦超世纪字 - 超世纪细方篆 → 中文字体/正文字
  📂 字体库 - 分类字体包 - 松邦超世纪字 - 超世纪细角篆 → 中文字体/正文字
  📂 字体库 - 分类字体包 - 松邦超世纪字 - 超世纪海报体-半天水 → 中文字体/其他
  📂 分类字体包 - 松邦八种分类字体包 - 8 海报类 - 方正鲁迅繁体 → 中文字体/手写体
  📂 分类字体包 - 松邦八种分类字体包 - 8 海报类 - 方正藏体简体 → 中文字体/其他
  📂 字体库 - 分类字体包 - 松邦超世纪字 - 超世纪粗圆艺 → 中文字体/标题字
  📂 分类字体包 - 松邦八种分类字体包 - 8 海报类 - 纯书法字体 → 中文字体/其他
  📂 分类字体包 - 松邦八种分类字体包 - 8 海报类 - 陈继世-古韵简体 → 中文字体/其他
  📂 几何无衬线体 → 中文字体/等线体
  📂 超世纪粗颜楷 → 中文字体/正文字
  📂 字体库 - 分类字体包 - 松邦超世纪字 - 超世纪粗圆体-双空 → 中文字体/标题字
  📂 分类字体包 - 松邦八种分类字体包 - 8 海报类 - 白雨 → 中文字体/其他
  ✓ 完成: 成功 16, 失败 0
  📄 第 310 页: 20 个需要处理
  📂 字体库 - 分类字体包 - 松邦超世纪字 - 超世纪粗毛楷 → 中文字体/标题字
  📂 分类字体包 - 松邦八种分类字体包 - 7 古文类 - 金梅印篆字國際碼 → 中文字体/其他
  📂 字体库 - 分类字体包 - 松邦超世纪字 - 超世纪粗角篆 → 中文字体/标题字
  📂 分类字体包 - 松邦八种分类字体包 - 7 古文类 - 華康新篆體(P) → 中文字体/其他
  📂 字体库 - 分类字体包 - 松邦超世纪字 - 超世纪粗黑体-实阴 → 中文字体/标题字
  📂 字体库 - 分类字体包 - 松邦超世纪字 - 超世纪粗角报 → 中文字体/标题字
  📂 分类字体包 - 松邦八种分类字体包 - 7 古文类 - 方正小篆体 → 中文字体/装饰体
  📂 等线粗体 → 中文字体/等线体
  📂 松邦八种分类字体包 - 6 英文类 - 小写 （20款） - Some Weatz swashes → 中文字体/其他
  📂 分类字体包 - 松邦八种分类字体包 - 7 古文类 - 白舟太篆書 → 中文字体/其他
  📂 Billy Argel Fonts - Shit Happens → 中文字体/装饰体
  📂 Respective → 中文字体/标题字
  📂 ChopinScript → 中文字体/手写体
  📂 松邦八种分类字体包 - 6 英文类 - 小写 （20款） - English → 中文字体/正文字
  📂 松邦八种分类字体包 - 6 英文类 - 小写 （20款） - Pharmount_PersonalUseOnly → 中文字体/其他
  📂 松邦八种分类字体包 - 6 英文类 - 小写 （20款） - Freebooter Script → 中文字体/其他
  📂 松邦八种分类字体包 - 6 英文类 - 小写 （20款） - Mr Sheffield → 中文字体/其他
  📂 松邦八种分类字体包 - 6 英文类 - 大写 （10款） - Wager BRK → 中文字体/其他
  ✓ 完成: 成功 18, 失败 0
  📄 第 311 页: 20 个需要处理
  📂 思源黑体 → 中文字体/正文字
  📂 Birds of Paradise（华丽卷曲手写体） → 中文字体/手写体
  📂 字体库 - 分类字体包 - 松邦超世纪字 - 超世纪波卡体-空阴 → 中文字体/其他
  📂 字体库 - 分类字体包 - 松邦超世纪字 - 超世纪粗标楷 → 中文字体/标题字
  📂 松邦八种分类字体包 - 6 英文类 - 大写 （10款） - Kovacs Spot → 韩文字体/其他
  📂 松邦八种分类字体包 - 6 英文类 - 大写 （10款） - Universal Jack → 日文字体/其他
  📂 松邦八种分类字体包 - 6 英文类 - 大写 （10款） - Fabulous → 中文字体/其他
  📂 松邦八种分类字体包 - 6 英文类 - 大写 （10款） - 01 Digitall → 中文字体/其他
  📂 分类字体包 - 松邦八种分类字体包 - 5 卡通类 - Ev - YunYou → 中文字体/手写体
  📂 AbstractConcretLogo → 中文字体/正文字
  📂 字体库 - 分类字体包 - 松邦常用英文字体 - airmole → 中文字体/其他
  📂 字体库 - 分类字体包 - 松邦常用英文字体 - AbsinthFlourishesI → 中文字体/其他
  📂 Pipeline Gothic → 中文字体/标题字
  📂 Abduction 2002 → 中文字体/其他
  📂 分类字体包 - 松邦八种分类字体包 - 5 卡通类 - BIGBANGISVIP → 中文字体/正文字
  📂 字体库 - 分类字体包 - 松邦常用英文字体 - a_d_mono → 中文字体/其他
  📂 字体库 - 分类字体包 - 松邦白丹字体 - 白舟武骨繁体 → 中文字体/其他
  📂 字体库 - 分类字体包 - 松邦白丹字体 - 白舟篆古印 → 中文字体/其他
  📂 字体库 - 分类字体包 - 松邦白丹字体 - 白舟印相教汉 → 中文字体/其他
  ✓ 完成: 成功 19, 失败 0
  📄 第 312 页: 20 个需要处理
  📂 叶立群几何体 → 中文字体/等线体
  📂 分类字体包 - 松邦八种分类字体包 - 5 卡通类 - 腾祥相思简 → 中文字体/其他
  📂 分类字体包 - 松邦八种分类字体包 - 5 卡通类 - 田氏维纳斯体 → 中文字体/其他
  📂 白舟太篆书 → 中文字体/装饰体
  📂 字体库 - 分类字体包 - 松邦白丹字体 - 白舟侍書体 → 中文字体/其他
  📂 白舟静月書体 → 中文字体/手写体
  📂 字体库 - 分类字体包 - 松邦白丹字体 - 白舟隶书 → 中文字体/其他
  📂 腾祥铭刻体简 → 中文字体/手写体
  📂 白舟京円書体 → 中文字体/手写体
  📂 思源黑体 / Source Han Sans (根据视觉特征匹配) → 中文字体/等线体
  📂 TypeLand 隸辨 → 中文字体/装饰体
  📂 字体库 - 分类字体包 - 松邦白丹字体 - 白舟角崩白 → 中文字体/其他
  📂 分类字体包 - 松邦八种分类字体包 - 5 卡通类 - 刘兵克曦冉体超细版 → 中文字体/正文字
  📂 分类字体包 - 松邦八种分类字体包 - 5 卡通类 - 迷你简凌波 → 中文字体/装饰体
  📂 字体库 - 分类字体包 - 松邦白丹字体 - 白舟草书 → 中文字体/手写体
  📂 分类字体包 - 松邦八种分类字体包 - 5 卡通类 - 汉仪夏日体W → 中文字体/其他
  📂 分类字体包 - 松邦八种分类字体包 - 8 海报类 - FGPＮＴＣ新楷書体 → 中文字体/手写体
  📂 分类字体包 - 松邦八种分类字体包 - 5 卡通类 - 汉仪娃娃篆简 → 中文字体/其他
  ✓ 完成: 成功 18, 失败 0
  📄 第 313 页: 20 个需要处理
  📂 分类字体包 - 松邦八种分类字体包 - 8 海报类 - 稚行书体 → 中文字体/标题字
  📂 分类字体包 - 松邦八种分类字体包 - 8 海报类 - 禹卫书法隶书简体 → 中文字体/其他
  📂 分类字体包 - 松邦八种分类字体包 - 5 卡通类 - 汉仪清韵体简 → 中文字体/其他
  📂 汉仪乐喵体简 → 中文字体/装饰体
  📂 分类字体包 - 松邦八种分类字体包 - 8 海报类 - 叶根友微影体 → 中文字体/其他
  📂 分类字体包 - 松邦八种分类字体包 - 5 卡通类 - 方正雅珠简体 → 中文字体/装饰体
  📂 分类字体包 - 松邦八种分类字体包 - 5 卡通类 - 方正稚艺繁体 → 中文字体/其他
  📂 方正明尚体 → 中文字体/装饰体
  📂 分类字体包 - 松邦八种分类字体包 - 5 卡通类 - 方正淘淘简体 → 中文字体/其他
  📂 分类字体包 - 松邦八种分类字体包 - 8 海报类 - 腾祥范笑歌简牍繁 → 中文字体/其他
  📂 苏新诗毛糙体简 → 中文字体/其他
  📂 分类字体包 - 松邦八种分类字体包 - 5 卡通类 - 方正康体简体 → 中文字体/其他
  📂 思源黑体 (Source Han Sans) → 中文字体/标题字
  📂 字酷堂明行体 → 中文字体/手写体
  📂 分类字体包 - 松邦八种分类字体包 - 4 钢笔类 - 钟齐流江毛笔草体 → 中文字体/手写体
  📂 分类字体包 - 松邦八种分类字体包 - 8 海报类 - 迷你简陈频破 → 中文字体/其他
  📂 分类字体包 - 松邦八种分类字体包 - 4 钢笔类 - 钟齐陈伟勋硬笔行书字库 → 中文字体/其他
  ✓ 完成: 成功 17, 失败 0
  📄 第 314 页: 20 个需要处理
  📂 京円 手写涂鸦体 → 中文字体/手写体
  📂 分类字体包 - 松邦八种分类字体包 - 4 钢笔类 - 邢世新硬笔行书简体 → 中文字体/其他
  📂 分类字体包 - 松邦八种分类字体包 - 4 钢笔类 - 我字酷郭金芳硬笔行书简体 → 中文字体/其他
  📂 分类字体包 - 松邦八种分类字体包 - 4 钢笔类 - 全新硬笔楷书简 → 中文字体/手写体
  📂 分类字体包 - 松邦八种分类字体包 - 4 钢笔类 - 书体坊郭小语钢笔楷体 → 中文字体/手写体
  📂 林志秀硬笔楷书 → 中文字体/手写体
  📂 分类字体包 - 松邦八种分类字体包 - 4 钢笔类 - 汉仪平安行简 → 中文字体/手写体
  📂 方正字迹-朱涛钢笔行书简体 → 中文字体/正文字
  📂 分类字体包 - 松邦八种分类字体包 - 8 海报类 - 汉仪双线体简 → 中文字体/其他
  📂 分类字体包 - 松邦八种分类字体包 - 8 海报类 - 方正字迹-童佬简体 → 中文字体/标题字
  📂 分类字体包 - 松邦八种分类字体包 - 4 钢笔类 - 方正字迹-张亮硬笔行书简体 → 中文字体/手写体
  📂 分类字体包 - 松邦八种分类字体包 - 8 海报类 - 方正字迹-鸿飞汉魏简体 → 中文字体/其他
  📂 分类字体包 - 松邦八种分类字体包 - 4 钢笔类 - 方正字迹-刘毅硬笔行书简体 → 中文字体/手写体
  📂 分类字体包 - 松邦八种分类字体包 - 4 钢笔类 - 方正硬笔行书简体 → 中文字体/其他
  📂 分类字体包 - 松邦八种分类字体包 - 4 钢笔类 - 德彪钢笔行书字体 → 中文字体/其他
  📂 分类字体包 - 松邦八种分类字体包 - 4 钢笔类 - 陈继世硬笔行书 → 中文字体/其他
  ✓ 完成: 成功 16, 失败 0
  📄 第 315 页: 20 个需要处理
  📂 甜心涂鸦创意体 → 中文字体/装饰体
  📂 方正豪体 → 中文字体/标题字
  📂 分类字体包 - 松邦八种分类字体包 - 8 海报类 - 方正苏新诗柳楷繁体+ → 中文字体/手写体
  📂 悦圆（YueYuan） → 中文字体/装饰体
  📂 分类字体包 - 松邦八种分类字体包 - 3 创意类 - Aa水瓶座 → 中文字体/其他
  📂 分类字体包 - 松邦八种分类字体包 - 7 古文类 - KakukuzusishuStd-B白舟角崩朱文 → 中文字体/装饰体
  📂 白舟-桜花 → 中文字体/装饰体
  📂 喜庆手写行书体 → 中文字体/手写体
  📂 "新蒂下午茶专业版是一款极具个性和装饰性的手写创意字体。其核心特征在于将优雅的手写笔触与精心设计的装饰元素完美融合。字体整体呈现出圆润、有机的视觉感受，笔画带有自然的手写起伏与连笔感，但又保持着良好的结构稳定性。最显著的特点是在多个大写和小写字母的顶部（如A, B, C, E, F, G等）以及数字‘0’上，设计了精致的爱心装饰图案，赋予字体强烈的情感色彩和甜美气息。同时，一条标志性的波浪线（蕾丝花边效果）贯穿所有字符的底部， → 中文字体/手写体
  📂 分类字体包 - 松邦八种分类字体包 - 3 创意类 - 卿本佳人by落落 → 中文字体/装饰体
  📂 分类字体包 - 松邦八种分类字体包 - 7 古文类 - 经典繁方篆 → 中文字体/其他
  📁 创建: 日文字体/装饰体
  📂 分类字体包 - 松邦八种分类字体包 - 3 创意类 - 美丽的你-【伊筠】-日文 → 日文字体/装饰体
  📂 分类字体包 - 松邦八种分类字体包 - 3 创意类 - 嵐 - 蒙纳清华 → 中文字体/装饰体
  📂 分类字体包 - 松邦八种分类字体包 - 7 古文类 - 華康金文體W3 → 中文字体/其他
  📂 Sloop → 中文字体/手写体
  📂 松邦八种分类字体包 - 6 英文类 - 小写 （20款） - Shelley Script LT Std → 中文字体/手写体
  📂 现代无衬线黑体（含西文） → 中文字体/衬线体
  ✓ 完成: 成功 17, 失败 0
  📄 第 316 页: 20 个需要处理
  📂 松邦八种分类字体包 - 6 英文类 - 小写 （20款） - Niagara-Solid → 中文字体/其他
  📂 松邦八种分类字体包 - 6 英文类 - 小写 （20款） - Respective Swashes → 中文字体/其他
  📂 松邦八种分类字体包 - 6 英文类 - 小写 （20款） - Italianno → 中文字体/手写体
  📂 Easy Street EPS → 中文字体/装饰体
  📂 松邦八种分类字体包 - 6 英文类 - 小写 （20款） - Exmouth → 中文字体/其他
  📂 松邦八种分类字体包 - 6 英文类 - 大写 （10款） - Y2K Analog Legacy → 中文字体/装饰体
  📂 分类字体包 - 松邦八种分类字体包 - 3 创意类 - 花满楼 → 中文字体/装饰体
  📂 Champignon → 中文字体/其他
  📂 Former Airline → 中文字体/标题字
  📂 松邦八种分类字体包 - 6 英文类 - 大写 （10款） - Delusion → 中文字体/装饰体
  📂 萌趣图标装饰体 → 中文字体/装饰体
  📂 分类字体包 - 松邦八种分类字体包 - 5 卡通类 - MYoyo PRC Medium蒙纳摇扬简体 → 中文字体/标题字
  📂 Uranium → 中文字体/其他
  📂 分类字体包 - 松邦八种分类字体包 - 3 创意类 - 汉仪乐喵字体 → 中文字体/装饰体
  📂 购物大狂欢（中日文通用创意装饰字体） → 日文字体/装饰体
  📂 分类字体包 - 松邦八种分类字体包 - 5 卡通类 - 郑庆科智雅体 → 中文字体/标题字
  📂 分类字体包 - 松邦八种分类字体包 - 5 卡通类 - Calista 沐君豆豆体 → 中文字体/其他
  📂 心语甜心体 → 中文字体/装饰体
  ✓ 完成: 成功 18, 失败 0
  📄 第 317 页: 20 个需要处理
  📂 分类字体包 - 松邦八种分类字体包 - 5 卡通类 - 腾祥铚谦幼儿简 → 中文字体/装饰体
  📂 分类字体包 - 松邦八种分类字体包 - 5 卡通类 - 叶根友圆趣卡通体 → 中文字体/其他
  📂 分类字体包 - 松邦八种分类字体包 - 5 卡通类 - 腾祥日历体繁 → 中文字体/其他
  📂 阿氿的少女心 → 中文字体/装饰体
  📂 分类字体包 - 松邦八种分类字体包 - 5 卡通类 - 锐字锐线俏皮简1.0 → 中文字体/其他
  📂 分类字体包 - 松邦八种分类字体包 - 5 卡通类 - 华康娃娃体W5(P) → 中文字体/其他
  📂 分类字体包 - 松邦八种分类字体包 - 5 卡通类 - 迷你简卡通 → 中文字体/装饰体
  📂 汉仪悠然体简 → 中文字体/手写体
  📂 【太阳君】满天心 → 中文字体/装饰体
  📂 汉仪歪歪体简 → 中文字体/手写体
  📂 分类字体包 - 松邦八种分类字体包 - 5 卡通类 - 汉仪帅线体W → 中文字体/其他
  📂 分类字体包 - 松邦八种分类字体包 - 3 创意类 - 【阿西】雾里看花-日文 → 日文字体/其他
  📂 分类字体包 - 松邦八种分类字体包 - 5 卡通类 - 汉仪海纹体简 → 中文字体/装饰体
  📂 分类字体包 - 松邦八种分类字体包 - 5 卡通类 - 方正毡笔黑简体 → 中文字体/手写体
  📂 分类字体包 - 松邦八种分类字体包 - 5 卡通类 - 汉仪良品线简 → 中文字体/其他
  📂 方正细谭黑简体 → 中文字体/正文字
  📂 松邦现代毛笔体 → 日文字体/手写体
  📂 "方正喵呜体是一款典型的卡通风格无衬线字体。其最显著的特征是笔画高度圆润、结构饱满且充满手写感的随意性。所有笔画的起笔、收笔与转折处均处理为柔和的圆角或圆点，无任何尖锐棱角，营造出亲切、活泼、可爱的视觉感受。字母与汉字的字形比例协调，x字高较高，整体重心稳定但姿态生动，仿佛卡通角色书写而成。该字体情感调性极为友好、童趣，自带轻松愉悦的氛围，是儿童产品、休闲娱乐场景 → 中文字体/手写体
  📂 方正孙拥声简体 → 中文字体/其他
  📂 现代简约无衬线体 → 中文字体/正文字
  ✓ 完成: 成功 20, 失败 0
  📄 第 318 页: 20 个需要处理
  📂 方正非凡简体 → 中文字体/衬线体
  📂 分类字体包 - 松邦八种分类字体包 - 5 卡通类 - 方正卡通简体 → 中文字体/装饰体
  📂 叶根友毛笔行书 2.0 → 中文字体/其他
  📂 分类字体包 - 松邦八种分类字体包 - 2 草书类 - 钟齐李洤标准草书符号 → 中文字体/其他
  📂 钟齐志莽行书 → 中文字体/手写体
  📂 简黑 → 中文字体/正文字
  📂 分类字体包 - 松邦八种分类字体包 - 4 钢笔类 - 英章行书 → 中文字体/其他
  📂 "这款字体是钟齐李洤创作的钢笔书法字体，展现出娴熟的行草书风。其核心特征是笔画连绵流畅，具有自然的提按与飞白效果，中英文字符均保持一致的连笔书写感。字形结构紧凑而笔势舒展，视觉上兼具流畅性与力度。中文部分尤其体现行书的便捷与草书的简省，英文字符则相对规整但同样带有手写的韵律。整体情感调性优雅、文艺，富有艺术气息与个人风格，区别于过于随意或过于规整的字体。它极具辨识度，适合在需要突出人文感 → 中文字体/手写体
  📂 分类字体包 - 松邦八种分类字体包 - 2 草书类 - 良怀行书 → 中文字体/其他
  📂 繁体无衬线通用字体 → 中文字体/正文字
  📂 分类字体包 - 松邦八种分类字体包 - 4 钢笔类 - 新蒂下午茶白金体 → 中文字体/其他
  📂 通用无衬线中黑体 → 中文字体/正文字
  📂 分类字体包 - 松邦八种分类字体包 - 4 钢笔类 - 田英章硬笔楷书简体 → 中文字体/手写体
  📂 分类字体包 - 松邦八种分类字体包 - 4 钢笔类 - 书体坊安景臣钢笔行书 → 中文字体/其他
  📂 分类字体包 - 松邦八种分类字体包 - 2 草书类 - 汉仪青云W → 中文字体/其他
  📂 分类字体包 - 松邦八种分类字体包 - 4 钢笔类 - 黄彦文行书字体 → 中文字体/手写体
  📂 分类字体包 - 松邦八种分类字体包 - 4 钢笔类 - 默陌信笺手写体 → 中文字体/手写体
  📂 分类字体包 - 松邦八种分类字体包 - 2 草书类 - 方正字迹-长江行书简体 → 中文字体/其他
  📂 分类字体包 - 松邦八种分类字体包 - 4 钢笔类 - 方正字迹-朱涛钢笔行书繁体 （多出一个是繁体）不错 → 中文字体/手写体
  📂 分类字体包 - 松邦八种分类字体包 - 4 钢笔类 - 方正字迹-子实行楷简体 → 中文字体/手写体
  ✓ 完成: 成功 20, 失败 0
  📄 第 319 页: 20 个需要处理
  📂 分类字体包 - 松邦八种分类字体包 - 4 钢笔类 - 方正字迹-佩安硬笔简体 → 中文字体/标题字
  📂 分类字体包 - 松邦八种分类字体包 - 2 草书类 - 方正字迹-四海行书简体 → 中文字体/手写体
  📂 分类字体包 - 松邦八种分类字体包 - 4 钢笔类 - 方正字迹-仿欧简体 → 中文字体/其他
  📂 分类字体包 - 松邦八种分类字体包 - 4 钢笔类 - 方正硬笔楷书简体 → 中文字体/手写体
  📂 戴锦好钢笔手写体 → 中文字体/手写体
  📂 分类字体包 - 松邦八种分类字体包 - 2 草书类 - 方正字迹-吕建德行楷繁体 → 中文字体/手写体
  📂 分类字体包 - 松邦八种分类字体包 - 4 钢笔类 - 博洋行书二 → 中文字体/其他
  📂 分类字体包 - 松邦八种分类字体包 - 2 草书类 - 方正启笛简体 → 中文字体/其他
  📂 分类字体包 - 松邦八种分类字体包 - 2 草书类 - 方正黄草简体 → 中文字体/手写体
  📂 分类字体包 - 松邦八种分类字体包 - 3 创意类 - HOPE → 中文字体/其他
  📂 分类字体包 - 松邦八种分类字体包 - 2 草书类 - 段宁毛笔行书 → 中文字体/其他
  📂 字酷堂清楷体 → 中文字体/衬线体
  📂 分类字体包 - 松邦八种分类字体包 - 1 实用类 - 张海山草泥马体 → 中文字体/其他
  📂 分类字体包 - 松邦八种分类字体包 - 3 创意类 - 字体管家欢庆 → 中文字体/其他
  📂 分类字体包 - 松邦八种分类字体包 - 1 实用类 - 郑庆科智雅体 → 中文字体/其他
  📂 分类字体包 - 松邦八种分类字体包 - 3 创意类 - 悦黑-yolan → 中文字体/其他
  📂 分类字体包 - 松邦八种分类字体包 - 3 创意类 - 锐字工房卡布奇诺常规简1.0 → 中文字体/其他
  📂 分类字体包 - 松邦八种分类字体包 - 1 实用类 - 造字工房尚黑常规体 → 中文字体/其他
  📂 分类字体包 - 松邦八种分类字体包 - 1 实用类 - 造字工房悦黑 G0v1常规体 → 中文字体/正文字
  ✓ 完成: 成功 19, 失败 0
  📄 第 320 页: 20 个需要处理
  📂 牵牛花藤蔓装饰体 → 韩文字体/正文字
  📂 造字工房朗宋 → 中文字体/衬线体
  📂 分类字体包 - 松邦八种分类字体包 - 1 实用类 - 造字工房凌黑 → 中文字体/其他
  📂 分类字体包 - 松邦八种分类字体包 - 1 实用类 - 条幅黑体 → 中文字体/其他
  📂 分类字体包 - 松邦八种分类字体包 - 1 实用类 - 造字工房劲黑 → 中文字体/其他
  📂 "这是一款典型的现代无衬线字体（Sans-serif）。其核心特征在于高度几何化的字形结构与笔画末端独特的圆角处理，这种设计在硬朗的框架中融入了柔和感。笔画粗细非常均匀，没有明显的粗细变化，视觉上呈现出干净、规整的观感。字重适中 → 中文字体/标题字
  📂 分类字体包 - 松邦八种分类字体包 - 3 创意类 - 萝莉小猫咪体-日文 → 日文字体/其他
  📂 江南情人-【蘑菇自制】-中文 → 中文字体/装饰体
  📂 分类字体包 - 松邦八种分类字体包 - 1 实用类 - 腾祥魅黑简 → 中文字体/其他
  📂 分类字体包 - 松邦八种分类字体包 - 1 实用类 - 锐字锐线怒放黑简1.0 → 中文字体/其他
  📂 海浪花体字 → 中文字体/装饰体
  📂 分类字体包 - 松邦八种分类字体包 - 3 创意类 - 汉仪太极体简 → 中文字体/装饰体
  📂 Bling闪光蝴蝶结体 → 韩文字体/装饰体
  📂 分类字体包 - 松邦八种分类字体包 - 1 实用类 - 迷你简习字 → 中文字体/其他
  📂 分类字体包 - 松邦八种分类字体包 - 1 实用类 - 锐字逼格青春体简2.0 → 中文字体/其他
  📂 分类字体包 - 松邦八种分类字体包 - 1 实用类 - 怀良行书空心体 → 中文字体/其他
  📂 方正有猫在简体 → 中文字体/装饰体
  📂 分类字体包 - 松邦八种分类字体包 - 1 实用类 - 经典细空艺 → 中文字体/正文字
  ✓ 完成: 成功 18, 失败 0
  📄 第 321 页: 20 个需要处理
  📂 分类字体包 - 松邦八种分类字体包 - 1 实用类 - 汉仪雪君体繁 → 中文字体/其他
  📂 分类字体包 - 松邦八种分类字体包 - 1 实用类 - 汉真广标 → 中文字体/其他
  📂 分类字体包 - 松邦八种分类字体包 - 3 创意类 - 草莓字体 → 中文字体/其他
  📂 分类字体包 - 松邦八种分类字体包 - 1 实用类 - 汉仪圆叠体简 → 中文字体/其他
  📂 汉仪秀英体 → 中文字体/正文字
  📂 分类字体包 - 松邦八种分类字体包 - 1 实用类 - 汉仪水波体简 → 中文字体/其他
  📂 团子请叫我天然萌 → 中文字体/其他
  📂 【初遇】Near-装饰体 → 韩文字体/装饰体
  📂 分类字体包 - 松邦八种分类字体包 - 1 实用类 - 方正正大黑简体 → 中文字体/其他
  📂 分类字体包 - 松邦八种分类字体包 - 1 实用类 - 方正小标宋简体 → 中文字体/衬线体
  📂 分类字体包 - 松邦八种分类字体包 - 1 实用类 - 方正品尚中黑简体 → 中文字体/正文字
  📂 方正隶二简体 → 中文字体/标题字
  📂 分类字体包 - 松邦八种分类字体包 - 1 实用类 - 方正兰亭超细黑简体 → 中文字体/正文字
  📂 钟齐流江毛笔草体 → 中文字体/手写体
  📂 分类字体包 - 松邦八种分类字体包 - 2 草书类 - 字酷堂明行体 → 中文字体/其他
  📂 分类字体包 - 松邦八种分类字体包 - 1 实用类 - 方正黑体简体 → 中文字体/其他
  ✓ 完成: 成功 16, 失败 0
  📄 第 322 页: 20 个需要处理
  📂 中山行书百年纪念版 → 中文字体/手写体
  📂 分类字体包 - 松邦八种分类字体包 - 1 实用类 - 方正彩云简体 → 中文字体/装饰体
  📂 分类字体包 - 松邦八种分类字体包 - 2 草书类 - 禹卫书法行书简体 → 中文字体/手写体
  📂 分类字体包 - 松邦八种分类字体包 - 2 草书类 - 孙过庭草书 → 中文字体/其他
  📂 分类字体包 - 松邦八种分类字体包 - 2 草书类 - 李旭科书法 → 中文字体/其他
  📂 字体库 - 分类字体包 - 松邦-Mac苹果字体 - WinterShivers → 中文字体/其他
  📂 字体库 - 分类字体包 - 松邦-Mac苹果字体 - Univercity → 中文字体/其他
  📂 分类字体包 - 松邦八种分类字体包 - 2 草书类 - 金梅新毛筆行書 → 中文字体/其他
  📂 Trinket → 中文字体/其他
  📂 几何无衬线中粗体 → 中文字体/等线体
  📂 字体库 - 分类字体包 - 松邦-Mac苹果字体 - Teyepface → 中文字体/其他
  📂 字体库 - 分类字体包 - 松邦-Mac苹果字体 - SantaMaria → 中文字体/其他
  📂 字体库 - 分类字体包 - 松邦-Mac苹果字体 - Shellshock → 中文字体/其他
  📂 分类字体包 - 松邦八种分类字体包 - 2 草书类 - 汉仪国强行书 → 中文字体/手写体
  📂 Salantina → 中文字体/衬线体
  📂 分类字体包 - 松邦八种分类字体包 - 2 草书类 - 方正字迹-邢体草书简体 → 中文字体/其他
  📂 OffKilter → 中文字体/装饰体
  📂 Gothic Border → 中文字体/装饰体
  ✓ 完成: 成功 18, 失败 0
  📄 第 323 页: 20 个需要处理
  📂 字体库 - 分类字体包 - 松邦-Mac苹果字体 - GranthamLane → 中文字体/其他
  📂 分类字体包 - 松邦八种分类字体包 - 2 草书类 - 方正字迹-吕建德行楷简体 → 中文字体/手写体
  📂 Louda → 中文字体/装饰体
  📂 Dazzol → 中文字体/装饰体
  📂 字体库 - 分类字体包 - 松邦-Mac苹果字体 - Mannberg → 中文字体/其他
  📂 Goldstar → 中文字体/装饰体
  📂 字体库 - 分类字体包 - 松邦-Mac苹果字体 - Garamondo → 中文字体/其他
  📂 方正行楷繁体 → 中文字体/手写体
  📂 字体库 - 分类字体包 - 松邦-Mac苹果字体 - Discotek → 中文字体/其他
  📂 分类字体包 - 松邦八种分类字体包 - 2 草书类 - 方正仿郭简体 → 中文字体/其他
  📂 分类字体包 - 松邦八种分类字体包 - 2 草书类 - 方正狂草 → 中文字体/手写体
  📂 Bristle → 中文字体/手写体
  📂 字体库 - 分类字体包 - 松邦-Mac苹果字体 - Coolio → 中文字体/装饰体
  📂 字体库 - 分类字体包 - 松邦-Mac苹果字体 - BigDripper → 中文字体/其他
  📂 松邦几何无衬线体 → 中文字体/衬线体
  📂 分类字体包 - 松邦八种分类字体包 - 2 草书类 - 草檀斋毛泽东字体 → 中文字体/其他
  📂 Alido → 中文字体/正文字
  📂 逐浪雅体 → 中文字体/等线体
  📂 字体库 - 分类字体包 - 松邦 中國龍字 - 中國龍瑩篆體 → 中文字体/其他
  📂 字体库 - 分类字体包 - 松邦 中國龍字 - 中國龍新藝體 → 中文字体/其他
  ✓ 完成: 成功 20, 失败 0
  📄 第 324 页: 20 个需要处理
  📂 现代几何等线体 → 中文字体/等线体
  📂 现代无衬线体（带微圆角） → 中文字体/衬线体
  📂 分类字体包 - 松邦八种分类字体包 - 1 实用类 - 张海山锐线体2.0 → 中文字体/其他
  📂 字体库 - 分类字体包 - 松邦 中國龍字 - 中國龍金石篆 → 中文字体/其他
  📂 分类字体包 - 松邦八种分类字体包 - 1 实用类 - 造字工房悦黑 → 中文字体/其他
  📂 思源黑体 → 中文字体/正文字
  📂 等线体（无衬线） → 中文字体/正文字
  📂 分类字体包 - 松邦八种分类字体包 - 1 实用类 - 造字工房尚雅（非商用）常规体 → 中文字体/其他
  📂 中国龙黑体 → 中文字体/等线体
  📂 分类字体包 - 松邦八种分类字体包 - 1 实用类 - 田英章毛笔楷书 → 中文字体/手写体
  📂 分类字体包 - 松邦八种分类字体包 - 1 实用类 - 双鱼集 南宋书局体 → 中文字体/衬线体
  📂 分类字体包 - 松邦八种分类字体包 - 1 实用类 - 锐字锐线俏皮简1.0 → 中文字体/其他
  📂 几何无衬线体 → 中文字体/衬线体
  📂 分类字体包 - 松邦八种分类字体包 - 1 实用类 - 锐字锐线极限黑简1.0 → 中文字体/其他
  📂 分类字体包 - 松邦八种分类字体包 - 1 实用类 - 锐字逼格锐线体简4.0 → 中文字体/等线体
  ✓ 完成: 成功 15, 失败 0
  📄 第 325 页: 20 个需要处理
  📂 字体库 - 分类字体包 - 松邦 藏文字体 - TIBMDA → 中文字体/其他
  📂 字体库 - 分类字体包 - 松邦 藏文字体 - Esans → 中文字体/衬线体
  📂 字体库 - 分类字体包 - 松邦 藏文字体 - ededris-vowa → 中文字体/其他
  📂 字体库 - 分类字体包 - 松邦 藏文字体 - ededris-f1 → 中文字体/其他
  📂 松邦藏文多语字体包 → 中文字体/装饰体
  📂 字体库 - 分类字体包 - 松邦 藏文字体 - ededris-f3 → 中文字体/其他
  📂 分类字体包 - 松邦八种分类字体包 - 1 实用类 - 迷你霹雳体 → 中文字体/正文字
  📂 字体库 - 分类字体包 - 松邦 藏文字体 - ededris-g1 → 中文字体/其他
  📂 字体库 - 分类字体包 - 松邦 藏文字体 - ededris-d3 → 中文字体/其他
  📂 藏文书法装饰体 → 中文字体/装饰体
  📂 无衬线黑体样例 → 中文字体/正文字
  📂 分类字体包 - 松邦八种分类字体包 - 1 实用类 - 康熙字典體 → 中文字体/其他
  📂 字体库 - 分类字体包 - 松邦 藏文字体 - ededris-d1 → 中文字体/其他
  📂 松邦藏文字体 (ededris-b3) → 中文字体/正文字
  📂 松邦 藏文字体 (ededris-c3) → 中文字体/装饰体
  📂 松邦藏文·中文字体 → 中文字体/等线体
  📂 字体库 - 分类字体包 - 松邦 藏文字体 - ededris-b1 → 中文字体/其他
  📂 字体库 - 分类字体包 - 松邦 藏文字体 - ededris-a3 → 中文字体/其他
  ✓ 完成: 成功 18, 失败 0
  📄 第 326 页: 20 个需要处理
  📂 Dedris G3 → 中文字体/衬线体
  📂 松邦藏文装饰体（云纹） → 中文字体/装饰体
  📂 分类字体包 - 松邦八种分类字体包 - 1 实用类 - 交通标志专用字体 → 中文字体/正文字
  📂 松邦藏文装饰体 - Dedris F1 (古典华丽) → 中文字体/装饰体
  📂 Dedris G1 藏文 → 中文字体/正文字
  📂 分类字体包 - 松邦八种分类字体包 - 1 实用类 - 华文中宋 → 中文字体/衬线体
  📂 字体库 - 分类字体包 - 松邦 藏文字体 - dedris-e3 → 中文字体/其他
  📂 字体库 - 分类字体包 - 松邦 藏文字体 - dedris-f3 → 中文字体/等线体
  📂 字体库 - 分类字体包 - 松邦 藏文字体 - dedris-c3 → 中文字体/其他
  📂 字体库 - 分类字体包 - 松邦 藏文字体 - dedris-e1 → 中文字体/其他
  📂 分类字体包 - 松邦八种分类字体包 - 1 实用类 - 汉仪长艺体简 → 中文字体/其他
  📂 字体库 - 分类字体包 - 松邦 藏文字体 - dedris-d1 → 中文字体/其他
  📂 松邦藏文装饰体 → 中文字体/装饰体
  📂 分类字体包 - 松邦八种分类字体包 - 1 实用类 - 汉仪雪君体简 → 中文字体/其他
  📂 字体库 - 分类字体包 - 松邦 藏文字体 - dedris-b3 → 中文字体/其他
  📂 分类字体包 - 松邦八种分类字体包 - 1 实用类 - 汉仪雪峰体简 → 中文字体/正文字
  📂 字体库 - 分类字体包 - 松邦 藏文字体 - dedris-c1 → 中文字体/其他
  📂 分类字体包 - 松邦八种分类字体包 - 1 实用类 - 汉仪晓波折纸体简 → 中文字体/其他
  📂 字体库 - 分类字体包 - 松邦 藏文字体 - dedris-b1 → 中文字体/装饰体
  📂 字体库 - 分类字体包 - 松邦 藏文字体 - dedris-a1 → 中文字体/装饰体
  ✓ 完成: 成功 20, 失败 0
  📄 第 327 页: 20 个需要处理
  📂 古典优雅衬线体 → 中文字体/衬线体
  📂 松邦藏文艺术体 → 中文字体/其他
  📂 字体库 - 分类字体包 - 松邦 藏文字体 - AXIFTDC → 中文字体/其他
  📂 GothicBBBPro-Medium → 日文字体/等线体
  📂 方正综艺繁体 → 中文字体/标题字
  📂 分类字体包 - 松邦 日文书法字体合集 - 日文字体 - A-OTF-TakaHandStd-Medium → 日文字体/手写体
  📂 分类字体包 - 松邦八种分类字体包 - 1 实用类 - 方正行楷简体 → 中文字体/手写体
  📂 分类字体包 - 松邦 日文书法字体合集 - 日文字体 - A-OTF-TakaHandStd-Bold → 日文字体/标题字
  📂 分类字体包 - 松邦八种分类字体包 - 1 实用类 - 方正小标宋繁体 → 中文字体/衬线体
  📂 方正清刻本悦宋 → 中文字体/衬线体
  📂 分类字体包 - 松邦 日文书法字体合集 - 日文字体 - A-OTF-Reisho101Std-Medium → 日文字体/其他
  📂 方正品尚粗黑简体 → 中文字体/标题字
  📂 方正兰亭特黑简体 → 中文字体/其他
  📂 A-OTF-OutaiKaiStd-Light（楷体） → 日文字体/手写体
  ✓ 完成: 成功 14, 失败 0
  📄 第 328 页: 20 个需要处理
  📂 分类字体包 - 松邦 日文书法字体合集 - 日文字体 - A-OTF-MusashiStd-Regular → 日文字体/标题字
  📂 分类字体包 - 松邦八种分类字体包 - 1 实用类 - 方正琥珀简体 → 中文字体/其他
  📁 创建: 日文字体/正文字
  📂 分类字体包 - 松邦 日文书法字体合集 - 日文字体 - A-OTF-MNewsGPro-Light → 日文字体/正文字
  📂 方正粗俊黑简体 → 中文字体/标题字
  📂 分类字体包 - 松邦八种分类字体包 - 1 实用类 - 方正超粗黑简体 → 中文字体/标题字
  📂 Vandyke → 中文字体/手写体
  📂 分类字体包 - 松邦 日文书法字体合集 - 日文字体 - A-OTF-MidashiGoPr5-MB31 → 日文字体/其他
  📂 字体库 - 分类字体包 - 松邦-Mac苹果字体 - Twinklestar → 中文字体/其他
  📂 StarryField → 中文字体/装饰体
  📂 分类字体包 - 松邦 日文书法字体合集 - 日文字体 - A-OTF-MidashiMinPr5-MA31 → 日文字体/其他
  📂 分类字体包 - 松邦 日文书法字体合集 - 日文字体 - A-OTF-KumoyaStd-Regular → 日文字体/装饰体
  📂 字体库 - 分类字体包 - 松邦-Mac苹果字体 - Sanzibar → 中文字体/其他
  📂 字体库 - 分类字体包 - 松邦-Mac苹果字体 - TortaOrnamentals → 中文字体/装饰体
  📂 Rotoan → 中文字体/装饰体
  📂 分类字体包 - 松邦 日文书法字体合集 - 日文字体 - A-OTF-JominStd-Light → 日文字体/正文字
  📂 字体库 - 分类字体包 - 松邦-Mac苹果字体 - PearlyGates → 中文字体/衬线体
  📂 字体库 - 分类字体包 - 松邦-Mac苹果字体 - Sandala → 中文字体/其他
  📂 字体库 - 分类字体包 - 松邦-Mac苹果字体 - Matamoras → 中文字体/其他
  ✓ 完成: 成功 18, 失败 0
  📄 第 329 页: 20 个需要处理
  📂 Gothic BBB Pr5 Medium → 日文字体/正文字
  📂 字体库 - 分类字体包 - 松邦-Mac苹果字体 - KindaCreepy → 中文字体/其他
  📂 Gorefest (恐怖滴落风) → 中文字体/装饰体
  📂 分类字体包 - 松邦 日文书法字体合集 - 日文字体 - A-OTF-HarucraftStd-Heavy → 日文字体/其他
  📂 字体库 - 分类字体包 - 松邦-Mac苹果字体 - Finneon → 中文字体/其他
  📂 分类字体包 - 松邦 日文书法字体合集 - 日文字体 - A-OTF-FutoMinA101Pr5-Bold → 日文字体/标题字
  📂 Courisant → 中文字体/衬线体
  📂 Delevane → 中文字体/手写体
  📂 Cavano → 中文字体/标题字
  📂 字体库 - 分类字体包 - 松邦-Mac苹果字体 - Glascow → 中文字体/其他
  📂 字体库 - 分类字体包 - 松邦-Mac苹果字体 - BanksScript → 中文字体/手写体
  📂 分类字体包 - 松邦 日文书法字体合集 - 日文字体 - A-OTF-FutoGoB101Pr5-Bold → 日文字体/标题字
  📂 BoldTowne → 中文字体/标题字
  📂 Abolon → 中文字体/等线体
  📂 松邦 日文书法字体合集 - 日文字体 - 新建文件夹 - G-OTF-GFutoGoB101Pro-Bold → 日文字体/衬线体
  📂 A1明朝体 粗体 → 日文字体/衬线体
  📂 松邦 日文书法字体合集 - 日文字体 - 新建文件夹 - A-OTF-TakaHandStd-Light → 日文字体/手写体
  📂 字体库 - 分类字体包 - 松邦 中國龍字 - 中國龍圓新書 → 中文字体/其他
  📂 字体库 - 分类字体包 - 松邦 中國龍字 - 中國龍行書體 → 中文字体/其他
  ✓ 完成: 成功 19, 失败 0
  📄 第 330 页: 20 个需要处理
  📂 字体库 - 分类字体包 - 松邦 中國龍字 - 中國龍細圓體 → 中文字体/其他
  📂 TakaHand Std Bold → 日文字体/标题字
  📂 新星体Pro CBSK → 日文字体/衬线体
  📂 几何黑体Regular → 中文字体/等线体
  📂 字体库 - 分类字体包 - 松邦 中國龍字 - 中國龍勘亭流 → 中文字体/其他
  📂 字体库 - 分类字体包 - 松邦 中國龍字 - 中國龍角新書 → 中文字体/其他
  📂 PreMomoStd-Bold → 日文字体/手写体
  📂 松邦 日文书法字体合集 - 日文字体 - 新建文件夹 - A-OTF-SeiKaiCB1Std-Regular → 日文字体/其他
  📂 松邦 日文书法字体合集 - 日文字体 - 新建文件夹 - A-OTF-NachinStd-Regular → 日文字体/其他
  📂 字体库 - 分类字体包 - 松邦 中國龍字 - 中國龍淡古體 → 中文字体/其他
  📂 圓點黑體 → 中文字体/装饰体
  📂 Midashi Min (见出明朝体) MA31 → 日文字体/衬线体
  📂 松邦 日文书法字体合集 - 日文字体 - 新建文件夹 - A-OTF-MNewsMPro-Light → 日文字体/正文字
  📂 字体库 - 分类字体包 - 松邦 藏文字体 - Epali → 中文字体/衬线体
  📂 NISIBUS 藏文字体 → 中文字体/其他
  📂 松邦 日文书法字体合集 - 日文字体 - 新建文件夹 - A-OTF-LikureiStd-Regular → 日文字体/其他
  ✓ 完成: 成功 16, 失败 0
  📄 第 331 页: 20 个需要处理
  📂 松邦 日文书法字体合集 - 日文字体 - 新建文件夹 - A-OTF-KochoStd-Heavy → 日文字体/其他
  📂 松邦 日文书法字体合集 - 日文字体 - 新建文件夹 - A-OTF-KaishoMCBK1Pro-DeBold → 日文字体/标题字
  📂 字体库 - 分类字体包 - 松邦 藏文字体 - ededris-syma → 中文字体/其他
  📂 字体库 - 分类字体包 - 松邦 藏文字体 - ededris-g2 → 中文字体/装饰体
  📂 藏文书法体（松邦） → 中文字体/装饰体
  📂 Modern Tibetan Serif → 中文字体/衬线体
  📂 松邦藏文与中文等线体 → 中文字体/正文字
  📂 A-OTF-HaruGakuStd-Light → 日文字体/正文字
  📂 字体库 - 分类字体包 - 松邦 藏文字体 - ededris-f → 中文字体/装饰体
  📂 FutoMincho Bold → 日文字体/衬线体
  📂 字体库 - 分类字体包 - 松邦 藏文字体 - ededris-e → 中文字体/其他
  📂 字体库 - 分类字体包 - 松邦 藏文字体 - ededris-c2 → 中文字体/其他
  📂 松邦藏文字体 → 中文字体/装饰体
  📂 字体库 - 分类字体包 - 松邦 藏文字体 - ededris-d2 → 中文字体/其他
  📂 松邦 日文书法字体合集 - 日文字体 - 新建文件夹 - A-OTF-GothicBBBPro-Medium → 日文字体/其他
  📂 松邦 日文书法字体合集 - 日文字体 - 新建文件夹 - A-OTF-FutoGoB101Pro-Bold → 日文字体/标题字
  📂 字体库 - 分类字体包 - 松邦 藏文字体 - ededris-b2 → 中文字体/装饰体
  📂 松邦 日文书法字体合集 - 日文字体 - 新建文件夹 - A-OTF-AkashiStd-Light → 日文字体/衬线体
  📂 松邦藏文字体 → 中文字体/装饰体
  📂 字体库 - 分类字体包 - 松邦 藏文字体 - ededris-c → 中文字体/其他
  ✓ 完成: 成功 20, 失败 0
  📄 第 332 页: 20 个需要处理
  📂 藏韵黑体 → 中文字体/装饰体
  📂 黑体等宽体 → 中文字体/等线体
  📂 字体库 - 分类字体包 - 松邦 藏文字体 - ededris-a2 → 中文字体/其他
  📂 字体库 - 分类字体包 - 松邦 迷你字体 - 迷你简准圆 → 中文字体/正文字
  📂 字体库 - 分类字体包 - 松邦 藏文字体 - dedris-g2 → 中文字体/其他
  📂 字体库 - 分类字体包 - 松邦 藏文字体 - dedris-syma → 中文字体/其他
  📂 字体库 - 分类字体包 - 松邦 迷你字体 - 迷你简竹节 → 中文字体/装饰体
  📂 思源黑体风格中文字体 → 中文字体/正文字
  📂 字体库 - 分类字体包 - 松邦 藏文字体 - dedris-g → 中文字体/其他
  📂 松邦藏文-中文双语无衬线体 → 中文字体/正文字
  📂 字体库 - 分类字体包 - 松邦 藏文字体 - dedris-e2 → 中文字体/装饰体
  📂 字体库 - 分类字体包 - 松邦 藏文字体 - dedris-d2 → 中文字体/其他
  📂 松邦迷你简稚艺 → 中文字体/正文字
  📂 字体库 - 分类字体包 - 松邦 迷你字体 - 迷你简中楷 → 中文字体/手写体
  📂 松邦藏文字体 Dedris-E → 中文字体/其他
  📂 字体库 - 分类字体包 - 松邦 藏文字体 - dedris-d → 中文字体/其他
  📂 字体库 - 分类字体包 - 松邦 迷你字体 - 迷你简幼线 → 中文字体/其他
  📂 Dedris Sans → 中文字体/正文字
  📂 字体库 - 分类字体包 - 松邦 藏文字体 - dedris-c2 → 中文字体/其他
  ✓ 完成: 成功 19, 失败 0
  📄 第 333 页: 20 个需要处理
  📂 字体库 - 分类字体包 - 松邦 迷你字体 - 迷你简长宋 → 中文字体/衬线体
  📂 字体库 - 分类字体包 - 松邦 迷你字体 - 迷你简毡笔黑 → 中文字体/装饰体
  📂 "Dedris-C是一款具有鲜明视觉对比的藏文装饰字体。其核心特征在于藏文部分采用了极粗的板状衬线设计， → 中文字体/标题字
  📂 松邦藏文装饰体 → 中文字体/标题字
  📂 Dedris-A2 藏汉双语标题字体 → 中文字体/标题字
  📂 字体模板 → 中文字体/其他
  📂 Dedris-B 藏文书法体 → 中文字体/装饰体
  📂 字体库 - 分类字体包 - 松邦 迷你字体 - 迷你简淹水 → 中文字体/等线体
  📂 字体库 - 分类字体包 - 松邦 迷你字体 - 迷你简姚体 → 中文字体/其他
  📂 AXIFTDI 优雅衬线体 → 中文字体/衬线体
  📂 字体模板 → 中文字体/其他
  📂 A-OTF-TakaHandStd-Light → 日文字体/等线体
  📂 字体库 - 分类字体包 - 松邦 迷你字体 - 迷你简雪君 → 中文字体/标题字
  📂 分类字体包 - 松邦 日文书法字体合集 - 日文字体 - A-OTF-TakaHandStd-DeBold → 日文字体/标题字
  📂 字体库 - 分类字体包 - 松邦 迷你字体 - 迷你简秀英 → 中文字体/其他
  📂 分类字体包 - 松邦 日文书法字体合集 - 日文字体 - A-OTF-ShinseiKaiPro-CBSK1 → 日文字体/其他
  📂 分类字体包 - 松邦 日文书法字体合集 - 日文字体 - A-OTF-SeiKaiCB1Std-Regular → 日文字体/其他
  📂 字体库 - 分类字体包 - 松邦 迷你字体 - 迷你简行楷碑 → 中文字体/手写体
  ✓ 完成: 成功 18, 失败 0
  📄 第 334 页: 20 个需要处理
  📂 字体库 - 分类字体包 - 松邦 迷你字体 - 迷你简小隶书 → 中文字体/其他
  📂 PreMiaoStd-Bold → 日文字体/标题字
  📂 分类字体包 - 松邦 日文书法字体合集 - 日文字体 - A-OTF-MidashiMinPro-MA31 → 日文字体/其他
  📂 分类字体包 - 松邦 日文书法字体合集 - 日文字体 - A-OTF-NachinStd-Regular → 日文字体/其他
  📂 A-OTF-MNewsMPro-Light → 日文字体/正文字
  📂 思源黑体 → 中文字体/正文字
  📂 字体库 - 分类字体包 - 松邦 迷你字体 - 迷你简香肠 → 中文字体/其他
  📂 字体库 - 分类字体包 - 松邦 迷你字体 - 迷你简细行楷 → 中文字体/正文字
  📂 分类字体包 - 松邦 日文书法字体合集 - 日文字体 - A-OTF-KochoStd-Heavy → 日文字体/衬线体
  📂 分类字体包 - 松邦 日文书法字体合集 - 日文字体 - A-OTF-LikureiStd-Regular → 日文字体/其他
  📂 迷你简细倩 → 中文字体/正文字
  📂 分类字体包 - 松邦 日文书法字体合集 - 日文字体 - A-OTF-KaishoMCBK1Pro-DeBold → 日文字体/标题字
  📂 方正细等线简体 → 中文字体/标题字
  📂 分类字体包 - 松邦 日文书法字体合集 - 日文字体 - A-OTF-HaruGakuStd-Light → 日文字体/等线体
  📂 字体库 - 分类字体包 - 松邦 迷你字体 - 迷你简细等线 → 中文字体/正文字
  📂 分类字体包 - 松邦 日文书法字体合集 - 日文字体 - A-OTF-GothicBBBPro-Medium → 日文字体/标题字
  📂 字体库 - 分类字体包 - 松邦 迷你字体 - 迷你简铁筋隶书 → 中文字体/其他
  ✓ 完成: 成功 17, 失败 0
  📄 第 335 页: 20 个需要处理
  📂 直角等线 → 中文字体/正文字
  📂 分类字体包 - 松邦 日文书法字体合集 - 日文字体 - A-OTF-FutoMinA101Pro-Bold → 日文字体/标题字
  📂 字体库 - 分类字体包 - 松邦 迷你字体 - 迷你简水滴 → 中文字体/装饰体
  📂 分类字体包 - 松邦 日文书法字体合集 - 日文字体 - A-OTF-AkashiStd-Light → 日文字体/正文字
  📂 分类字体包 - 松邦 日文书法字体合集 - 日文字体 - A-OTF-FutoGoB101Pro-Bold → 日文字体/标题字
  📂 松邦 日文书法字体合集 - 日文字体 - 新建文件夹 - G-OTF-GGothicBBBPro-Medium → 日文字体/等线体
  📂 字体库 - 分类字体包 - 松邦 迷你字体 - 迷你简双体 → 中文字体/其他
  📂 字体库 - 分类字体包 - 松邦 迷你字体 - 迷你简书宋二 → 中文字体/衬线体
  📂 松邦 日文书法字体合集 - 日文字体 - 新建文件夹 - A-OTF-TakaHandStd-Medium → 日文字体/其他
  📂 字体库 - 分类字体包 - 松邦 迷你字体 - 迷你简石头 → 中文字体/其他
  📂 字体库 - 分类字体包 - 松邦 迷你字体 - 迷你简书魂 → 中文字体/其他
  📂 松邦 日文书法字体合集 - 日文字体 - 新建文件夹 - A-OTF-TakaHandStd-Bold → 日文字体/手写体
  📂 松邦 日文书法字体合集 - 日文字体 - 新建文件夹 - A-OTF-TakaHandStd-Heavy → 日文字体/其他
  📂 迷你简清韵 → 中文字体/装饰体
  📂 字体库 - 分类字体包 - 松邦 迷你字体 - 迷你简少儿 → 中文字体/其他
  📂 松邦 日文书法字体合集 - 日文字体 - 新建文件夹 - A-OTF-Reisho101Std-Medium → 日文字体/其他
  📂 字体库 - 分类字体包 - 松邦 迷你字体 - 迷你简霹雳 → 中文字体/其他
  ✓ 完成: 成功 17, 失败 0
  📄 第 336 页: 20 个需要处理
  📂 字体库 - 分类字体包 - 松邦 迷你字体 - 迷你简平黑 → 中文字体/其他
  📂 松邦 日文书法字体合集 - 日文字体 - 新建文件夹 - A-OTF-OutaiKaiStd-Light → 日文字体/正文字
  📂 松邦 日文书法字体合集 - 日文字体 - 新建文件夹 - A-OTF-MNewsGPro-Light → 日文字体/正文字
  📂 松邦 日文书法字体合集 - 日文字体 - 新建文件夹 - A-OTF-MusashiStd-Regular → 日文字体/衬线体
  📂 MiMo-Geometric Mono Regular → 中文字体/等线体
  📂 见出ミンPr5 → 日文字体/衬线体
  📂 松邦 日文书法字体合集 - 日文字体 - 新建文件夹 - A-OTF-KumoyaStd-Regular → 日文字体/装饰体
  📂 字体库 - 分类字体包 - 松邦 迷你字体 - 迷你简胖头鱼 → 中文字体/其他
  📂 松邦 日文书法字体合集 - 日文字体 - 新建文件夹 - A-OTF-MidashiGoPr5-MB31 → 日文字体/其他
  📂 泡泡体 → 中文字体/装饰体
  📂 字体库 - 分类字体包 - 松邦 迷你字体 - 迷你简美黑 → 中文字体/其他
  📂 日文明朝体UltraBold → 日文字体/装饰体
  📂 松邦 日文书法字体合集 - 日文字体 - 新建文件夹 - A-OTF-JominStd-Light → 日文字体/正文字
  📂 迷你简凌波 → 中文字体/手写体
  📂 Gothic B BB Pro Medium → 日文字体/标题字
  📂 字体库 - 分类字体包 - 松邦 迷你字体 - 迷你简隶二 → 中文字体/其他
  📂 字体库 - 分类字体包 - 松邦 迷你字体 - 迷你简康体 → 中文字体/其他
  📂 字体库 - 分类字体包 - 松邦 迷你字体 - 迷你简荆棘 → 中文字体/标题字
  ✓ 完成: 成功 18, 失败 0
  📄 第 337 页: 20 个需要处理
  📂 A-OTF-FutoMinA101Pr5-Bold → 日文字体/衬线体
  📂 字体库 - 分类字体包 - 松邦 迷你字体 - 迷你简火柴 → 中文字体/装饰体
  📂 松邦 日文书法字体合集 - 日文字体 - 新建文件夹 - A-OTF-FutoGoB101Pr5-Bold → 日文字体/标题字
  📂 迷你简花蝶 → 中文字体/装饰体
  📂 中易黑体 → 中文字体/正文字
  📂 字体库 - 分类字体包 - 松邦 迷你字体 - 迷你简字典宋 → 中文字体/衬线体
  📂 松邦 日文书法字体合集 - 日文字体 - 新建文件夹 - A-OTF-A1MinchoStd-Bold → 日文字体/标题字
  📂 无衬线正文字体 → 中文字体/正文字
  📂 字体库 - 分类字体包 - 松邦 迷你字体 - 迷你简黑棋 → 中文字体/装饰体
  📂 字体库 - 分类字体包 - 松邦 迷你字体 - 迷你简黑变 → 中文字体/其他
  📂 字体库 - 分类字体包 - 松邦 迷你字体 - 迷你简橄榄 → 中文字体/其他
  📂 字体库 - 分类字体包 - 松邦 迷你字体 - 迷你简哈哈 → 中文字体/装饰体
  📂 字体库 - 分类字体包 - 松邦 迷你字体 - 迷你简方隶 → 中文字体/其他
  📂 字体库 - 分类字体包 - 松邦 迷你字体 - 迷你简嘟嘟体 → 中文字体/装饰体
  📂 字体库 - 分类字体包 - 松邦 迷你字体 - 迷你简中特广告 → 中文字体/其他
  📂 松邦迷你简弹簧 → 中文字体/等线体
  📂 字体库 - 分类字体包 - 松邦 迷你字体 - 迷你简长艺 → 中文字体/其他
  📂 "这是一款极具现代感和几何美学的等线体（无衬线体）字体。其核心特征在于笔画粗细高度一致，呈现出稳重且理性的视觉感受。字形结构方正严谨，字母和汉字的比例趋于均衡，字形整体显得宽绰且饱满。笔画末端多采用平直切口或微小的 → 中文字体/标题字
  ✓ 完成: 成功 18, 失败 0
  📄 第 338 页: 20 个需要处理
  📂 字体库 - 分类字体包 - 松邦 迷你字体 - 迷你简粗圆 → 中文字体/标题字
  📂 字体库 - 分类字体包 - 松邦 迷你字体 - 迷你简圆立 → 中文字体/正文字
  📂 字体库 - 分类字体包 - 松邦 迷你字体 - 迷你简长美黑 → 中文字体/等线体
  📂 字体库 - 分类字体包 - 松邦 迷你字体 - 迷你简粗倩 → 中文字体/装饰体
  📂 字体库 - 分类字体包 - 松邦 迷你字体 - 迷你简粗仿宋 → 中文字体/标题字
  📂 字体库 - 分类字体包 - 松邦 迷你字体 - 迷你简硬笔行书 → 中文字体/正文字
  📂 字体库 - 分类字体包 - 松邦 迷你字体 - 迷你简雁翎 → 中文字体/其他
  📂 字体库 - 分类字体包 - 松邦 迷你字体 - 迷你简超圆 → 中文字体/其他
  📂 柏青体 → 中文字体/其他
  📂 字体库 - 分类字体包 - 松邦 迷你字体 - 迷你简丫丫 → 中文字体/其他
  📂 字体库 - 分类字体包 - 松邦 迷你字体 - 迷你简雪峰 → 中文字体/其他
  📂 字体库 - 分类字体包 - 松邦 迷你字体 - 迷你简彩蝶 → 中文字体/其他
  📂 Noto Sans / Source Han Sans / 思源黑体风格无衬线体 → 中文字体/正文字
  📂 极角无衬线体 → 中文字体/等线体
  📂 迷你简新报宋 → 中文字体/衬线体
  📂 字体库 - 分类字体包 - 松邦 迷你字体 - 迷你繁智楷 → 中文字体/手写体
  ✓ 完成: 成功 16, 失败 0
  📄 第 339 页: 20 个需要处理
  📂 迷你繁赵楷 → 中文字体/衬线体
  📂 字体库 - 分类字体包 - 松邦 迷你字体 - 迷你繁唐隶 → 中文字体/装饰体
  📂 字体库 - 分类字体包 - 松邦 迷你字体 - 迷你繁欧行 → 中文字体/手写体
  📂 字体库 - 分类字体包 - 松邦 迷你字体 - 迷你繁方篆 → 中文字体/其他
  📂 字体库 - 分类字体包 - 松邦 迷你字体 - 迷你简小标宋 → 中文字体/衬线体
  📂 字体库 - 分类字体包 - 松邦 迷你字体 - 迷你简祥隶 → 中文字体/其他
  📂 字体库 - 分类字体包 - 松邦 康熙字典体完整版 - 康熙字典体完整版本 → 中文字体/其他
  📂 字体库 - 分类字体包 - 松邦 迷你字体 - 迷你繁柳楷 → 中文字体/手写体
  📂 字体库 - 分类字体包 - 松邦 迷你字体 - 迷你简习字体 → 中文字体/正文字
  📂 字体库 - 分类字体包 - 松邦 迷你字体 - 迷你简细圆 → 中文字体/正文字
  📂 字体库 - 分类字体包 - 松邦 迷你字体 - 迷你简细黑 → 中文字体/正文字
  📂 字体库 - 分类字体包 - 松邦 迷你字体 - 迷你简娃娃篆 → 中文字体/装饰体
  📂 字体库 - 分类字体包 - 松邦 迷你字体 - 迷你简特圆 → 中文字体/其他
  📂 字体库 - 分类字体包 - 松邦 迷你字体 - 迷你简太极 → 中文字体/其他
  📂 装饰哥特水黑 → 中文字体/装饰体
  📂 字体库 - 分类字体包 - 松邦 迷你字体 - 迷你简特宋 → 中文字体/衬线体
  📂 字体库 - 分类字体包 - 松邦 华康字体 - c264-华康雅风体繁 → 中文字体/其他
  📂 字体库 - 分类字体包 - 松邦 迷你字体 - 迷你简舒体 → 中文字体/正文字
  📂 字体库 - 分类字体包 - 松邦 迷你字体 - 迷你简水波 → 中文字体/其他
  ✓ 完成: 成功 19, 失败 0
  📄 第 340 页: 20 个需要处理
  📂 现代方正黑体（迷你简） → 中文字体/正文字
  📂 字体库 - 分类字体包 - 松邦 华康字体 - 華康雅宋體_0 → 中文字体/衬线体
  📂 思源黑体 / Source Han Sans (示例，基于视觉分析的最佳匹配) - 或可命名为「楔点黑」以突出其特征 → 中文字体/无衬线体
  📂 字体库 - 分类字体包 - 松邦 华康字体 - 華康行書體 → 中文字体/其他
  📂 字体库 - 分类字体包 - 松邦 华康字体 - 華康小皮體 → 中文字体/其他
  📂 字体库 - 分类字体包 - 松邦 迷你字体 - 迷你简趣味 → 中文字体/其他
  📂 字体库 - 分类字体包 - 松邦 迷你字体 - 迷你简神工 → 中文字体/其他
  📂 字体库 - 分类字体包 - 松邦 华康字体 - 華康娃娃體 → 中文字体/其他
  📂 字体库 - 分类字体包 - 松邦 迷你字体 - 迷你简启体 → 中文字体/其他
  📂 字体库 - 分类字体包 - 松邦 华康字体 - 華康鐵線龍門 → 中文字体/其他
  📂 字体库 - 分类字体包 - 松邦 迷你字体 - 迷你简平和体 → 中文字体/其他
  📂 迷你简妞妞体 → 中文字体/装饰体
  📂 字体库 - 分类字体包 - 松邦 迷你字体 - 迷你简胖娃 → 中文字体/装饰体
  📂 字体库 - 分类字体包 - 松邦 华康字体 - 華康歐陽詢體 → 中文字体/其他
  📂 字体库 - 分类字体包 - 松邦 迷你字体 - 迷你简菱心 → 中文字体/其他
  📂 字体库 - 分类字体包 - 松邦 华康字体 - 華康流線體 → 中文字体/其他
  📂 字体库 - 分类字体包 - 松邦 迷你字体 - 迷你简漫步 → 中文字体/其他
  📂 字体库 - 分类字体包 - 松邦 迷你字体 - 迷你简隶书 → 中文字体/其他
  ✓ 完成: 成功 18, 失败 0
  📄 第 341 页: 20 个需要处理
  📂 字体库 - 分类字体包 - 松邦 迷你字体 - 迷你简隶变 → 中文字体/其他
  📂 字体库 - 分类字体包 - 松邦 华康字体 - 華康古印體 → 中文字体/其他
  📂 迷你简老宋 → 中文字体/正文字
  📂 字体库 - 分类字体包 - 松邦 迷你字体 - 迷你简卡通 → 中文字体/其他
  📂 華康采風體 → 中文字体/等线体
  📂 字体库 - 分类字体包 - 松邦 华康字体 - 華康寶風體 → 中文字体/标题字
  📂 松邦迷你宋体 → 中文字体/衬线体
  📂 字体库 - 分类字体包 - 松邦 迷你字体 - 迷你简家书 → 中文字体/正文字
  📂 字体库 - 分类字体包 - 松邦 华康字体 - 華康榜書體 → 中文字体/其他
  📂 字体库 - 分类字体包 - 松邦 迷你字体 - 迷你简华隶 → 中文字体/其他
  📂 字体库 - 分类字体包 - 松邦 华康字体 - 华康圆缘体 → 中文字体/其他
  📂 迷你简黑体 → 中文字体/等线体
  📂 字体库 - 分类字体包 - 松邦 迷你字体 - 迷你简花辨 → 中文字体/其他
  📂 字体库 - 分类字体包 - 松邦 迷你字体 - 迷你简黑咪 → 中文字体/其他
  📂 字体库 - 分类字体包 - 松邦 华康字体 - 华康雅宋体W9 → 中文字体/衬线体
  📂 "“华康少女文字W5”是一款具有鲜明手写卡通风格的字体。其笔画粗细均匀，起笔与收笔处均处理得极为圆润，无尖锐转角，整体呈现出一种轻松、可爱的视觉效果。字形比例偏宽扁，x字高较高，赋予了字体一种饱满、有弹性的膨胀感。字重中等偏粗，使其在视觉上醒目而不笨重。设计风格融合了手写感的灵动与卡通化的规整，情感调性活泼、友好、充满童趣。视觉特征以圆润、有机的曲线为主，结构舒展，避免了紧凑和 → 中文字体/标题字
  📂 字体库 - 分类字体包 - 松邦 华康字体 - 华康童童体 → 中文字体/其他
  📂 迷你简古隶 → 中文字体/装饰体
  ✓ 完成: 成功 18, 失败 0
  📄 第 342 页: 20 个需要处理
  📂 字体库 - 分类字体包 - 松邦 华康字体 - 华康墨字体 → 中文字体/其他
  📂 字体库 - 分类字体包 - 松邦 迷你字体 - 迷你简蝶语 → 中文字体/其他
  📂 迷你简黑体 → 中文字体/正文字
  📂 字体库 - 分类字体包 - 松邦 华康字体 - 华康龙门石碑W9 → 中文字体/其他
  📂 字体库 - 分类字体包 - 松邦 迷你字体 - 迷你简黛玉 → 中文字体/其他
  📂 字体库 - 分类字体包 - 松邦 华康字体 - 华康楷体简W5-A → 中文字体/衬线体
  📂 字体库 - 分类字体包 - 松邦 迷你字体 - 迷你简大标宋 → 中文字体/衬线体
  📂 字体库 - 分类字体包 - 松邦 华康字体 - 华康简标题宋 → 中文字体/标题字
  📂 字体库 - 分类字体包 - 松邦 迷你字体 - 迷你简粗黑 → 中文字体/标题字
  📂 笔触回响 → 中文字体/装饰体
  📂 字体库 - 分类字体包 - 松邦 华康字体 - 华康简宋 → 中文字体/衬线体
  📂 字体库 - 分类字体包 - 松邦 华康字体 - 华康海报体 → 中文字体/其他
  📂 字体库 - 分类字体包 - 松邦 迷你字体 - 迷你简北魏楷书 → 中文字体/手写体
  📂 字体库 - 分类字体包 - 松邦 华康字体 - 华康采风体繁 → 中文字体/其他
  📂 字体库 - 分类字体包 - 松邦 迷你字体 - 迷你简彩云 → 中文字体/其他
  📂 字体库 - 分类字体包 - 松邦 华康字体 - 华康布丁体 → 中文字体/装饰体
  ✓ 完成: 成功 16, 失败 0
  📄 第 343 页: 20 个需要处理
  📂 迷你简白棋 → 中文字体/装饰体
  📂 字体库 - 分类字体包 - 松邦 华康字体 - 华康宝风体繁 → 中文字体/其他
  📂 简秀体 → 中文字体/装饰体
  📂 字体库 - 分类字体包 - 松邦 迷你字体 - 迷你繁智草 → 中文字体/其他
  📂 迷你繁王行 → 中文字体/手写体
  📂 字体库 - 分类字体包 - 松邦 迷你字体 - 迷你繁启体 → 中文字体/衬线体
  📂 字体库 - 分类字体包 - 松邦 广告英文字体 - gunplay → 中文字体/其他
  📂 SIDESHOW → 中文字体/其他
  📂 字体库 - 分类字体包 - 松邦 广告英文字体 - Vegetable → 中文字体/其他
  📂 字体库 - 分类字体包 - 松邦 广告英文字体 - Eco2 → 中文字体/其他
  📂 字体库 - 分类字体包 - 松邦 迷你字体 - 迷你繁衡方碑 → 中文字体/其他
  📂 字体库 - 分类字体包 - 松邦 迷你字体 - 迷你繁褚楷 → 中文字体/手写体
  📂 字体库 - 分类字体包 - 松邦 广告英文字体 - Galap___ → 中文字体/其他
  📂 字体库 - 分类字体包 - 松邦 迷你字体 - 迷你繁陆行 → 中文字体/其他
  📂 字体库 - 分类字体包 - 松邦 广告英文字体 - axaxaxl → 中文字体/其他
  📂 字体库 - 分类字体包 - 松邦 华康字体 - c265-华康竹风体繁 → 中文字体/装饰体
  📂 CHEATIN 优雅几何体 → 中文字体/其他
  📂 字体库 - 分类字体包 - 松邦 超世纪字体 - 超世纪中颜楷 → 中文字体/手写体
  ✓ 完成: 成功 18, 失败 0
  📄 第 344 页: 20 个需要处理
  📂 ALDO6 条纹解构字体 → 中文字体/装饰体
  📂 華康雅宋體 → 中文字体/衬线体
  📂 超世纪中隶书 → 中文字体/衬线体
  📂 字体库 - 分类字体包 - 松邦 华康字体 - 華康雅風體 → 中文字体/手写体
  📂 字体库 - 分类字体包 - 松邦 超世纪字体 - 超世纪中海报 → 中文字体/其他
  📂 字体库 - 分类字体包 - 松邦 超世纪字体 - 超世纪中角报 → 中文字体/其他
  📂 華康新篆體 → 中文字体/装饰体
  📂 字体库 - 分类字体包 - 松邦 超世纪字体 - 超世纪中仿宋 → 中文字体/衬线体
  📂 字体库 - 分类字体包 - 松邦 华康字体 - 華康文徵明體 → 中文字体/其他
  📂 字体库 - 分类字体包 - 松邦 华康字体 - 華康童童體 → 中文字体/装饰体
  📂 字体库 - 分类字体包 - 松邦 华康字体 - 華康少女字 → 中文字体/其他
  📂 字体库 - 分类字体包 - 松邦 超世纪字体 - 超世纪细明体 → 中文字体/正文字
  📂 字体库 - 分类字体包 - 松邦 华康字体 - 華康墨字體 → 中文字体/其他
  📂 字体库 - 分类字体包 - 松邦 华康字体 - 華康連連體 → 中文字体/其他
  📂 字体库 - 分类字体包 - 松邦 超世纪字体 - 超世纪细黑体 → 中文字体/正文字
  📂 字体库 - 分类字体包 - 松邦 超世纪字体 - 超世纪细隶书 → 中文字体/正文字
  📂 字体库 - 分类字体包 - 松邦 华康字体 - 華康金文體 → 中文字体/其他
  📂 松邦超世纪特明 → 中文字体/正文字
  📂 字体库 - 分类字体包 - 松邦 华康字体 - 華康抖抖體 → 中文字体/其他
  ✓ 完成: 成功 19, 失败 0
  📄 第 345 页: 20 个需要处理
  📂 字体库 - 分类字体包 - 松邦 超世纪字体 - 超世纪粗圆体双空 → 中文字体/标题字
  📂 字体库 - 分类字体包 - 松邦 华康字体 - 華康布丁體 → 中文字体/其他
  📂 華康棒棒体 → 中文字体/装饰体
  📂 清泉黑体 (QingQuan Hei) → 中文字体/正文字
  📂 字体库 - 分类字体包 - 松邦 超世纪字体 - 超世纪粗综艺 → 中文字体/标题字
  📂 字体库 - 分类字体包 - 松邦 华康字体 - 华康竹风体繁 → 中文字体/标题字
  📂 字体库 - 分类字体包 - 松邦 华康字体 - 华康圆缘斗云体繁体 → 中文字体/其他
  📂 字体库 - 分类字体包 - 松邦 超世纪字体 - 超世纪粗勘亭 → 中文字体/标题字
  📂 华康雅风体繁 → 中文字体/其他
  📂 字体库 - 分类字体包 - 松邦 超世纪字体 - 超世纪粗黑体实阴 → 中文字体/标题字
  📂 字体库 - 分类字体包 - 松邦 超世纪字体 - 超世纪粗古印 → 中文字体/标题字
  📂 字体库 - 分类字体包 - 松邦 华康字体 - 华康娃娃体 → 中文字体/装饰体
  📂 字体库 - 分类字体包 - 松邦 华康字体 - 华康宋体简W12 → 中文字体/衬线体
  📂 字体库 - 分类字体包 - 松邦 华康字体 - 华康少女文字 → 中文字体/其他
  📂 字体库 - 分类字体包 - 松邦 华康字体 - 华康墨墨体 → 中文字体/其他
  📂 字体库 - 分类字体包 - 松邦 超世纪字体 - 超世纪粗标楷 → 中文字体/标题字
  ✓ 完成: 成功 16, 失败 0
  📄 第 346 页: 20 个需要处理
  📂 迷你繁智草 → 中文字体/手写体
  📂 字体库 - 分类字体包 - 松邦 华康字体 - 华康流风体繁 → 中文字体/手写体
  📂 字体库 - 分类字体包 - 松邦 草书字体 - 金梅毛草书繁 → 中文字体/其他
  📂 字体库 - 分类字体包 - 松邦 草书字体 - 博洋草书7000 → 中文字体/手写体
  📂 字体库 - 分类字体包 - 松邦 草书字体 - 汉仪智草繁 → 中文字体/手写体
  📂 字体库 - 分类字体包 - 松邦 华康字体 - 华康简黑 → 中文字体/其他
  📂 白舟行书 → 中文字体/手写体
  📂 字体库 - 分类字体包 - 松邦 华康字体 - 华康黑体简W5-A → 中文字体/其他
  📂 中國龍圓新書 → 中文字体/等线体
  📂 字体库 - 分类字体包 - 松邦 华康字体 - 华康采风体W3-B5 → 中文字体/其他
  📂 字体库 - 分类字体包 - 松邦 白舟系列字体 - hkinsoukk → 中文字体/装饰体
  📂 字体库 - 分类字体包 - 松邦 华康字体 - 华康海报体W12 → 中文字体/其他
  📂 字体库 - 分类字体包 - 松邦 华康字体 - 华康采风体 → 中文字体/其他
  📂 新宋无衬线体 → 中文字体/等线体
  📂 字体库 - 分类字体包 - 松邦 华康字体 - 华康宝风体DFPaoW4-B5 → 中文字体/其他
  📂 字体库 - 分类字体包 - 松邦 169款繁体 - 中國龍毛隸書 → 中文字体/装饰体
  📂 字体库 - 分类字体包 - 松邦 华康字体 - 华康宝风体 → 中文字体/手写体
  📂 字体库 - 分类字体包 - 松邦 169款繁体 - 中國龍金石篆 → 中文字体/其他
  ✓ 完成: 成功 18, 失败 0
  📄 第 347 页: 20 个需要处理
  📂 TINSNIPS → 中文字体/其他
  📂 字体库 - 分类字体包 - 松邦 广告英文字体 - PYRITE → 中文字体/其他
  📂 思源黑体/Source Han Sans（风格高度相似） → 中文字体/正文字
  📂 字体库 - 分类字体包 - 松邦 169款繁体 - 中國龍海行書 → 中文字体/其他
  📂 字体库 - 分类字体包 - 松邦 广告英文字体 - JOPPA → 中文字体/其他
  📂 字体库 - 分类字体包 - 松邦 广告英文字体 - Galas___ → 中文字体/标题字
  📂 字体库 - 分类字体包 - 松邦 广告英文字体 - DrawnAndQuartered → 中文字体/装饰体
  📂 字体库 - 分类字体包 - 松邦 169款繁体 - 中國龍古印體 → 中文字体/其他
  📂 字体库 - 分类字体包 - 松邦 广告英文字体 - Galan___ → 中文字体/其他
  📂 中國龍粗魏碑 → 中文字体/标题字
  📂 字体库 - 分类字体包 - 松邦 超世纪字体 - 超世纪综艺体双空阴 → 中文字体/其他
  📂 字体库 - 分类字体包 - 松邦 169款繁体 - 蒙纳中综艺繁 → 中文字体/其他
  📂 字体库 - 分类字体包 - 松邦 169款繁体 - 蒙纳盈富体繁 → 中文字体/其他
  📂 字体库 - 分类字体包 - 松邦 169款繁体 - 蒙纳喜宴体繁 → 中文字体/其他
  📂 字体库 - 分类字体包 - 松邦 169款繁体 - 蒙纳秀明体繁中 → 中文字体/其他
  📂 超世纪中明体 → 中文字体/衬线体
  📂 字体库 - 分类字体包 - 松邦 169款繁体 - 蒙纳石印体繁 → 中文字体/其他
  ✓ 完成: 成功 17, 失败 0
  📄 第 348 页: 20 个需要处理
  📂 超世纪中黑体 → 中文字体/其他
  📂 字体库 - 分类字体包 - 松邦 169款繁体 - 蒙纳分涧体繁 → 中文字体/其他
  📂 字体库 - 分类字体包 - 松邦 超世纪字体 - 超世纪中勘亭 → 中文字体/等线体
  📂 字体库 - 分类字体包 - 松邦 169款繁体 - 蒙纳漫画体繁 → 中文字体/装饰体
  📂 超世纪无衬线黑 → 中文字体/正文字
  📂 字体库 - 分类字体包 - 松邦 169款繁体 - 蒙纳繁中圆 → 中文字体/正文字
  📂 字体库 - 分类字体包 - 松邦 169款繁体 - 蒙纳繁中黑 → 中文字体/其他
  📂 直角等线体 → 中文字体/等线体
  📂 字体库 - 分类字体包 - 松邦 169款繁体 - 蒙纳繁正线 → 中文字体/其他
  📂 字体库 - 分类字体包 - 松邦 超世纪字体 - 超世纪新粗黑 → 中文字体/标题字
  📂 蒙纳繁正黑 → 中文字体/正文字
  📂 字体库 - 分类字体包 - 松邦 169款繁体 - 蒙纳繁圆黑 → 中文字体/其他
  📂 字体库 - 分类字体包 - 松邦 超世纪字体 - 超世纪细角篆 → 中文字体/正文字
  📂 字体库 - 分类字体包 - 松邦 169款繁体 - 蒙纳繁幼圆 → 中文字体/其他
  📂 字体库 - 分类字体包 - 松邦 超世纪字体 - 超世纪细毛楷 → 中文字体/衬线体
  📂 思源黑体简体-常规 → 中文字体/正文字
  📂 字体库 - 分类字体包 - 松邦 169款繁体 - 蒙纳繁雅丽 → 中文字体/其他
  📂 字体库 - 分类字体包 - 松邦 超世纪字体 - 超世纪海报体一半天水 → 中文字体/其他
  📂 蒙纳繁行楷 → 中文字体/手写体
  ✓ 完成: 成功 19, 失败 0
  📄 第 349 页: 20 个需要处理
  📂 字体库 - 分类字体包 - 松邦 超世纪字体 - 超世纪粗圆艺 → 中文字体/标题字
  📂 字体库 - 分类字体包 - 松邦 169款繁体 - 蒙纳繁箱笔 → 中文字体/其他
  📂 等线无衬线体 → 中文字体/等线体
  📂 超世纪粗角体 → 中文字体/装饰体
  📂 字体库 - 分类字体包 - 松邦 超世纪字体 - 超世纪粗毛楷 → 中文字体/标题字
  📂 字体库 - 分类字体包 - 松邦 169款繁体 - 蒙纳繁魏碑 → 中文字体/其他
  📂 字体库 - 分类字体包 - 松邦 169款繁体 - 蒙纳繁宋体 → 中文字体/衬线体
  📂 字体库 - 分类字体包 - 松邦 超世纪字体 - 超世纪粗海报 → 中文字体/标题字
  📂 字体库 - 分类字体包 - 松邦 169款繁体 - 蒙纳繁清华 → 中文字体/其他
  📂 字体库 - 分类字体包 - 松邦 超世纪字体 - 超世纪粗仿宋 → 中文字体/标题字
  📂 "这是一款极具设计感的装饰体字体，其核心特征在于将传统隶书的“蚕头燕尾”笔画特征，进行了高度现代化、几何化的重构。笔画粗细对比极为强烈，转折与收笔处呈现出如刀刻斧凿般的尖锐切割感，营造出一种锋利、硬朗甚至带有未来气息的视觉效果。字体在保留中文方块字结构与隶书神韵的同时，大胆运用锐角与直线，打破了传统书法的柔和感，形成古典与未来主义 → 中文字体/标题字
  📂 字体库 - 分类字体包 - 松邦 169款繁体 - 蒙纳繁凌惠体P → 中文字体/其他
  📂 松邦超世纪等宽无衬线 → 中文字体/正文字
  📂 字体库 - 分类字体包 - 松邦 超世纪字体 - 超世纪粗叠黑 → 中文字体/标题字
  📂 字体库 - 分类字体包 - 松邦 169款繁体 - 蒙纳繁楷书 → 中文字体/衬线体
  📂 字体库 - 分类字体包 - 松邦 草书字体 - 迷你简黄草体 → 中文字体/其他
  📂 字体库 - 分类字体包 - 松邦 169款繁体 - 蒙纳繁黑体 → 中文字体/正文字
  📂 字体库 - 分类字体包 - 松邦 草书字体 - 空心草体 → 中文字体/其他
  ✓ 完成: 成功 18, 失败 0
  📄 第 350 页: 20 个需要处理
  📂 金梅草行字形空心 → 中文字体/装饰体
  📂 方正黄草_GBK → 中文字体/手写体
  📂 字体库 - 分类字体包 - 松邦 169款繁体 - 蒙纳繁广告 → 中文字体/手写体
  📂 字体库 - 分类字体包 - 松邦 169款繁体 - 蒙纳繁和古圆体T → 中文字体/其他
  📂 蒙纳繁古隶 → 中文字体/装饰体
  📂 字体库 - 分类字体包 - 松邦 草书字体 - 博洋草书3500 → 中文字体/其他
  📂 字体库 - 分类字体包 - 松邦 白舟系列字体 - hkgyoprokk → 中文字体/其他
  📂 蒙纳繁方点阵 → 中文字体/其他
  📂 字体库 - 分类字体包 - 松邦 169款繁体 - 中國龍中隸書 → 中文字体/其他
  📂 字体库 - 分类字体包 - 松邦 169款繁体 - 中國龍瑩篆體 → 中文字体/其他
  📂 "这是一款具有鲜明时代印记和独特视觉风格的圆润无衬线体。其最核心的特征是**极端的圆润化处理**，所有笔画的起笔、收笔以及转角处均被彻底软化为光滑的圆形，赋予字体一种温暖、友好且略带复古的亲和力。字体笔画粗细均匀，没有明显的粗细对比，整体结构饱满、紧凑，字腔开阔，确保了在较大字号下的清晰度与易读性。风格上，它融合了**现代感**与**90年代电子设备或早期数字界面的复古感**，情感调性介于柔和的科技感与活泼的趣味性之间，既不像传统几何无衬线体那样冷硬， → 中文字体/标题字
  📂 字体库 - 分类字体包 - 松邦 169款繁体 - 中國龍細圓體 → 中文字体/正文字
  📂 中文几何无衬线体 → 中文字体/等线体
  📂 字体库 - 分类字体包 - 松邦 169款繁体 - 中國龍特黑體 → 中文字体/其他
  📂 圆润无衬线体（参考：圆体/软体风格） → 中文字体/正文字
  📂 字体库 - 分类字体包 - 松邦 169款繁体 - 蒙纳繁粗俏皮 → 中文字体/标题字
  📂 蒙纳繁彩蝶圆 → 中文字体/装饰体
  📂 字体库 - 分类字体包 - 松邦 169款繁体 - 中國龍豪隸書 → 中文字体/其他
  ✓ 完成: 成功 18, 失败 0
  📄 第 351 页: 20 个需要处理
  📂 "该字体是一款专为标题与视觉冲击设计的现代无衬线字体。其笔画特征表现为整体粗细均匀，呈现等线体风格，但在部分笔画的起收笔及转折处，带有极其微妙的、近乎几何化的强调处理，赋予其独特的识别度。西文部分（如字母‘a’, ‘d’, ‘g’）的末端有轻微的“锚点”状加粗，与中文字体中‘口’、‘日’等部件转角处的圆润化处理相呼应，在硬朗的骨架中融入一丝有机的细节。整体字形方正、结构紧凑，中西文视觉重量平衡，混排协调。其情感调性严肃、硬朗、充满力量感与科技感，视觉上锐利、几何，同时因细微笔触而显得 → 中文字体/标题字
  📂 字体库 - 分类字体包 - 松邦 169款繁体 - 蒙纳繁版黑 → 中文字体/其他
  📂 字体库 - 分类字体包 - 松邦 169款繁体 - 中國龍淡古體 → 中文字体/装饰体
  📂 字体库 - 分类字体包 - 松邦 169款繁体 - 蒙纳标黑体繁 → 中文字体/标题字
  📂 华康圆缘斗云体 → 中文字体/装饰体
  📂 "这是一款现代、简约的无衬线细体字。其核心特征在于笔画极度均匀、纤细且平滑，几乎看不到粗细变化。字母末端（如g、y的尾部）与转角（如c、e、s）均采用圆润的弧线处理，赋予字体一种温和、亲切且专业的观感。整体结构清晰规整，x字高适中，保证了良好的可读性。字形比例偏向标准，不宽不窄，显得稳重而精致。该字体情感调性冷静、理性中带有文艺气息，视觉上兼具几何的秩序感与有机的柔和感。非常适合需要清晰、 → 中文字体/标题字
  📂 字体库 - 分类字体包 - 松邦 169款繁体 - 华康娃娃体W7P → 中文字体/其他
  📂 字体库 - 分类字体包 - 松邦 169款繁体 - 蒙纳雅倩体繁 → 中文字体/其他
  📂 字体库 - 分类字体包 - 松邦 169款繁体 - 华康皮皮体W5 → 中文字体/其他
  📂 字体库 - 分类字体包 - 松邦 169款繁体 - 蒙纳秀明体繁粗 → 中文字体/标题字
  📂 字体库 - 分类字体包 - 松邦 169款繁体 - 蒙纳宋金黑繁 → 中文字体/衬线体
  📂 字体库 - 分类字体包 - 松邦 169款繁体 - 蒙纳俏黑体繁 → 中文字体/其他
  📂 思源黑体 Regular → 中文字体/正文字
  📂 字体库 - 分类字体包 - 松邦 169款繁体 - 华康海报体W12 → 中文字体/其他
  📂 几何无衬线体 → 中文字体/正文字
  📂 字体库 - 分类字体包 - 松邦 169款繁体 - 蒙纳繁综艺 → 中文字体/其他
  ✓ 完成: 成功 16, 失败 0
  📄 第 352 页: 20 个需要处理
  📂 方正黑体 → 中文字体/正文字
  📂 字体库 - 分类字体包 - 松邦 169款繁体 - 蒙纳繁中宋 → 中文字体/衬线体
  📂 锐意简黑标题体 → 中文字体/装饰体
  📂 字体库 - 分类字体包 - 松邦 169款繁体 - 超世纪中角报 → 中文字体/其他
  📂 蒙纳繁正楷书 → 中文字体/衬线体
  📂 字体库 - 分类字体包 - 松邦 169款繁体 - 超世纪中海报 → 中文字体/其他
  📂 字体库 - 分类字体包 - 松邦 169款繁体 - 超世纪中仿宋 → 中文字体/衬线体
  📂 字体库 - 分类字体包 - 松邦 169款繁体 - 蒙纳繁长宋 → 中文字体/衬线体
  📂 字体库 - 分类字体包 - 松邦 169款繁体 - 蒙纳繁幼圆黑 → 中文字体/标题字
  📂 现代无衬线标题正文字体 → 中文字体/正文字
  📂 蒙纳繁优皮 → 中文字体/标题字
  📂 思源黑体 (Source Han Sans) → 中文字体/正文字
  📂 字体库 - 分类字体包 - 松邦 169款繁体 - 蒙纳繁行书 → 中文字体/其他
  📂 字体模板 → 中文字体/手写体
  📂 字体库 - 分类字体包 - 松邦 169款繁体 - 超世纪细隶书 → 中文字体/正文字
  📂 字体库 - 分类字体包 - 松邦 169款繁体 - 超世纪细黑体 → 中文字体/正文字
  📂 字体库 - 分类字体包 - 松邦 169款繁体 - 蒙纳繁小隶 → 中文字体/其他
  📂 超世纪粗综艺体 → 中文字体/标题字
  📂 字体库 - 分类字体包 - 松邦 169款繁体 - 蒙纳繁纤兰 → 中文字体/其他
  ✓ 完成: 成功 19, 失败 0
  📄 第 353 页: 20 个需要处理
  📂 思源黑体 - 常规 → 中文字体/正文字
  📂 字体库 - 分类字体包 - 松邦 169款繁体 - 蒙纳繁童稚 → 中文字体/手写体
  📂 字体库 - 分类字体包 - 松邦 169款繁体 - 蒙纳繁舒同 → 中文字体/其他
  📂 蒙纳繁俏皮 → 中文字体/其他
  📂 蒙纳繁隶书 → 中文字体/其他
  📂 黑体简常规 → 中文字体/标题字
  📂 字体库 - 分类字体包 - 松邦 169款繁体 - 蒙纳繁皇朝 → 中文字体/其他
  📂 字体库 - 分类字体包 - 松邦 169款繁体 - 蒙纳繁勘亭流 → 中文字体/装饰体
  📂 思源黑体常规 → 中文字体/正文字
  📂 字体库 - 分类字体包 - 松邦 169款繁体 - 超世纪粗仿宋 → 中文字体/标题字
  📂 蒙纳繁和教科书体 → 中文字体/正文字
  📂 字体库 - 分类字体包 - 松邦 169款繁体 - 蒙纳繁黑宋 → 中文字体/衬线体
  📂 四通利方中圆体简 → 中文字体/正文字
  📂 字体库 - 分类字体包 - 四通利方字体合集 - 四通利方综艺体简 → 中文字体/其他
  📂 字体库 - 分类字体包 - 松邦 169款繁体 - 蒙纳繁古印 → 中文字体/其他
  ✓ 完成: 成功 15, 失败 0
  📄 第 354 页: 20 个需要处理
  📂 字体库 - 分类字体包 - 四通利方字体合集 - 四通利方行楷体简 → 中文字体/手写体
  📂 字体库 - 分类字体包 - 四通利方字体合集 - 四通利方细圆繁体 → 中文字体/正文字
  📂 字体库 - 分类字体包 - 四通利方字体合集 - 四通利方隶书体繁 → 中文字体/其他
  📂 字体库 - 分类字体包 - 四通利方字体合集 - 四通利方魏碑体繁 → 中文字体/其他
  📂 字体库 - 分类字体包 - 松邦 169款繁体 - 蒙纳繁仿宋 → 中文字体/衬线体
  📂 字体库 - 分类字体包 - 四通利方字体合集 - 四通利方宋二体简 → 中文字体/衬线体
  📂 字体模板 → 中文字体/其他
  📂 字体模板 → 中文字体/其他
  📂 字体模板 → 中文字体/其他
  📂 字体模板 → 中文字体/其他
  📂 字体模板 → 中文字体/其他
  📂 字体模板 → 中文字体/其他
  📂 字体模板 → 中文字体/其他
  📂 字体模板 → 中文字体/其他
  📂 字体模板 → 中文字体/其他
  📂 字体模板 → 中文字体/其他
  📂 字体模板 → 中文字体/其他
  📂 字体模板 → 中文字体/其他
  ✓ 完成: 成功 18, 失败 0
  📄 第 355 页: 20 个需要处理
  📂 字体模板 → 中文字体/其他
  📂 字体模板 → 中文字体/其他
  📂 字体模板 → 中文字体/其他
  📂 字体模板 → 中文字体/其他
  📂 字体模板 → 中文字体/其他
  📂 字体模板 → 中文字体/其他
  📂 字体模板 → 中文字体/其他
  📂 字体模板 → 中文字体/其他
  📂 字体模板 → 中文字体/其他
  📂 字体模板 → 中文字体/其他
  📂 字体模板 → 中文字体/其他
  📂 字体模板 → 中文字体/其他
  📂 字体模板 → 中文字体/其他
  📂 字体模板 → 中文字体/其他
  📂 字体模板 → 中文字体/其他
  📂 字体模板 → 中文字体/其他
  📂 字体模板 → 中文字体/其他
  📂 字体模板 → 中文字体/其他
  📂 字体模板 → 中文字体/其他
  📂 字体模板 → 中文字体/其他
  ✓ 完成: 成功 20, 失败 0
  📄 第 356 页: 20 个需要处理
  📂 字体模板 → 中文字体/其他
  📂 字体模板 → 中文字体/其他
  📂 字体模板 → 中文字体/其他
  📂 字体模板 → 中文字体/其他
  📂 字体模板 → 中文字体/其他
  📂 字体模板 → 中文字体/其他
  📂 字体模板 → 中文字体/其他
  📂 字体模板 → 中文字体/其他
  📂 字体模板 → 中文字体/其他
  📂 字体模板 → 中文字体/其他
  📂 字体模板 → 中文字体/其他
  📂 字体模板 → 中文字体/其他
  📂 字体模板 → 中文字体/其他
  📂 字体模板 → 中文字体/其他
  📂 字体模板 → 中文字体/其他
  📂 字体模板 → 中文字体/其他
  📂 字体模板 → 中文字体/其他
  📂 字体模板 → 中文字体/其他
  📂 字体模板 → 中文字体/其他
  📂 字体模板 → 中文字体/其他
  ✓ 完成: 成功 20, 失败 0
  📄 第 357 页: 20 个需要处理
  📂 字体模板 → 中文字体/其他
  📂 字体模板 → 中文字体/其他
  📂 字体模板 → 中文字体/其他
  📂 字体模板 → 中文字体/其他
  📂 字体模板 → 中文字体/其他
  📂 字体模板 → 中文字体/其他
  📂 字体模板 → 中文字体/其他
  📂 字体模板 → 中文字体/其他
  📂 字体模板 → 中文字体/其他
  📂 字体模板 → 中文字体/其他
  📂 字体模板 → 中文字体/其他
  📂 字体模板 → 中文字体/其他
  📂 字体模板 → 中文字体/其他
  📂 字体模板 → 日文字体/其他
  📂 字体模板 → 中文字体/其他
  📂 字体模板 → 中文字体/其他
  📂 字体模板 → 中文字体/其他
  📂 字体模板 → 中文字体/其他
  📂 字体模板 → 中文字体/其他
  📂 字体模板 → 中文字体/其他
  ✓ 完成: 成功 20, 失败 0
  📄 第 358 页: 20 个需要处理
  📂 字体模板 → 中文字体/其他
  📂 字体模板 → 中文字体/其他
  📂 字体模板 → 中文字体/其他
  📂 字体模板 → 中文字体/其他
  📂 字体模板 → 中文字体/其他
  📂 字体模板 → 中文字体/其他
  📂 字体模板 → 中文字体/其他
  📂 字体模板 → 中文字体/其他
  📂 字体模板 → 中文字体/其他
  📂 字体模板 → 中文字体/其他
  📂 字体模板 → 中文字体/其他
  📂 字体模板 → 中文字体/其他
  📂 字体模板 → 中文字体/其他
  📂 字体模板 → 中文字体/其他
  📂 字体模板 → 中文字体/其他
  📂 字体模板 → 中文字体/其他
  📂 字体模板 → 中文字体/其他
  📂 字体模板 → 日文字体/其他
  📂 字体模板 → 中文字体/其他
  📂 字体模板 → 中文字体/其他
  ✓ 完成: 成功 20, 失败 0
  📄 第 359 页: 20 个需要处理
  📂 字体模板 → 中文字体/其他
  📂 字体模板 → 中文字体/其他
  📂 字体模板 → 中文字体/其他
  📂 字体模板 → 中文字体/其他
  📂 字体模板 → 中文字体/其他
  📂 字体模板 → 中文字体/其他
  📂 字体模板 → 中文字体/其他
  📂 字体模板 → 中文字体/其他
  📂 字体模板 → 中文字体/其他
  📂 字体模板 → 中文字体/其他
  📂 字体模板 → 韩文字体/其他
  📂 字体模板 → 中文字体/其他
  📂 字体模板 → 中文字体/其他
  📂 字体模板 → 中文字体/其他
  📂 字体模板 → 中文字体/其他
  📂 字体模板 → 中文字体/其他
  📂 字体模板 → 中文字体/其他
  📂 字体模板 → 中文字体/其他
  📂 字体模板 → 中文字体/其他
  📂 字体模板 → 中文字体/其他
  ✓ 完成: 成功 20, 失败 0
  📄 第 360 页: 20 个需要处理
  📂 字体模板 → 中文字体/其他
  📂 字体模板 → 中文字体/其他
  📂 字体模板 → 中文字体/其他
  📂 字体模板 → 中文字体/其他
  📂 字体模板 → 中文字体/其他
  📂 字体模板 → 中文字体/其他
  📂 字体模板 → 中文字体/其他
  📂 字体模板 → 中文字体/其他
  📂 字体模板 → 中文字体/其他
  📂 字体模板 → 中文字体/其他
  📂 字体模板 → 中文字体/其他
  📂 字体模板 → 中文字体/其他
  📂 字体模板 → 中文字体/其他
  📂 字体模板 → 中文字体/其他
  📂 字体模板 → 中文字体/其他
  📂 字体模板 → 中文字体/其他
  📂 字体模板 → 中文字体/其他
  📂 字体模板 → 中文字体/其他
  📂 字体模板 → 中文字体/其他
  📂 字体模板 → 中文字体/其他
  ✓ 完成: 成功 20, 失败 0
  📄 第 361 页: 20 个需要处理
  📂 字体模板 → 中文字体/其他
  📂 字体模板 → 日文字体/其他
  📂 字体模板 → 中文字体/其他
  📂 字体模板 → 中文字体/其他
  📂 字体模板 → 中文字体/其他
  📂 字体模板 → 中文字体/其他
  📂 字体模板 → 中文字体/其他
  📂 字体模板 → 中文字体/其他
  📂 字体模板 → 中文字体/其他
  📂 字体模板 → 中文字体/其他
  📂 字体模板 → 中文字体/其他
  📂 字体模板 → 中文字体/其他
  📂 字体模板 → 中文字体/其他
  📂 字体模板 → 中文字体/其他
  📂 字体模板 → 中文字体/其他
  📂 字体模板 → 中文字体/其他
  📂 字体模板 → 中文字体/其他
  📂 字体模板 → 中文字体/其他
  📂 字体模板 → 中文字体/其他
  📂 字体模板 → 中文字体/其他
  ✓ 完成: 成功 20, 失败 0
  📄 第 362 页: 20 个需要处理
  📂 字体模板 → 中文字体/其他
  📂 字体模板 → 日文字体/其他
  📂 字体模板 → 中文字体/其他
  📂 字体模板 → 中文字体/其他
  📂 字体模板 → 中文字体/其他
  📂 字体模板 → 中文字体/其他
  📂 字体模板 → 中文字体/其他
  📂 字体模板 → 中文字体/其他
  📂 字体模板 → 中文字体/其他
  📂 字体模板 → 中文字体/其他
  📂 字体模板 → 中文字体/其他
  📂 字体模板 → 中文字体/其他
  📂 字体模板 → 中文字体/其他
  📂 字体模板 → 中文字体/其他
  📂 字体模板 → 中文字体/其他
  📂 字体模板 → 中文字体/其他
  📂 字体模板 → 中文字体/其他
  📂 字体模板 → 中文字体/其他
  📂 字体模板 → 中文字体/其他
  📂 字体模板 → 中文字体/其他
  ✓ 完成: 成功 20, 失败 0
  📄 第 363 页: 20 个需要处理
  📂 字体模板 → 中文字体/其他
  📂 字体模板 → 中文字体/其他
  📂 字体模板 → 中文字体/其他
  📂 字体模板 → 中文字体/其他
  📂 字体模板 → 中文字体/其他
  📂 字体模板 → 中文字体/其他
  📂 字体模板 → 中文字体/其他
  📂 字体模板 → 中文字体/其他
  📂 字体模板 → 中文字体/其他
  📂 字体模板 → 中文字体/其他
  📂 字体模板 → 中文字体/其他
  📂 字体模板 → 中文字体/其他
  📂 字体模板 → 中文字体/其他
  📂 字体模板 → 中文字体/其他
  📂 字体模板 → 中文字体/其他
  📂 字体模板 → 中文字体/其他
  📂 字体模板 → 中文字体/其他
  📂 字体模板 → 中文字体/其他
  📂 字体模板 → 中文字体/其他
  📂 字体模板 → 中文字体/其他
  ✓ 完成: 成功 20, 失败 0
  📄 第 364 页: 20 个需要处理
  📂 字体模板 → 中文字体/其他
  📂 字体模板 → 中文字体/其他
  📂 字体模板 → 中文字体/其他
  📂 字体模板 → 中文字体/其他
  📂 字体模板 → 中文字体/其他
  📂 字体模板 → 中文字体/其他
  📂 字体模板 → 中文字体/其他
  📂 字体模板 → 中文字体/其他
  📂 字体模板 → 中文字体/其他
  📂 字体模板 → 中文字体/其他
  📂 字体模板 → 中文字体/其他
  📂 字体模板 → 中文字体/其他
  📂 字体模板 → 中文字体/其他
  📂 字体模板 → 中文字体/其他
  📂 字体模板 → 中文字体/其他
  📂 字体模板 → 中文字体/其他
  📂 字体模板 → 中文字体/其他
  📂 字体模板 → 中文字体/其他
  📂 字体模板 → 中文字体/其他
  📂 字体模板 → 中文字体/其他
  ✓ 完成: 成功 20, 失败 0
  📄 第 365 页: 20 个需要处理
  📂 字体模板 → 中文字体/其他
  📂 字体模板 → 中文字体/其他
  📂 字体模板 → 日文字体/其他
  📂 字体模板 → 日文字体/其他
  📂 字体模板 → 日文字体/其他
  📂 字体模板 → 中文字体/其他
  📂 字体模板 → 中文字体/其他
  📂 字体模板 → 中文字体/其他
  📂 字体模板 → 中文字体/其他
  📂 字体模板 → 中文字体/其他
  📂 字体模板 → 中文字体/其他
  📂 字体模板 → 中文字体/其他
  📂 字体模板 → 中文字体/其他
  📂 字体模板 → 中文字体/其他
  📂 字体模板 → 中文字体/其他
  📂 字体模板 → 中文字体/其他
  📂 字体模板 → 中文字体/其他
  📂 字体模板 → 中文字体/其他
  📂 字体模板 → 中文字体/其他
  📂 字体模板 → 中文字体/其他
  ✓ 完成: 成功 20, 失败 0
  📄 第 366 页: 20 个需要处理
  📂 字体模板 → 中文字体/其他
  📂 字体模板 → 中文字体/其他
  📂 字体模板 → 中文字体/其他
  📂 字体模板 → 中文字体/其他
  📂 字体模板 → 中文字体/其他
  📂 字体模板 → 中文字体/其他
  📂 字体模板 → 中文字体/其他
  📂 字体模板 → 中文字体/其他
  📂 字体模板 → 中文字体/其他
  📂 字体模板 → 中文字体/其他
  📂 字体模板 → 中文字体/其他
  📂 字体模板 → 中文字体/其他
  📂 字体模板 → 中文字体/其他
  📂 字体模板 → 中文字体/其他
  📂 字体模板 → 中文字体/其他
  📂 字体模板 → 中文字体/其他
  📂 字体模板 → 中文字体/其他
  📂 字体模板 → 中文字体/其他
  📂 字体模板 → 中文字体/其他
  📂 字体模板 → 中文字体/其他
  ✓ 完成: 成功 20, 失败 0
  📄 第 367 页: 20 个需要处理
  📂 字体模板 → 中文字体/其他
  📂 字体模板 → 中文字体/其他
  📂 字体模板 → 中文字体/其他
  📂 字体模板 → 中文字体/其他
  📂 字体模板 → 中文字体/其他
  📂 字体模板 → 中文字体/其他
  📂 字体模板 → 中文字体/其他
  📂 字体模板 → 中文字体/其他
  📂 字体模板 → 日文字体/其他
  📂 字体模板 → 日文字体/其他
  📂 字体模板 → 日文字体/其他
  📂 字体模板 → 日文字体/其他
  📂 字体模板 → 中文字体/其他
  📂 字体模板 → 中文字体/其他
  📂 字体模板 → 中文字体/其他
  📂 字体模板 → 中文字体/其他
  📂 字体模板 → 中文字体/其他
  📂 字体模板 → 中文字体/其他
  📂 字体模板 → 中文字体/其他
  📂 字体模板 → 中文字体/其他
  ✓ 完成: 成功 20, 失败 0
  📄 第 368 页: 20 个需要处理
  📂 字体模板 → 中文字体/其他
  📂 字体模板 → 中文字体/其他
  📂 字体模板 → 中文字体/其他
  📂 字体模板 → 中文字体/其他
  📂 字体模板 → 中文字体/其他
  📂 字体模板 → 中文字体/其他
  📂 字体模板 → 中文字体/其他
  📂 字体模板 → 中文字体/其他
  📂 字体模板 → 中文字体/其他
  📂 字体模板 → 中文字体/其他
  📂 字体模板 → 中文字体/其他
  📂 字体模板 → 中文字体/其他
  📂 字体模板 → 中文字体/其他
  📂 字体模板 → 中文字体/其他
  📂 字体模板 → 中文字体/其他
  📂 字体模板 → 中文字体/其他
  📂 字体模板 → 中文字体/其他
  📂 字体模板 → 中文字体/其他
  📂 字体模板 → 中文字体/其他
  📂 字体模板 → 中文字体/其他
  ✓ 完成: 成功 20, 失败 0
  📄 第 369 页: 20 个需要处理
  📂 字体模板 → 中文字体/其他
  📂 字体模板 → 中文字体/其他
  📂 字体模板 → 中文字体/其他
  📂 字体模板 → 中文字体/其他
  📂 字体模板 → 中文字体/其他
  📂 字体模板 → 中文字体/其他
  📂 字体模板 → 中文字体/其他
  📂 字体模板 → 中文字体/其他
  📂 字体模板 → 中文字体/其他
  📂 字体模板 → 中文字体/其他
  📂 字体模板 → 中文字体/其他
  📂 字体模板 → 中文字体/其他
  📂 字体模板 → 中文字体/其他
  📂 字体模板 → 中文字体/其他
  📂 字体模板 → 中文字体/其他
  📂 字体模板 → 中文字体/其他
  📂 字体模板 → 中文字体/其他
  📂 字体模板 → 中文字体/其他
  📂 字体模板 → 中文字体/其他
  📂 字体模板 → 中文字体/其他
  ✓ 完成: 成功 20, 失败 0
  📄 第 370 页: 20 个需要处理
  📂 字体模板 → 中文字体/其他
  📂 字体模板 → 中文字体/其他
  📂 字体模板 → 中文字体/其他
  📂 字体模板 → 中文字体/其他
  📂 字体模板 → 中文字体/其他
  📂 字体模板 → 中文字体/其他
  📂 字体模板 → 中文字体/其他
  📂 字体模板 → 中文字体/其他
  📂 字体模板 → 中文字体/其他
  📂 字体模板 → 中文字体/其他
  📂 字体模板 → 中文字体/其他
  📂 字体模板 → 中文字体/其他
  📂 字体模板 → 中文字体/其他
  📂 字体模板 → 中文字体/其他
  📂 字体模板 → 中文字体/其他
  📂 字体模板 → 中文字体/其他
  📂 字体模板 → 中文字体/其他
  📂 字体模板 → 中文字体/其他
  📂 字体模板 → 中文字体/其他
  📂 字体模板 → 中文字体/其他
  ✓ 完成: 成功 20, 失败 0
  📄 第 371 页: 20 个需要处理
  📂 字体模板 → 中文字体/其他
  📂 字体模板 → 中文字体/其他
  📂 字体模板 → 中文字体/其他
  📂 字体模板 → 中文字体/其他
  📂 字体模板 → 中文字体/其他
  📂 字体模板 → 中文字体/其他
  📂 字体模板 → 中文字体/其他
  📂 字体模板 → 中文字体/其他
  📂 字体模板 → 中文字体/其他
  📂 字体模板 → 中文字体/其他
  📂 字体模板 → 中文字体/其他
  📂 字体模板 → 中文字体/其他
  📂 字体模板 → 中文字体/其他
  📂 字体模板 → 中文字体/其他
  📂 字体模板 → 中文字体/其他
  📂 字体模板 → 中文字体/其他
  📂 字体模板 → 中文字体/其他
  📂 字体模板 → 中文字体/其他
  📂 字体模板 → 中文字体/其他
  📂 字体模板 → 中文字体/其他
  ✓ 完成: 成功 20, 失败 0
  📄 第 372 页: 20 个需要处理
  📂 字体模板 → 中文字体/其他
  📂 字体模板 → 中文字体/其他
  📂 字体模板 → 中文字体/其他
  📂 字体模板 → 中文字体/其他
  📂 字体模板 → 中文字体/其他
  📂 字体模板 → 中文字体/其他
  📂 字体模板 → 中文字体/其他
  📂 字体模板 → 中文字体/其他
  📂 字体模板 → 中文字体/其他
  📂 字体模板 → 中文字体/其他
  📂 字体模板 → 中文字体/其他
  📂 字体模板 → 中文字体/其他
  📂 字体模板 → 中文字体/其他
  📂 字体模板 → 中文字体/其他
  📂 字体模板 → 中文字体/其他
  📂 字体模板 → 中文字体/其他
  📂 字体模板 → 中文字体/其他
  📂 字体模板 → 中文字体/其他
  📂 字体模板 → 中文字体/其他
  📂 字体模板 → 中文字体/其他
  ✓ 完成: 成功 20, 失败 0
  📄 第 373 页: 20 个需要处理
  📂 字体模板 → 中文字体/其他
  📂 字体模板 → 中文字体/其他
  📂 字体模板 → 中文字体/其他
  📂 字体模板 → 中文字体/其他
  📂 字体模板 → 中文字体/其他
  📂 字体模板 → 中文字体/其他
  📂 字体模板 → 中文字体/其他
  📂 字体模板 → 中文字体/其他
  📂 字体模板 → 中文字体/其他
  📂 字体模板 → 中文字体/其他
  📂 字体模板 → 中文字体/其他
  📂 字体模板 → 中文字体/其他
  📂 字体模板 → 中文字体/其他
  📂 字体模板 → 中文字体/其他
  📂 字体模板 → 中文字体/其他
  📂 字体模板 → 中文字体/其他
  📂 字体模板 → 中文字体/其他
  📂 字体模板 → 中文字体/其他
  📂 字体模板 → 中文字体/其他
  📂 字体模板 → 中文字体/其他
  ✓ 完成: 成功 20, 失败 0
  📄 第 374 页: 20 个需要处理
  📂 字体模板 → 中文字体/其他
  📂 字体模板 → 中文字体/其他
  📂 字体模板 → 中文字体/其他
  📂 字体模板 → 中文字体/其他
  📂 字体模板 → 中文字体/其他
  📂 字体模板 → 韩文字体/其他
  📂 字体模板 → 中文字体/其他
  📂 字体模板 → 韩文字体/其他
  📂 字体模板 → 中文字体/其他
  📂 字体模板 → 中文字体/其他
  📂 字体模板 → 中文字体/其他
  📂 字体模板 → 中文字体/其他
  📂 字体模板 → 中文字体/其他
  📂 字体模板 → 中文字体/其他
  📂 字体模板 → 中文字体/其他
  📂 字体模板 → 中文字体/其他
  📂 字体模板 → 中文字体/其他
  📂 字体模板 → 中文字体/其他
  📂 字体模板 → 中文字体/其他
  📂 字体模板 → 中文字体/其他
  ✓ 完成: 成功 20, 失败 0
  📄 第 375 页: 20 个需要处理
  📂 字体模板 → 中文字体/其他
  📂 字体模板 → 中文字体/其他
  📂 字体模板 → 中文字体/其他
  📂 字体模板 → 中文字体/其他
  📂 字体模板 → 中文字体/其他
  📂 字体模板 → 中文字体/其他
  📂 字体模板 → 中文字体/其他
  📂 字体模板 → 中文字体/其他
  📂 字体模板 → 中文字体/其他
  📂 字体模板 → 中文字体/其他
  📂 字体模板 → 中文字体/其他
  📂 字体模板 → 中文字体/其他
  📂 字体模板 → 中文字体/其他
  📂 字体模板 → 中文字体/其他
  📂 字体模板 → 中文字体/其他
  📂 字体模板 → 中文字体/其他
  📂 字体模板 → 中文字体/其他
  📂 字体模板 → 中文字体/其他
  📂 字体模板 → 中文字体/其他
  📂 字体模板 → 中文字体/其他
  ✓ 完成: 成功 20, 失败 0
  📄 第 376 页: 20 个需要处理
  📂 字体模板 → 中文字体/其他
  📂 字体模板 → 中文字体/其他
  📂 字体模板 → 中文字体/其他
  📂 字体模板 → 中文字体/其他
  📂 字体模板 → 中文字体/其他
  📂 字体模板 → 中文字体/其他
  📂 字体模板 → 中文字体/其他
  📂 字体模板 → 中文字体/其他
  📂 字体模板 → 中文字体/其他
  📂 字体模板 → 中文字体/其他
  📂 字体模板 → 中文字体/其他
  📂 字体模板 → 中文字体/其他
  📂 字体模板 → 中文字体/其他
  📂 字体模板 → 中文字体/其他
  📂 字体模板 → 中文字体/其他
  📂 字体模板 → 中文字体/其他
  📂 字体模板 → 中文字体/其他
  📂 字体模板 → 中文字体/其他
  📂 字体模板 → 中文字体/其他
  📂 字体模板 → 中文字体/其他
  ✓ 完成: 成功 20, 失败 0
  📄 第 377 页: 20 个需要处理
  📂 字体模板 → 中文字体/其他
  📂 字体模板 → 韩文字体/其他
  📂 字体模板 → 中文字体/其他
  📂 字体模板 → 中文字体/其他
  📂 字体模板 → 中文字体/其他
  📂 字体模板 → 中文字体/其他
  📂 字体模板 → 中文字体/其他
  📂 字体模板 → 中文字体/其他
  📂 字体模板 → 中文字体/其他
  📂 字体模板 → 中文字体/其他
  📂 字体模板 → 中文字体/其他
  📂 字体模板 → 中文字体/其他
  📂 字体模板 → 中文字体/其他
  📂 字体模板 → 中文字体/其他
  📂 字体模板 → 中文字体/其他
  📂 字体模板 → 中文字体/其他
  📂 字体模板 → 中文字体/其他
  📂 字体模板 → 中文字体/其他
  📂 字体模板 → 中文字体/其他
  📂 字体模板 → 中文字体/其他
  ✓ 完成: 成功 20, 失败 0
  📄 第 378 页: 20 个需要处理
  📂 字体模板 → 中文字体/其他
  📂 字体模板 → 中文字体/其他
  📂 字体模板 → 中文字体/其他
  📂 字体模板 → 中文字体/其他
  ✓ 完成: 成功 4, 失败 16
  ✗ 第 379 页失败: fetch failed
  ✗ 第 380 页失败: fetch failed
  📄 第 381 页: 20 个需要处理
  📂 字体模板 → 中文字体/其他
  📂 字体模板 → 中文字体/其他
  📂 字体模板 → 中文字体/其他
  📂 字体模板 → 中文字体/其他
  📂 字体模板 → 中文字体/其他
  📂 字体模板 → 中文字体/其他
  📂 字体模板 → 中文字体/其他
  📂 字体模板 → 中文字体/其他
  📂 字体模板 → 中文字体/其他
  📂 字体模板 → 中文字体/其他
  📂 字体模板 → 中文字体/其他
  📂 字体模板 → 中文字体/其他
  📂 字体模板 → 中文字体/其他
  📂 字体模板 → 中文字体/其他
  📂 字体模板 → 中文字体/其他
  📂 字体模板 → 中文字体/其他
  📂 字体模板 → 中文字体/其他
  📂 字体模板 → 中文字体/其他
  📂 字体模板 → 中文字体/其他
  📂 字体模板 → 中文字体/其他
  ✓ 完成: 成功 20, 失败 0
  📄 第 382 页: 20 个需要处理
  📂 字体模板 → 中文字体/其他
  📂 字体模板 → 中文字体/其他
  📂 字体模板 → 中文字体/其他
  📂 字体模板 → 中文字体/其他
  📂 字体模板 → 中文字体/其他
  📂 字体模板 → 中文字体/其他
  📂 字体模板 → 中文字体/其他
  📂 字体模板 → 中文字体/其他
  📂 字体模板 → 中文字体/其他
  📂 字体模板 → 中文字体/其他
  📂 字体模板 → 中文字体/其他
  📂 字体模板 → 中文字体/其他
  📂 字体模板 → 中文字体/其他
  📂 字体模板 → 中文字体/其他
  📂 字体模板 → 中文字体/其他
  📂 字体模板 → 中文字体/其他
  📂 字体库 - 分类字体包 - 方正字体 - 方正字迹 - 元童楷隶繁体 → 中文字体/手写体
  📂 字体模板 → 中文字体/其他
  📂 字体库 - 分类字体包 - 方正字体 - 方正韵动中黑简体 → 中文字体/其他
  📂 字体库 - 分类字体包 - 方正字体 - 方正毡笔黑繁体 → 中文字体/其他
  ✓ 完成: 成功 20, 失败 0
  📄 第 383 页: 20 个需要处理
  📂 字体库 - 分类字体包 - 方正字体 - 方正字迹 - 邢体隶一繁体 → 中文字体/其他
  📂 字体库 - 分类字体包 - 方正字体 - 方正韵动特黑简体 → 中文字体/其他
  📂 字体库 - 分类字体包 - 方正字体 - 方正韵动粗黑 → 中文字体/标题字
  📂 字体库 - 分类字体包 - 方正字体 - 方正幼线繁体 → 中文字体/其他
  📂 字体库 - 分类字体包 - 方正字体 - 方正字迹 - 邢体隶二繁体 → 中文字体/其他
  📂 字体库 - 分类字体包 - 方正字体 - 方正悠黑简体 → 中文字体/其他
  📂 字体库 - 分类字体包 - 方正字体 - 方正字迹 - 邢体草书繁体 → 中文字体/其他
  📂 字体库 - 分类字体包 - 方正字体 - 方正硬笔行书繁体 → 中文字体/其他
  📂 字体库 - 分类字体包 - 方正字体 - 方正准圆简体 → 中文字体/其他
  📂 字体库 - 分类字体包 - 方正字体 - 方正硬笔楷书简体_0 → 中文字体/手写体
  📂 字体库 - 分类字体包 - 方正字体 - 方正艺黑简体 → 中文字体/其他
  📂 字体库 - 分类字体包 - 方正字体 - 方正准圆繁体 → 中文字体/其他
  📂 字体库 - 分类字体包 - 方正字体 - 方正准雅宋简体 → 中文字体/衬线体
  📂 字体库 - 分类字体包 - 方正字体 - 方正姚体简体 → 中文字体/其他
  📂 字体库 - 分类字体包 - 方正字体 - 方正颜宋简体_中 → 中文字体/衬线体
  📂 字体库 - 分类字体包 - 方正字体 - 方正姚体 → 中文字体/其他
  📂 字体库 - 分类字体包 - 方正字体 - 方正颜宋简体 → 中文字体/衬线体
  📂 字体库 - 分类字体包 - 方正字体 - 方正中雅宋_GBK → 中文字体/衬线体
  📂 字体库 - 分类字体包 - 方正字体 - 方正准俊黑简体 → 中文字体/其他
  📂 字体库 - 分类字体包 - 方正字体 - 方正颜宋简体_大 → 中文字体/衬线体
  ✓ 完成: 成功 20, 失败 0
  📄 第 384 页: 20 个需要处理
  📂 字体库 - 分类字体包 - 方正字体 - 方正行楷繁体 → 中文字体/手写体
  📂 字体库 - 分类字体包 - 方正字体 - 方正中倩繁体 → 中文字体/其他
  📂 字体库 - 分类字体包 - 方正字体 - 方正中等线简体 → 中文字体/其他
  📂 字体库 - 分类字体包 - 方正字体 - 方正中楷繁体 → 中文字体/手写体
  📂 字体库 - 分类字体包 - 方正字体 - 方正悬针篆变简体 → 中文字体/其他
  📂 字体库 - 分类字体包 - 方正字体 - 方正新舒体简体 → 中文字体/其他
  📂 字体库 - 分类字体包 - 方正字体 - 方正中等线_GBK → 中文字体/其他
  📂 字体库 - 分类字体包 - 方正字体 - 方正行黑简体 → 中文字体/其他
  📂 字体库 - 分类字体包 - 方正字体 - 方正新书宋繁体 → 中文字体/衬线体
  📂 字体库 - 分类字体包 - 方正字体 - 方正正纤黑简体 → 中文字体/其他
  📂 字体库 - 分类字体包 - 方正字体 - 方正新舒体_GBK → 中文字体/其他
  📂 字体库 - 分类字体包 - 方正字体 - 方正正准黑简体 → 中文字体/其他
  📂 字体库 - 分类字体包 - 方正字体 - 方正稚艺繁体 → 中文字体/其他
  📂 字体库 - 分类字体包 - 方正字体 - 方正新报宋_GBK → 中文字体/衬线体
  📂 字体库 - 分类字体包 - 方正字体 - 方正正大黑简体 → 中文字体/其他
  📂 字体库 - 分类字体包 - 方正字体 - 方正小标宋简体 → 中文字体/衬线体
  📂 字体库 - 分类字体包 - 方正字体 - 方正正粗黑简体 → 中文字体/标题字
  📂 字体库 - 分类字体包 - 方正字体 - 方正小标宋_GBK → 中文字体/衬线体
  📂 字体库 - 分类字体包 - 方正字体 - 方正毡笔黑简体 → 中文字体/其他
  📂 字体库 - 分类字体包 - 方正字体 - 方正臧体简体 → 中文字体/其他
  ✓ 完成: 成功 20, 失败 0
  📄 第 385 页: 20 个需要处理
  📂 字体库 - 分类字体包 - 方正字体 - 方正像素18 → 中文字体/其他
  📂 字体库 - 分类字体包 - 方正字体 - 方正韵动粗黑简体 → 中文字体/标题字
  📂 字体库 - 分类字体包 - 方正字体 - 方正幼线_GBK → 中文字体/其他
  📂 字体库 - 分类字体包 - 方正字体 - 方正韵动中黑 → 中文字体/其他
  📂 字体库 - 分类字体包 - 方正字体 - 方正硬笔行书简体 → 中文字体/其他
  📂 字体库 - 分类字体包 - 方正字体 - 方正祥隶简体 → 中文字体/其他
  📂 字体库 - 分类字体包 - 方正字体 - 方正像素14 → 中文字体/其他
  📂 字体库 - 分类字体包 - 方正字体 - 方正幼线简体 → 中文字体/其他
  📂 字体库 - 分类字体包 - 方正字体 - 方正硬笔楷书简体 → 中文字体/手写体
  📂 字体库 - 分类字体包 - 方正字体 - 方正显仁简体 → 中文字体/其他
  📂 字体库 - 分类字体包 - 方正字体 - 方正硬笔楷书繁体 → 中文字体/手写体
  📂 字体库 - 分类字体包 - 方正字体 - 方正细圆简体 → 中文字体/正文字
  📂 字体库 - 分类字体包 - 方正字体 - 方正细圆_GBK → 中文字体/正文字
  📂 字体库 - 分类字体包 - 方正字体 - 方正细谭黑繁体 → 中文字体/正文字
  📂 字体库 - 分类字体包 - 方正字体 - 方正艺黑繁体 → 中文字体/其他
  📂 字体库 - 分类字体包 - 方正字体 - 方正姚体繁体 → 中文字体/其他
  📂 字体库 - 分类字体包 - 方正字体 - 方正细倩简体 → 中文字体/正文字
  📂 字体库 - 分类字体包 - 方正字体 - 方正细珊瑚繁体 → 中文字体/正文字
  📂 字体库 - 分类字体包 - 方正字体 - 方正姚体_GBK → 中文字体/其他
  📂 字体库 - 分类字体包 - 方正字体 - 方正细倩_GBK → 中文字体/正文字
  ✓ 完成: 成功 20, 失败 0
  📄 第 386 页: 20 个需要处理
  📂 字体库 - 分类字体包 - 方正字体 - 方正颜宋简体_准 → 中文字体/衬线体
  📂 字体库 - 分类字体包 - 方正字体 - 方正细黑一简体 → 中文字体/正文字
  📂 字体库 - 分类字体包 - 方正字体 - 方正细黑一_GBK → 中文字体/正文字
  📂 字体库 - 分类字体包 - 方正字体 - 方正颜宋简体_纤 → 中文字体/衬线体
  📂 字体库 - 分类字体包 - 方正字体 - 方正颜宋简体_粗 → 中文字体/标题字
  📂 字体库 - 分类字体包 - 方正字体 - 方正魏碑繁体 → 中文字体/其他
  📂 字体库 - 分类字体包 - 方正字体 - 方正细等线_GBK → 中文字体/正文字
  📂 字体库 - 分类字体包 - 方正字体 - 方正行楷简体 → 中文字体/手写体
  📂 字体库 - 分类字体包 - 方正字体 - 方正体坛粗黑简体 → 中文字体/标题字
  📂 字体库 - 分类字体包 - 方正字体 - 方正行楷_GBK → 中文字体/手写体
  📂 字体库 - 分类字体包 - 方正字体 - 方正新秀丽繁体 → 中文字体/其他
  📂 字体库 - 分类字体包 - 方正字体 - 方正铁筋隶书简体 → 中文字体/其他
  📂 字体库 - 分类字体包 - 方正字体 - 方正特雅宋_GBK → 中文字体/衬线体
  📂 字体库 - 分类字体包 - 方正字体 - 方正新书宋简体 → 中文字体/衬线体
  📂 字体库 - 分类字体包 - 方正字体 - 方正新舒体繁体 → 中文字体/其他
  📂 字体库 - 分类字体包 - 方正字体 - 方正淘乐简体 → 中文字体/其他
  📂 字体库 - 分类字体包 - 方正字体 - 方正新报宋简体 → 中文字体/衬线体
  📂 字体库 - 分类字体包 - 方正字体 - 方正小篆体 → 中文字体/其他
  📂 字体库 - 分类字体包 - 方正字体 - 方正苏新诗柳楷简体 → 中文字体/手写体
  📂 字体库 - 分类字体包 - 方正字体 - 方正像素24 → 中文字体/其他
  ✓ 完成: 成功 20, 失败 0
  📄 第 387 页: 20 个需要处理
  📂 字体库 - 分类字体包 - 方正字体 - 方正宋一_GBK → 中文字体/衬线体
  📂 字体库 - 分类字体包 - 方正字体 - 方正小标宋繁体 → 中文字体/衬线体
  📂 字体库 - 分类字体包 - 方正字体 - 方正像素12 → 中文字体/其他
  📂 字体库 - 分类字体包 - 方正字体 - 方正宋一简体 → 中文字体/衬线体
  📂 字体库 - 分类字体包 - 方正字体 - 方正祥隶繁体 → 中文字体/其他
  📂 字体库 - 分类字体包 - 方正字体 - 方正像素16 → 中文字体/其他
  📂 字体库 - 分类字体包 - 方正字体 - 方正宋三_GBK → 中文字体/衬线体
  📂 字体库 - 分类字体包 - 方正字体 - 方正纤俊黑简体 → 中文字体/其他
  📂 字体库 - 分类字体包 - 方正字体 - 方正宋刻本秀楷简体_0 → 中文字体/手写体
  📂 字体库 - 分类字体包 - 方正字体 - 方正细圆繁体 → 中文字体/正文字
  📂 字体库 - 分类字体包 - 方正字体 - 方正宋黑简体 → 中文字体/衬线体
  📂 字体库 - 分类字体包 - 方正字体 - 方正细谭黑简体 → 中文字体/正文字
  📂 字体库 - 分类字体包 - 方正字体 - 方正细珊瑚简体 → 中文字体/正文字
  📂 字体库 - 分类字体包 - 方正字体 - 方正宋黑_GBK → 中文字体/衬线体
  📂 字体库 - 分类字体包 - 方正字体 - 方正细倩繁体 → 中文字体/正文字
  📂 字体库 - 分类字体包 - 方正字体 - 方正水柱繁体 → 中文字体/其他
  📂 字体库 - 分类字体包 - 方正字体 - 方正细珊瑚_GBK → 中文字体/正文字
  📂 字体库 - 分类字体包 - 方正字体 - 方正水黑繁体 → 中文字体/其他
  📂 字体库 - 分类字体包 - 方正字体 - 方正水云简体_准 → 中文字体/其他
  📂 字体库 - 分类字体包 - 方正字体 - 方正细黑一繁体 → 中文字体/正文字
  ✓ 完成: 成功 20, 失败 0
  📄 第 388 页: 20 个需要处理
  📂 字体库 - 分类字体包 - 方正字体 - 方正细俊黑简体 → 中文字体/正文字
  📂 字体库 - 分类字体包 - 方正字体 - 方正细等线简体 → 中文字体/正文字
  📂 字体库 - 分类字体包 - 方正字体 - 方正舒体_GBK → 中文字体/其他
  📂 字体库 - 分类字体包 - 方正字体 - 方正舒体繁体 → 中文字体/其他
  📂 字体库 - 分类字体包 - 方正字体 - 方正魏碑简体 → 中文字体/其他
  📂 字体库 - 分类字体包 - 方正字体 - 方正魏碑_GBK → 中文字体/其他
  📂 字体库 - 分类字体包 - 方正字体 - 方正体坛超黑简体 → 中文字体/其他
  📂 字体库 - 分类字体包 - 方正字体 - 方正铁筋隶书繁体 → 中文字体/其他
  📂 字体库 - 分类字体包 - 方正字体 - 方正书宋繁体 → 中文字体/衬线体
  📂 字体库 - 分类字体包 - 方正字体 - 方正瘦金书简体 → 中文字体/其他
  📂 字体库 - 分类字体包 - 方正字体 - 方正特粗光辉简体 → 中文字体/标题字
  📂 字体库 - 分类字体包 - 方正字体 - 方正瘦金书_GBK → 中文字体/其他
  📂 字体库 - 分类字体包 - 方正字体 - 方正孙拥声简体 → 中文字体/其他
  📂 字体库 - 分类字体包 - 方正字体 - 方正苏新诗柳楷繁体 → 中文字体/手写体
  📂 字体库 - 分类字体包 - 方正字体 - 方正少儿繁体 → 中文字体/其他
  📂 字体库 - 分类字体包 - 方正字体 - 方正清刻本悦宋简（风尚中文） → 中文字体/衬线体
  📂 字体库 - 分类字体包 - 方正字体 - 方正尚酷简体 → 中文字体/其他
  📂 字体库 - 分类字体包 - 方正字体 - 方正宋三简体 → 中文字体/衬线体
  📂 字体库 - 分类字体包 - 方正字体 - 方正宋一繁体 → 中文字体/衬线体
  📂 字体库 - 分类字体包 - 方正字体 - 方正青铜体 → 中文字体/其他
  ✓ 完成: 成功 20, 失败 0
  📄 第 389 页: 20 个需要处理
  📂 字体库 - 分类字体包 - 方正字体 - 方正宋刻本秀楷简体 → 中文字体/手写体
  📂 字体库 - 分类字体包 - 方正字体 - 方正清刻本悦宋繁 → 中文字体/衬线体
  📂 字体库 - 分类字体包 - 方正字体 - 方正启笛简体 → 中文字体/其他
  📂 字体库 - 分类字体包 - 方正字体 - 方正启体简体_0 → 中文字体/其他
  📂 字体库 - 分类字体包 - 方正字体 - 方正宋刻本秀楷简 → 中文字体/手写体
  📂 字体库 - 分类字体包 - 方正字体 - 方正平黑繁体 → 中文字体/其他
  📂 字体库 - 分类字体包 - 方正字体 - 方正宋黑繁体 → 中文字体/衬线体
  📂 字体库 - 分类字体包 - 方正字体 - 方正水柱简体 → 中文字体/其他
  📂 字体库 - 分类字体包 - 方正字体 - 方正水黑简体 → 中文字体/其他
  📂 字体库 - 分类字体包 - 方正字体 - 方正平和繁体 → 中文字体/其他
  📂 字体库 - 分类字体包 - 方正字体 - 方正舒体简体 → 中文字体/其他
  📂 字体库 - 分类字体包 - 方正字体 - 方正水柱_GBK → 中文字体/其他
  📂 字体库 - 分类字体包 - 方正字体 - 方正舒体 → 中文字体/其他
  📂 字体库 - 分类字体包 - 方正字体 - 方正品尚准黑 → 中文字体/其他
  📂 字体库 - 分类字体包 - 方正字体 - 方正书宋简体 → 中文字体/衬线体
  📂 字体库 - 分类字体包 - 方正字体 - 方正品尚黑 → 中文字体/其他
  📂 字体库 - 分类字体包 - 方正字体 - 方正书宋_GBK → 中文字体/衬线体
  📂 字体库 - 分类字体包 - 方正字体 - 方正品尚黑简体 → 中文字体/其他
  📂 字体库 - 分类字体包 - 方正字体 - 方正佩安体 → 中文字体/其他
  📂 字体库 - 分类字体包 - 方正字体 - 方正瘦金书繁体 → 中文字体/其他
  ✓ 完成: 成功 20, 失败 0
  📄 第 390 页: 20 个需要处理
  📂 字体库 - 分类字体包 - 方正字体 - 方正少儿简体 → 中文字体/其他
  📂 字体库 - 分类字体包 - 方正字体 - 方正少儿_GBK → 中文字体/其他
  📂 字体库 - 分类字体包 - 方正字体 - 方正胖娃简体 → 中文字体/其他
  📂 字体库 - 分类字体包 - 方正字体 - 方正清刻本悦宋简体 → 中文字体/衬线体
  📂 字体库 - 分类字体包 - 方正字体 - 方正胖娃_GBK → 中文字体/其他
  📂 字体库 - 分类字体包 - 方正字体 - 方正清刻本悦宋繁体 → 中文字体/衬线体
  📂 字体库 - 分类字体包 - 方正字体 - 方正呐喊体 → 中文字体/其他
  📂 字体库 - 分类字体包 - 方正字体 - 方正清刻本 → 中文字体/其他
  📂 字体库 - 分类字体包 - 方正字体 - 方正美黑繁体 → 中文字体/其他
  📂 字体库 - 分类字体包 - 方正字体 - 方正喵呜体 → 中文字体/其他
  📂 字体库 - 分类字体包 - 方正字体 - 方正启体简体 → 中文字体/其他
  📂 字体库 - 分类字体包 - 方正字体 - 方正启体繁体 → 中文字体/其他
  📂 字体库 - 分类字体包 - 方正字体 - 方正吕建德字体简体 → 中文字体/其他
  📂 字体库 - 分类字体包 - 方正字体 - 方正启笛繁体 → 中文字体/其他
  📂 字体库 - 分类字体包 - 方正字体 - 方正吕建德字体简体_0 → 中文字体/其他
  📂 字体库 - 分类字体包 - 方正字体 - 方正平和简体 → 中文字体/其他
  📂 字体库 - 分类字体包 - 方正字体 - 方正流行体简体 → 中文字体/其他
  📂 字体库 - 分类字体包 - 方正字体 - 方正流行简体 → 中文字体/其他
  📂 字体库 - 分类字体包 - 方正字体 - 方正平和_GBK → 中文字体/其他
  📂 字体库 - 分类字体包 - 方正字体 - 方正隶书繁体 → 中文字体/其他
  ✓ 完成: 成功 20, 失败 0
  📄 第 391 页: 20 个需要处理
  📂 字体库 - 分类字体包 - 方正字体 - 方正品尚中黑 → 中文字体/其他
  📂 字体库 - 分类字体包 - 方正字体 - 方正隶二简体 → 中文字体/其他
  📂 字体库 - 分类字体包 - 方正字体 - 方正隶二_GBK → 中文字体/其他
  📂 字体库 - 分类字体包 - 方正字体 - 方正隶变简体 → 中文字体/其他
  📂 字体库 - 分类字体包 - 方正字体 - 方正品尚粗黑 → 中文字体/标题字
  📂 字体库 - 分类字体包 - 方正字体 - 方正品尚黑简体_0 → 中文字体/其他
  📂 字体库 - 分类字体包 - 方正字体 - 方正咆哮简体 → 中文字体/其他
  📂 字体库 - 分类字体包 - 方正字体 - 方正隶变_GBK → 中文字体/其他
  📂 字体库 - 分类字体包 - 方正字体 - 方正兰亭纤黑_GBK → 中文字体/其他
  📂 字体库 - 分类字体包 - 方正字体 - 方正兰亭中黑_GBK → 中文字体/其他
  📂 字体库 - 分类字体包 - 方正字体 - 方正胖头鱼简体 → 中文字体/其他
  📂 字体库 - 分类字体包 - 方正字体 - 方正胖娃繁体 → 中文字体/其他
  📂 字体库 - 分类字体包 - 方正字体 - 方正明尚简体 → 中文字体/其他
  📂 字体库 - 分类字体包 - 方正字体 - 方正兰亭细黑 GBK → 中文字体/正文字
  📂 字体库 - 分类字体包 - 方正字体 - 方正美黑简体 → 中文字体/其他
  📂 字体库 - 分类字体包 - 方正字体 - 方正美黑_GBK → 中文字体/其他
  📂 字体库 - 分类字体包 - 方正字体 - 方正兰亭特黑长简 → 中文字体/其他
  📂 字体库 - 分类字体包 - 方正字体 - 方正兰亭特黑简体 → 中文字体/其他
  📂 字体库 - 分类字体包 - 方正字体 - 方正兰亭特黑扁简体 → 中文字体/其他
  📂 字体库 - 分类字体包 - 方正字体 - 方正吕建德字体简体_1 → 中文字体/其他
  ✓ 完成: 成功 20, 失败 0
  📄 第 392 页: 20 个需要处理
  📂 字体库 - 分类字体包 - 方正字体 - 方正兰亭特黑扁_GBK → 中文字体/其他
  📂 字体库 - 分类字体包 - 方正字体 - 方正兰亭宋_GBK → 中文字体/衬线体
  📂 字体库 - 分类字体包 - 方正字体 - 方正流行体繁体 → 中文字体/其他
  📂 字体库 - 分类字体包 - 方正字体 - 方正吕建德字体 → 中文字体/其他
  📂 字体库 - 分类字体包 - 方正字体 - 方正兰亭黑简体 → 中文字体/其他
  📂 字体库 - 分类字体包 - 方正字体 - 方正隶书简体 → 中文字体/其他
  📂 字体库 - 分类字体包 - 方正字体 - 方正隶书_GBK → 中文字体/其他
  📂 字体库 - 分类字体包 - 方正字体 - 方正兰亭黑繁体 → 中文字体/其他
  📂 字体库 - 分类字体包 - 方正字体 - 方正兰亭大黑_GBK → 中文字体/其他
  📂 字体库 - 分类字体包 - 方正字体 - 方正隶二繁体 → 中文字体/其他
  📂 字体库 - 分类字体包 - 方正字体 - 方正兰亭粗黑简 → 中文字体/标题字
  📂 字体库 - 分类字体包 - 方正字体 - 方正隶变繁体 → 中文字体/其他
  📂 字体库 - 分类字体包 - 方正字体 - 方正兰亭超细黑简体 → 中文字体/正文字
  📂 字体库 - 分类字体包 - 方正字体 - 方正康体简体 → 中文字体/其他
  📂 字体库 - 分类字体包 - 方正字体 - 方正隶二_GBK_0 → 中文字体/其他
  📂 字体库 - 分类字体包 - 方正字体 - 方正兰亭纤黑简体 → 中文字体/其他
  📂 字体库 - 分类字体包 - 方正字体 - 方正康体_GBK → 中文字体/其他
  📂 字体库 - 分类字体包 - 方正字体 - 方正兰亭准黑_GBK → 中文字体/其他
  📂 字体库 - 分类字体包 - 方正字体 - 方正兰亭特黑长简体 → 中文字体/其他
  📂 字体库 - 分类字体包 - 方正字体 - 方正兰亭细黑_GBK → 中文字体/正文字
  ✓ 完成: 成功 20, 失败 0
  📄 第 393 页: 20 个需要处理
  📂 字体库 - 分类字体包 - 方正字体 - 方正楷体简体_0 → 中文字体/手写体
  📂 字体库 - 分类字体包 - 方正字体 - 方正楷体_GBK → 中文字体/手写体
  📂 字体库 - 分类字体包 - 方正字体 - 方正卡通繁体 → 中文字体/其他
  📂 字体库 - 分类字体包 - 方正字体 - 方正兰亭特黑简 → 中文字体/其他
  📂 字体库 - 分类字体包 - 方正字体 - 方正兰亭特黑长_GBK → 中文字体/其他
  📂 字体库 - 分类字体包 - 方正字体 - 方正兰亭特黑_GBK → 中文字体/其他
  📂 字体库 - 分类字体包 - 方正字体 - 方正晶准黑 → 中文字体/其他
  📂 字体库 - 分类字体包 - 方正字体 - 方正兰亭特黑扁简 → 中文字体/其他
  📂 字体库 - 分类字体包 - 方正字体 - 方正晶中粗黑 → 中文字体/标题字
  📂 字体库 - 分类字体包 - 方正字体 - 方正晶粗黑 → 中文字体/标题字
  📂 字体库 - 分类字体包 - 方正字体 - 方正兰亭刊黑_GBK → 中文字体/其他
  📂 字体库 - 分类字体包 - 方正字体 - 方正经黑简体 → 中文字体/其他
  📂 字体库 - 分类字体包 - 方正字体 - 方正晶黑 → 中文字体/其他
  📂 字体库 - 分类字体包 - 方正字体 - 方正兰亭黑简 → 中文字体/其他
  📂 字体库 - 分类字体包 - 方正字体 - 方正剪纸简体 → 中文字体/其他
  📂 字体库 - 分类字体包 - 方正字体 - 方正经黑简体_0 → 中文字体/其他
  📂 字体库 - 分类字体包 - 方正字体 - 方正兰亭粗黑简体 → 中文字体/标题字
  📂 字体库 - 分类字体包 - 方正字体 - 方正兰亭黑_GBK → 中文字体/其他
  📂 字体库 - 分类字体包 - 方正字体 - 方正寂地简体 → 中文字体/其他
  📂 字体库 - 分类字体包 - 方正字体 - 方正兰亭粗黑_GBK → 中文字体/标题字
  ✓ 完成: 成功 20, 失败 0
  📄 第 394 页: 20 个需要处理
  📂 字体库 - 分类字体包 - 方正字体 - 方正黄草_GBK → 中文字体/其他
  📂 字体库 - 分类字体包 - 方正字体 - 方正黄草简体 → 中文字体/其他
  📂 字体库 - 分类字体包 - 方正字体 - 方正狂草 → 中文字体/其他
  📂 字体库 - 分类字体包 - 方正字体 - 方正康体繁体 → 中文字体/其他
  📂 字体库 - 分类字体包 - 方正字体 - 方正楷体简体 → 中文字体/手写体
  📂 字体库 - 分类字体包 - 方正字体 - 方正华隶繁体 → 中文字体/其他
  📂 字体库 - 分类字体包 - 方正字体 - 方正黑体_GBK → 中文字体/其他
  📂 字体库 - 分类字体包 - 方正字体 - 方正琥珀简体 → 中文字体/其他
  📂 字体库 - 分类字体包 - 方正字体 - 方正楷体繁体 → 中文字体/手写体
  📂 字体库 - 分类字体包 - 方正字体 - 方正黑体简体 → 中文字体/其他
  📂 字体库 - 分类字体包 - 方正字体 - 方正俊黑简体 → 中文字体/其他
  📂 字体库 - 分类字体包 - 方正字体 - 方正卡通简体 → 中文字体/其他
  📂 字体库 - 分类字体包 - 方正字体 - 方正汉真广标简体 → 中文字体/其他
  📂 字体库 - 分类字体包 - 方正字体 - 方正晶中黑 → 中文字体/其他
  📂 字体库 - 分类字体包 - 方正字体 - 方正汉简简体 → 中文字体/其他
  📂 字体库 - 分类字体包 - 方正字体 - 方正经黑手写简体 → 中文字体/手写体
  📂 字体库 - 分类字体包 - 方正字体 - 方正晶特黑 → 中文字体/其他
  📂 字体库 - 分类字体包 - 方正字体 - 方正光辉特粗简体 → 中文字体/标题字
  📂 字体库 - 分类字体包 - 方正字体 - 方正经黑简体 → 中文字体/其他
  📂 字体库 - 分类字体包 - 方正字体 - 方正晶大黑 → 中文字体/其他
  ✓ 完成: 成功 20, 失败 0
  📄 第 395 页: 20 个需要处理
  📂 字体库 - 分类字体包 - 方正字体 - 方正古隶繁体 → 中文字体/其他
  📂 字体库 - 分类字体包 - 方正字体 - 方正剑体简体 → 中文字体/其他
  📂 字体库 - 分类字体包 - 方正字体 - 方正仿宋_GBK → 中文字体/衬线体
  📂 字体库 - 分类字体包 - 方正字体 - 方正剪纸繁体 → 中文字体/其他
  📂 字体库 - 分类字体包 - 方正字体 - 方正寂地简体_0 → 中文字体/其他
  📂 字体库 - 分类字体包 - 方正字体 - 方正仿宋简体 → 中文字体/衬线体
  📂 字体库 - 分类字体包 - 方正字体 - 方正方魅简体 → 中文字体/其他
  📂 字体库 - 分类字体包 - 方正字体 - 方正黄草简体_0 → 中文字体/其他
  📂 字体库 - 分类字体包 - 方正字体 - 方正华隶简体 → 中文字体/其他
  📂 字体库 - 分类字体包 - 方正字体 - 方正华隶_GBK → 中文字体/其他
  📂 字体库 - 分类字体包 - 方正字体 - 方正大黑_GBK → 中文字体/其他
  📂 字体库 - 分类字体包 - 方正字体 - 方正大黑简体 → 中文字体/其他
  📂 字体库 - 分类字体包 - 方正字体 - 方正大标宋简体 → 中文字体/衬线体
  📂 字体库 - 分类字体包 - 方正字体 - 方正大标宋繁体 → 中文字体/衬线体
  📂 字体库 - 分类字体包 - 方正字体 - 方正琥珀繁体 → 中文字体/其他
  📂 字体库 - 分类字体包 - 方正字体 - 方正粗圆繁体 → 中文字体/标题字
  📂 字体库 - 分类字体包 - 方正字体 - 方正豪体简体 → 中文字体/其他
  📂 字体库 - 分类字体包 - 方正字体 - 方正粗雅宋长简体 → 中文字体/标题字
  📂 字体库 - 分类字体包 - 方正字体 - 方正黑体繁体 → 中文字体/其他
  📂 字体库 - 分类字体包 - 方正字体 - 方正汉真广标 → 中文字体/其他
  ✓ 完成: 成功 20, 失败 0
  📄 第 396 页: 20 个需要处理
  📂 字体库 - 分类字体包 - 方正字体 - 方正古隶简体 → 中文字体/其他
  📂 字体库 - 分类字体包 - 方正字体 - 方正汉简 → 中文字体/其他
  📂 字体库 - 分类字体包 - 方正字体 - 方正粗雅宋 → 中文字体/标题字
  📂 字体库 - 分类字体包 - 方正字体 - 方正粗雅宋扁简体 → 中文字体/标题字
  📂 字体库 - 分类字体包 - 方正字体 - 方正风雅宋简体 → 中文字体/衬线体
  📂 字体库 - 分类字体包 - 方正字体 - 方正粗谭黑繁体 → 中文字体/标题字
  📂 字体库 - 分类字体包 - 方正字体 - 方正粗宋简体 → 中文字体/标题字
  📂 字体库 - 分类字体包 - 方正字体 - 方正粗谭黑简体 → 中文字体/标题字
  📂 字体库 - 分类字体包 - 方正字体 - 方正粗宋_GBK → 中文字体/标题字
  📂 字体库 - 分类字体包 - 方正字体 - 方正仿宋繁体 → 中文字体/衬线体
  📂 字体库 - 分类字体包 - 方正字体 - 方正粗俊黑简体 → 中文字体/标题字
  📂 字体库 - 分类字体包 - 方正字体 - 方正仿郭简体 → 中文字体/其他
  ✓ 完成: 成功 12, 失败 8
  ✗ 第 397 页失败: fetch failed
  ✗ 第 398 页失败: fetch failed
  ✗ 第 399 页失败: fetch failed
  ✗ 第 400 页失败: fetch failed
  📄 第 401 页: 20 个需要处理
  📂 分类字体包 - 阿拉伯数字字体 - 数字字体-59（带预览图） - F5AJCN24 → 中文字体/其他
  📂 分类字体包 - 阿拉伯数字字体 - 数字字体-59（带预览图） - handwriting-draft_free-version → 中文字体/其他
  📂 分类字体包 - 阿拉伯数字字体 - 数字字体-59（带预览图） - Circular FC → 中文字体/其他
  📂 字体库 - 分类字体包 - 方正字体 - 4095_方正隶书_GBK → 中文字体/其他
  📂 分类字体包 - 阿拉伯数字字体 - 数字字体-59（带预览图） - DG_Unbra → 中文字体/其他
  📂 分类字体包 - 阿拉伯数字字体 - 数字字体-59（带预览图） - Decollagena → 中文字体/其他
  📂 字体库 - 分类字体包 - 方正字体 - 4093_方正隶变_GBK → 中文字体/其他
  📂 分类字体包 - 阿拉伯数字字体 - 数字字体-59（带预览图） - BAMBINA → 中文字体/其他
  📂 分类字体包 - 阿拉伯数字字体 - 数字字体-59（带预览图） - Avanti_Bold → 中文字体/标题字
  📂 分类字体包 - 阿拉伯数字字体 - 数字字体-59（带预览图） - BloodLust → 中文字体/其他
  📂 分类字体包 - 阿拉伯数字字体 - 数字字体-59（带预览图） - BebasNeue → 中文字体/其他
  📂 字体库 - 分类字体包 - 方正字体 - 4091_方正楷体_GBK → 中文字体/手写体
  📂 分类字体包 - 阿拉伯数字字体 - 数字字体-59（带预览图） - ARENQ → 中文字体/其他
  📂 字体库 - 分类字体包 - 方正字体 - 4088_方正华隶_GBK → 中文字体/其他
  📂 分类字体包 - 阿拉伯数字字体 - 数字字体-59（带预览图） - Algerian_R_A → 中文字体/其他
  📂 分类字体包 - 阿拉伯数字字体 - 数字字体-59（带预览图） - Amputa Bangiz → 中文字体/其他
  📂 分类字体包 - 阿拉伯数字字体 - 数字字体-59（带预览图） - 2203 → 中文字体/其他
  📂 分类字体包 - 42-9月更新字体 - 中文字体 - TpldKhangXiDictTrial → 中文字体/其他
  📂 字体库 - 分类字体包 - 方正字体 - 4086_方正仿宋_GBK → 中文字体/衬线体
  📂 分类字体包 - 阿拉伯数字字体 - 数字字体-59（带预览图） - 79 → 中文字体/其他
  ✓ 完成: 成功 20, 失败 0
  📄 第 402 页: 20 个需要处理
  📂 分类字体包 - 42-9月更新字体 - 中文字体 - psjia.com-叶根友毛笔特色简体 → 中文字体/其他
  📂 分类字体包 - 阿拉伯数字字体 - 数字字体-59（带预览图） - AccidentalPresidency → 中文字体/其他
  📂 字体库 - 分类字体包 - 方正字体 - 4082_方正粗圆_GBK → 中文字体/标题字
  📂 字体库 - 分类字体包 - 方正字体 - 4084_方正大标宋_GBK → 中文字体/衬线体
  📂 分类字体包 - 42-9月更新字体 - 中文字体 - psjia.com-叶根友风帆简体 → 中文字体/其他
  📂 分类字体包 - 42-9月更新字体 - 中文字体 - FZXKJW → 中文字体/其他
  📂 字体库 - 分类字体包 - 方正字体 - 4078_方正报宋_GBK → 中文字体/衬线体
  📂 字体库 - 分类字体包 - 方正字体 - 4080_方正超粗黑_GBK → 中文字体/标题字
  📂 分类字体包 - 42-9月更新字体 - 中文字体 - FZLTZHK → 中文字体/其他
  📂 分类字体包 - 42-9月更新字体 - 中文字体 - FZLTXIHK → 中文字体/其他
  📂 分类字体包 - 42-9月更新字体 - 中文字体 - FZLTTHK → 中文字体/其他
  📂 分类字体包 - 阿拉伯数字字体 - 数字字体-59（带预览图） - UniversLTStd59UltraCn → 中文字体/其他
  📂 分类字体包 - 42-9月更新字体 - 中文字体 - FZLTHJW → 中文字体/其他
  📂 分类字体包 - 阿拉伯数字字体 - 数字字体-59（带预览图） - space age → 中文字体/其他
  📂 分类字体包 - 阿拉伯数字字体 - 数字字体-59（带预览图） - Romantic Bold → 中文字体/标题字
  📂 分类字体包 - 阿拉伯数字字体 - 数字字体-59（带预览图） - TENSANS → 中文字体/无衬线体
  📂 分类字体包 - 阿拉伯数字字体 - 数字字体-59（带预览图） - Numero 10 Clean → 中文字体/其他
  📂 分类字体包 - 阿拉伯数字字体 - 数字字体-59（带预览图） - TiffanyITCbyBT → 中文字体/其他
  📂 分类字体包 - 阿拉伯数字字体 - 数字字体-59（带预览图） - Pompadour → 中文字体/其他
  📂 分类字体包 - 42-9月更新字体 - 中文字体 - FZLTCXHJW → 中文字体/其他
  ✓ 完成: 成功 20, 失败 0
  📄 第 403 页: 20 个需要处理
  📂 分类字体包 - 42-9月更新字体 - 中文字体 - 钟齐王庆华毛笔简体 → 中文字体/其他
  📂 分类字体包 - 42-9月更新字体 - 中文字体 - FZLTCHJW → 中文字体/其他
  📂 分类字体包 - 阿拉伯数字字体 - 数字字体-59（带预览图） - Milibus Sb → 中文字体/其他
  📂 分类字体包 - 阿拉伯数字字体 - 数字字体-59（带预览图） - Niagara-Solid → 中文字体/其他
  📂 分类字体包 - 42-9月更新字体 - 中文字体 - 中國龍海行書 → 中文字体/其他
  📂 分类字体包 - 阿拉伯数字字体 - 数字字体-59（带预览图） - Kindness → 中文字体/其他
  📂 分类字体包 - 阿拉伯数字字体 - 数字字体-59（带预览图） - ImpactMTStd → 中文字体/其他
  📂 分类字体包 - 阿拉伯数字字体 - 数字字体-59（带预览图） - Marsha → 中文字体/其他
  📂 分类字体包 - 42-9月更新字体 - 中文字体 - 中國龍淡古體 → 中文字体/其他
  📂 分类字体包 - 42-9月更新字体 - 中文字体 - 造字工房悦圆常规体 → 中文字体/其他
  📂 分类字体包 - 阿拉伯数字字体 - 数字字体-59（带预览图） - Hooge0557 → 中文字体/其他
  📂 分类字体包 - 阿拉伯数字字体 - 数字字体-59（带预览图） - HawtComix → 中文字体/其他
  📂 分类字体包 - 阿拉伯数字字体 - 数字字体-59（带预览图） - Fonarto XT → 中文字体/其他
  📂 分类字体包 - 阿拉伯数字字体 - 数字字体-59（带预览图） - fatfontinline → 中文字体/其他
  📂 分类字体包 - 阿拉伯数字字体 - 数字字体-59（带预览图） - Duck-esa → 中文字体/其他
  📂 分类字体包 - 42-9月更新字体 - 中文字体 - 造字工房映画常规体 → 中文字体/其他
  📂 分类字体包 - 42-9月更新字体 - 中文字体 - 造字工房朗宋常规体 → 中文字体/衬线体
  📂 分类字体包 - 阿拉伯数字字体 - 数字字体-59（带预览图） - DextorEF → 中文字体/其他
  📂 分类字体包 - 阿拉伯数字字体 - 数字字体-59（带预览图） - BASE05 → 中文字体/其他
  📂 分类字体包 - 42-9月更新字体 - 中文字体 - 造字工房版黑常规体 → 中文字体/其他
  ✓ 完成: 成功 20, 失败 0
  📄 第 404 页: 20 个需要处理
  📂 分类字体包 - 阿拉伯数字字体 - 数字字体-59（带预览图） - Bryant → 中文字体/其他
  📂 分类字体包 - 阿拉伯数字字体 - 数字字体-59（带预览图） - Blade Runner → 中文字体/其他
  📂 分类字体包 - 阿拉伯数字字体 - 数字字体-59（带预览图） - deathblood → 中文字体/其他
  📂 分类字体包 - 42-9月更新字体 - 中文字体 - 造字工房劲黑常规体 → 中文字体/其他
  📂 分类字体包 - 42-9月更新字体 - 中文字体 - 祥南行书 → 中文字体/其他
  📂 分类字体包 - 42-9月更新字体 - 中文字体 - 叶根友行书 → 中文字体/其他
  📂 分类字体包 - 阿拉伯数字字体 - 数字字体-59（带预览图） - Avanti → 中文字体/其他
  📂 分类字体包 - 阿拉伯数字字体 - 数字字体-59（带预览图） - ATLAS → 中文字体/其他
  📂 分类字体包 - 阿拉伯数字字体 - 数字字体-59（带预览图） - Adieresis → 中文字体/其他
  📂 分类字体包 - 阿拉伯数字字体 - 数字字体-59（带预览图） - Annabelle → 中文字体/其他
  📂 分类字体包 - 42-9月更新字体 - 中文字体 - 腾祥銍谦幼儿繁 → 中文字体/其他
  📂 分类字体包 - 42-9月更新字体 - 中文字体 - 腾祥范笑歌简牍简 → 中文字体/其他
  📂 分类字体包 - 阿拉伯数字字体 - 数字字体-59（带预览图） - 3prongtree → 中文字体/其他
  📂 分类字体包 - 阿拉伯数字字体 - 数字字体-59（带预览图） - american typewriter → 中文字体/其他
  📂 分类字体包 - 阿拉伯数字字体 - 数字字体-59（带预览图） - academy engraved → 中文字体/其他
  📂 分类字体包 - 42-9月更新字体 - 中文字体 - 时尚中黑简体 → 中文字体/其他
  📂 分类字体包 - 42-9月更新字体 - 中文字体 - 蒙纳简纤兰 → 中文字体/其他
  📂 分类字体包 - 42-9月更新字体 - 中文字体 - TpldKhangXiDictTrial_0 → 中文字体/其他
  📂 分类字体包 - 42-9月更新字体 - 中文字体 - yegenyoudaofengheicao1 → 中文字体/其他
  📂 分类字体包 - 42-9月更新字体 - 中文字体 - MGentleHKS-Light 蒙纳简纤兰 → 中文字体/正文字
  ✓ 完成: 成功 20, 失败 0
  📄 第 405 页: 20 个需要处理
  📂 分类字体包 - 42-9月更新字体 - 中文字体 - psjia.com-叶根友钢笔行书简体 → 中文字体/其他
  📂 分类字体包 - 42-9月更新字体 - 中文字体 - 蒙纳简粗俏皮_0 → 中文字体/标题字
  📂 分类字体包 - 42-9月更新字体 - 中文字体 - FZLTZCHK → 中文字体/其他
  📂 分类字体包 - 42-9月更新字体 - 中文字体 - 蒙纳繁凌惠体F_0 → 中文字体/其他
  📂 分类字体包 - 42-9月更新字体 - 中文字体 - 蒙纳繁清华_0 → 中文字体/其他
  📂 分类字体包 - 42-9月更新字体 - 中文字体 - FZLTZHUNHK → 中文字体/其他
  📂 分类字体包 - 42-9月更新字体 - 中文字体 - FZLTXHK → 中文字体/其他
  📂 分类字体包 - 42-9月更新字体 - 中文字体 - 金梅海報大豆豆字 → 中文字体/其他
  📂 分类字体包 - 42-9月更新字体 - 中文字体 - 建行儒黑中 → 中文字体/其他
  📂 分类字体包 - 42-9月更新字体 - 中文字体 - FZLTHK → 中文字体/其他
  📂 分类字体包 - 42-9月更新字体 - 中文字体 - FZLTDHK → 中文字体/其他
  📂 分类字体包 - 42-9月更新字体 - 中文字体 - 華康金文體W30 → 中文字体/其他
  📂 分类字体包 - 42-9月更新字体 - 中文字体 - 华康少女文字W5 → 中文字体/其他
  📂 分类字体包 - 42-9月更新字体 - 中文字体 - 华康海报体W12_P_0 → 中文字体/其他
  📂 分类字体包 - 42-9月更新字体 - 中文字体 - 汉真广标艺术字体 → 中文字体/其他
  📂 分类字体包 - 42-9月更新字体 - 中文字体 - FZLTCHK → 中文字体/其他
  📂 分类字体包 - 42-9月更新字体 - 中文字体 - 汉仪综艺体繁 → 中文字体/其他
  📂 分类字体包 - 42-9月更新字体 - 中文字体 - 汉仪中隶书繁 → 中文字体/其他
  📂 分类字体包 - 42-9月更新字体 - 中文字体 - 最新版心形中文甜妞体智能机专用 → 中文字体/其他
  📂 分类字体包 - 42-9月更新字体 - 中文字体 - 汉仪雪君体繁 → 中文字体/其他
  ✓ 完成: 成功 20, 失败 0
  📄 第 406 页: 20 个需要处理
  📂 分类字体包 - 42-9月更新字体 - 中文字体 - 汉仪菱心体简 → 中文字体/其他
  📂 分类字体包 - 42-9月更新字体 - 中文字体 - 中國龍金石篆 → 中文字体/其他
  📂 分类字体包 - 42-9月更新字体 - 中文字体 - 方正字迹-童体硬笔字体 → 中文字体/其他
  📂 分类字体包 - 42-9月更新字体 - 中文字体 - 汉仪蝶语体简 → 中文字体/其他
  📂 分类字体包 - 42-9月更新字体 - 中文字体 - 风云_0 → 中文字体/其他
  📂 分类字体包 - 42-9月更新字体 - 中文字体 - 中國龍古印體 → 中文字体/其他
  📂 分类字体包 - 42-9月更新字体 - 中文字体 - 张海山锐线体简 → 中文字体/其他
  📂 分类字体包 - 42-9月更新字体 - 中文字体 - 方正青铜体 → 中文字体/其他
  📂 分类字体包 - 42-9月更新字体 - 中文字体 - 造字工房尚黑常规体 → 中文字体/其他
  📂 分类字体包 - 42-9月更新字体 - 中文字体 - 造字工房悦黑常规体 → 中文字体/其他
  📂 分类字体包 - 42-9月更新字体 - 中文字体 - 方正流行体简体 → 中文字体/其他
  📂 分类字体包 - 42-9月更新字体 - 中文字体 - 造字工房俊雅锐宋常规体 → 中文字体/衬线体
  📂 分类字体包 - 42-9月更新字体 - 中文字体 - 方正卡通简体_0 → 中文字体/其他
  📂 分类字体包 - 42-9月更新字体 - 中文字体 - 造字工房丁丁手绘常规体 → 中文字体/其他
  📂 分类字体包 - 42-9月更新字体 - 中文字体 - 叶根友疾风草书 → 中文字体/其他
  📂 分类字体包 - 42-9月更新字体 - 中文字体 - 叶根友圆趣卡通简体 → 中文字体/其他
  📂 分类字体包 - 42-9月更新字体 - 中文字体 - 方正粗倩简体_0 → 中文字体/标题字
  📂 分类字体包 - 42-9月更新字体 - 中文字体 - 方正古隶简体 → 中文字体/其他
  📂 分类字体包 - 42-9月更新字体 - 中文字体 - 文鼎新潮POP体 → 中文字体/其他
  📂 分类字体包 - 42-9月更新字体 - 中文字体 - 白舟桜花書体 → 中文字体/其他
  ✓ 完成: 成功 20, 失败 0
  📄 第 407 页: 20 个需要处理
  📂 分类字体包 - 42-9月更新字体 - 中文字体 - 方正超粗黑简体 → 中文字体/标题字
  📂 分类字体包 - 42-9月更新字体 - 中文字体 - 腾祥孔淼卡通字体 → 中文字体/其他
  📂 分类字体包 - 42-9月更新字体 - 中文字体 - 淘淘简体字体 → 中文字体/其他
  📂 分类字体包 - 42-9月更新字体 - 中文字体 - 迷你简罗卜 → 中文字体/其他
  📂 分类字体包 - 42-9月更新字体 - 中文字体 - 白舟鯨海酔侯書体 → 中文字体/其他
  📂 分类字体包 - 42-9月更新字体 - 中文字体 - 白舟极太行书 → 中文字体/其他
  📂 分类字体包 - 42-9月更新字体 - 英文字体 - yevida → 中文字体/其他
  📂 分类字体包 - 42-9月更新字体 - 英文字体 - WHITRABT → 中文字体/其他
  📂 分类字体包 - 42-9月更新字体 - 中文字体 - 蒙纳简彩蝶圆_0 → 中文字体/其他
  📂 分类字体包 - 42-9月更新字体 - 中文字体 - 蒙纳简漫画体_0 → 中文字体/其他
  📂 分类字体包 - 42-9月更新字体 - 英文字体 - THURSTON_erc → 中文字体/其他
  📂 分类字体包 - 42-9月更新字体 - 英文字体 - TektonPro-Bold_0 → 中文字体/标题字
  📂 分类字体包 - 42-9月更新字体 - 英文字体 - TEMPSITC → 中文字体/其他
  📂 分类字体包 - 42-9月更新字体 - 中文字体 - 蒙纳繁粗俏皮_0 → 中文字体/标题字
  📂 分类字体包 - 42-9月更新字体 - 英文字体 - TektonPro-BoldExt_0 → 中文字体/标题字
  📂 分类字体包 - 42-9月更新字体 - 中文字体 - 蒙纳繁俏皮_0 → 中文字体/其他
  📂 分类字体包 - 42-9月更新字体 - 中文字体 - 華康新篆体 → 中文字体/其他
  📂 分类字体包 - 42-9月更新字体 - 中文字体 - 金梅海报小豆豆字 → 中文字体/其他
  📂 分类字体包 - 42-9月更新字体 - 英文字体 - SurroundingUnholy → 中文字体/其他
  📂 分类字体包 - 42-9月更新字体 - 英文字体 - SourceSansPro-Semibold → 中文字体/标题字
  ✓ 完成: 成功 20, 失败 0
  📄 第 408 页: 20 个需要处理
  📂 分类字体包 - 42-9月更新字体 - 中文字体 - 华康华综体W5-B5 → 中文字体/其他
  📂 分类字体包 - 42-9月更新字体 - 英文字体 - SourceSansPro-LightIt → 中文字体/正文字
  📂 分类字体包 - 42-9月更新字体 - 中文字体 - 华康iWaWa_0 → 中文字体/其他
  📂 分类字体包 - 42-9月更新字体 - 英文字体 - SourceSansPro-ExtraLight → 中文字体/正文字
  📂 分类字体包 - 42-9月更新字体 - 英文字体 - SourceSansPro-It → 中文字体/无衬线体
  📂 分类字体包 - 42-9月更新字体 - 英文字体 - SourceSansPro-Bold → 中文字体/标题字
  📂 分类字体包 - 42-9月更新字体 - 英文字体 - segoeuiz → 中文字体/其他
  📂 分类字体包 - 42-9月更新字体 - 英文字体 - SourceSansPro-Black → 中文字体/无衬线体
  📂 分类字体包 - 42-9月更新字体 - 中文字体 - 汉仪综艺体简 → 中文字体/其他
  📂 分类字体包 - 42-9月更新字体 - 英文字体 - SF_Orson_Casual_Light → 中文字体/正文字
  📂 分类字体包 - 42-9月更新字体 - 中文字体 - 汉仪中隶书简 → 中文字体/其他
  📂 分类字体包 - 42-9月更新字体 - 中文字体 - 华康标题宋W9 → 中文字体/标题字
  📂 分类字体包 - 42-9月更新字体 - 英文字体 - segoeuii → 中文字体/其他
  📂 分类字体包 - 42-9月更新字体 - 英文字体 - segoeui → 中文字体/其他
  📂 分类字体包 - 42-9月更新字体 - 中文字体 - 汉仪雪君体简 → 中文字体/其他
  📂 分类字体包 - 42-9月更新字体 - 英文字体 - Roboto-Black → 中文字体/其他
  📂 分类字体包 - 42-9月更新字体 - 英文字体 - segoesc → 中文字体/其他
  📂 分类字体包 - 42-9月更新字体 - 英文字体 - segoepr → 中文字体/其他
  📂 分类字体包 - 42-9月更新字体 - 中文字体 - 汉仪清韵体简 → 中文字体/其他
  📂 分类字体包 - 42-9月更新字体 - 中文字体 - 汉仪乐喵字体 → 中文字体/其他
  ✓ 完成: 成功 20, 失败 0
  📄 第 409 页: 20 个需要处理
  📂 分类字体包 - 42-9月更新字体 - 中文字体 - 汉仪黛玉体简 → 中文字体/其他
  📂 分类字体包 - 42-9月更新字体 - 中文字体 - 方正字迹-元童楷隶繁体 → 中文字体/手写体
  📂 分类字体包 - 42-9月更新字体 - 英文字体 - raavib → 中文字体/其他
  📂 分类字体包 - 42-9月更新字体 - 英文字体 - riesling → 中文字体/其他
  📂 分类字体包 - 42-9月更新字体 - 中文字体 - 方正吕建德字体简体 → 中文字体/其他
  📂 分类字体包 - 42-9月更新字体 - 英文字体 - Quarters_font_TTF_by_iamsla → 中文字体/其他
  📂 分类字体包 - 42-9月更新字体 - 中文字体 - 方正细珊瑚简体 → 中文字体/正文字
  📂 分类字体包 - 42-9月更新字体 - 英文字体 - Plaster of Paris → 中文字体/其他
  📂 分类字体包 - 42-9月更新字体 - 英文字体 - PoplarStd_0 → 中文字体/其他
  📂 分类字体包 - 42-9月更新字体 - 英文字体 - palai → 中文字体/其他
  📂 分类字体包 - 42-9月更新字体 - 中文字体 - 方正卡通繁体_0 → 中文字体/其他
  📂 分类字体包 - 42-9月更新字体 - 英文字体 - PersonalUse_ShippedGoods1 → 中文字体/其他
  📂 分类字体包 - 42-9月更新字体 - 中文字体 - 方正隶变简体 → 中文字体/其他
  📂 分类字体包 - 42-9月更新字体 - 英文字体 - PERTILI → 中文字体/其他
  📂 分类字体包 - 42-9月更新字体 - 英文字体 - OCRAEXT → 中文字体/其他
  📂 分类字体包 - 42-9月更新字体 - 英文字体 - palab → 中文字体/其他
  📂 分类字体包 - 42-9月更新字体 - 英文字体 - Orial → 中文字体/其他
  📂 分类字体包 - 42-9月更新字体 - 中文字体 - 方正古隶繁体 → 中文字体/其他
  📂 分类字体包 - 42-9月更新字体 - 中文字体 - 方正粗活意简体 → 中文字体/标题字
  📂 分类字体包 - 42-9月更新字体 - 英文字体 - NuevaStd-Bold_0 → 中文字体/标题字
  ✓ 完成: 成功 20, 失败 0
  📄 第 410 页: 20 个需要处理
  📂 分类字体包 - 42-9月更新字体 - 英文字体 - NuevaStd-CondItalic_0 → 中文字体/其他
  📂 分类字体包 - 42-9月更新字体 - 中文字体 - 白舟侍書体 → 中文字体/其他
  📂 分类字体包 - 42-9月更新字体 - 中文字体 - 创艺简细圆 → 中文字体/正文字
  📂 分类字体包 - 42-9月更新字体 - 英文字体 - NuevaStd-BoldCondItalic_0 → 中文字体/标题字
  📂 分类字体包 - 42-9月更新字体 - 英文字体 - MCuteHK-Light → 中文字体/正文字
  📂 分类字体包 - 42-9月更新字体 - 中文字体 - 白舟京円書体_0 → 中文字体/其他
  📂 分类字体包 - 42-9月更新字体 - 英文字体 - lucon → 中文字体/其他
  📂 分类字体包 - 42-9月更新字体 - 英文字体 - matilde_sketch → 中文字体/其他
  📂 分类字体包 - 42-9月更新字体 - 英文字体 - xingshi1 → 中文字体/其他
  📂 分类字体包 - 42-9月更新字体 - 英文字体 - Lucia BT → 中文字体/其他
  📂 分类字体包 - 42-9月更新字体 - 中文字体 - 【Ian】心不合身_0 → 中文字体/其他
  📂 分类字体包 - 42-9月更新字体 - 英文字体 - Lotharus Wide Top → 中文字体/其他
  📂 分类字体包 - 42-9月更新字体 - 英文字体 - WaltDisney → 中文字体/其他
  📂 分类字体包 - 42-9月更新字体 - 英文字体 - LinotypeZapfino Two → 中文字体/其他
  📂 分类字体包 - 42-9月更新字体 - 英文字体 - TektonPro-BoldCond_0 → 中文字体/标题字
  📂 分类字体包 - 42-9月更新字体 - 英文字体 - LetterGothicStd-Slanted_0 → 中文字体/其他
  📂 分类字体包 - 42-9月更新字体 - 英文字体 - LHANDW → 中文字体/其他
  📂 分类字体包 - 42-9月更新字体 - 英文字体 - sylfaen → 中文字体/其他
  📂 分类字体包 - 42-9月更新字体 - 英文字体 - linotypedidotoldstylefigures-italic → 中文字体/其他
  📂 分类字体包 - 42-9月更新字体 - 英文字体 - the_King__26_Queen_font → 中文字体/其他
  ✓ 完成: 成功 20, 失败 0
  📄 第 411 页: 20 个需要处理
  📂 分类字体包 - 42-9月更新字体 - 英文字体 - LinotypeZapfino Ligature → 中文字体/其他
  📂 分类字体包 - 42-9月更新字体 - 英文字体 - TektonPro-BoldObl_0 → 中文字体/标题字
  📂 分类字体包 - 42-9月更新字体 - 英文字体 - Jellyka Delicious Cake → 中文字体/其他
  📂 分类字体包 - 42-9月更新字体 - 英文字体 - SourceSansPro-SemiboldIt → 中文字体/标题字
  📂 分类字体包 - 42-9月更新字体 - 英文字体 - LetterGothicStd-Bold_0 → 中文字体/标题字
  📂 分类字体包 - 42-9月更新字体 - 英文字体 - SourceSansPro-Light → 中文字体/正文字
  📂 分类字体包 - 42-9月更新字体 - 英文字体 - l_10646 → 中文字体/其他
  📂 分类字体包 - 42-9月更新字体 - 英文字体 - SourceSansPro-Regular → 中文字体/无衬线体
  📂 分类字体包 - 42-9月更新字体 - 英文字体 - SourceSansPro-BoldIt → 中文字体/标题字
  📂 分类字体包 - 42-9月更新字体 - 英文字体 - FRSCRIPT → 中文字体/其他
  📂 分类字体包 - 42-9月更新字体 - 英文字体 - SourceSansPro-ExtraLightIt → 中文字体/正文字
  📂 分类字体包 - 42-9月更新字体 - 英文字体 - IndentureEnglishPenman_personal_use_demo → 中文字体/其他
  📂 分类字体包 - 42-9月更新字体 - 英文字体 - SourceSansPro-BlackIt → 中文字体/无衬线体
  📂 分类字体包 - 42-9月更新字体 - 英文字体 - GIL__ → 中文字体/其他
  📂 分类字体包 - 42-9月更新字体 - 英文字体 - GRAFFITO → 中文字体/其他
  📂 分类字体包 - 42-9月更新字体 - 英文字体 - solgas_font_byweknow_by_weknow-d2jmc0r → 中文字体/其他
  📂 分类字体包 - 42-9月更新字体 - 英文字体 - seguisb → 中文字体/其他
  📂 分类字体包 - 42-9月更新字体 - 英文字体 - framd → 中文字体/其他
  📂 分类字体包 - 42-9月更新字体 - 英文字体 - segoeuib → 中文字体/其他
  📂 分类字体包 - 42-9月更新字体 - 英文字体 - Evolution_True_Type_Font_by_PAULW → 中文字体/其他
  ✓ 完成: 成功 20, 失败 0
  📄 第 412 页: 20 个需要处理
  📂 分类字体包 - 42-9月更新字体 - 英文字体 - Excellentia → 中文字体/其他
  📂 分类字体包 - 42-9月更新字体 - 英文字体 - segoeuil → 中文字体/其他
  📂 分类字体包 - 42-9月更新字体 - 英文字体 - segoeprb → 中文字体/其他
  📂 分类字体包 - 42-9月更新字体 - 英文字体 - FELIXTI → 中文字体/其他
  📂 分类字体包 - 42-9月更新字体 - 英文字体 - Scrap Calligraphy → 中文字体/其他
  📂 分类字体包 - 42-9月更新字体 - 英文字体 - RIVANNA → 中文字体/其他
  📂 分类字体包 - 42-9月更新字体 - 英文字体 - segoescb → 中文字体/其他
  📂 分类字体包 - 42-9月更新字体 - 英文字体 - Estrela Fulguria 1748 → 中文字体/其他
  📂 分类字体包 - 42-9月更新字体 - 英文字体 - ebrimabd → 中文字体/其他
  📂 分类字体包 - 42-9月更新字体 - 英文字体 - Engravers' Gothic BT → 中文字体/其他
  📂 分类字体包 - 42-9月更新字体 - 英文字体 - ERASMD → 中文字体/其他
  📂 分类字体包 - 42-9月更新字体 - 英文字体 - PrestigeEliteStd-Bd_0 → 中文字体/其他
  📂 分类字体包 - 42-9月更新字体 - 英文字体 - DIN → 中文字体/其他
  📂 分类字体包 - 42-9月更新字体 - 英文字体 - Dr Carbfred → 中文字体/其他
  📂 分类字体包 - 42-9月更新字体 - 英文字体 - DIN-Medium → 中文字体/其他
  📂 分类字体包 - 42-9月更新字体 - 英文字体 - raavi → 中文字体/其他
  📂 分类字体包 - 42-9月更新字体 - 英文字体 - din1451d → 中文字体/其他
  📂 分类字体包 - 42-9月更新字体 - 英文字体 - REFSAN → 中文字体/其他
  📂 分类字体包 - 42-9月更新字体 - 英文字体 - DIN-Black → 中文字体/其他
  📂 分类字体包 - 42-9月更新字体 - 英文字体 - DIN-BoldAlternate → 中文字体/标题字
  ✓ 完成: 成功 20, 失败 0
  📄 第 413 页: 20 个需要处理
  📂 分类字体包 - 42-9月更新字体 - 英文字体 - DidotLTStd-Italic → 中文字体/其他
  📂 分类字体包 - 42-9月更新字体 - 英文字体 - PALSCRI → 中文字体/其他
  📂 分类字体包 - 42-9月更新字体 - 英文字体 - POORICH → 中文字体/其他
  📂 分类字体包 - 42-9月更新字体 - 英文字体 - plantc → 中文字体/其他
  📂 分类字体包 - 42-9月更新字体 - 英文字体 - PersonalUse_ShippedGoods2 → 中文字体/其他
  📂 分类字体包 - 42-9月更新字体 - 英文字体 - Didot-HTF-M24-Medium → 中文字体/其他
  📂 分类字体包 - 42-9月更新字体 - 英文字体 - palabi → 中文字体/其他
  📂 分类字体包 - 42-9月更新字体 - 英文字体 - NuevaStd-Italic_0 → 中文字体/其他
  📂 分类字体包 - 42-9月更新字体 - 英文字体 - Didot-HTF-M64-Medium → 中文字体/其他
  📂 分类字体包 - 42-9月更新字体 - 英文字体 - DidotLTStd-Bold → 中文字体/标题字
  📂 分类字体包 - 42-9月更新字体 - 英文字体 - Didot-HTF-M96-Medium → 中文字体/其他
  📂 分类字体包 - 42-9月更新字体 - 英文字体 - pala → 中文字体/其他
  📂 分类字体包 - 42-9月更新字体 - 英文字体 - didot-htf-l24-light-ital → 中文字体/正文字
  📂 分类字体包 - 42-9月更新字体 - 英文字体 - OCRAStd_0 → 中文字体/其他
  📂 分类字体包 - 42-9月更新字体 - 英文字体 - didot-htf-b64-bold-ital → 中文字体/标题字
  📂 分类字体包 - 42-9月更新字体 - 英文字体 - Didot-HTF-L96-Light → 中文字体/正文字
  📂 分类字体包 - 42-9月更新字体 - 英文字体 - Murder Of Mayday lightix slab 20080707 → 中文字体/正文字
  📂 分类字体包 - 42-9月更新字体 - 英文字体 - NuevaStd-BoldCond_0 → 中文字体/标题字
  📂 分类字体包 - 42-9月更新字体 - 英文字体 - NuevaStd-Cond_0 → 中文字体/其他
  📂 分类字体包 - 42-9月更新字体 - 英文字体 - Didot Italic → 中文字体/其他
  ✓ 完成: 成功 20, 失败 0
  📄 第 414 页: 20 个需要处理
  📂 分类字体包 - 42-9月更新字体 - 英文字体 - Demo_Delinquente → 中文字体/其他
  📂 分类字体包 - 42-9月更新字体 - 英文字体 - courbi → 中文字体/其他
  📂 分类字体包 - 42-9月更新字体 - 英文字体 - Lydia Puente) → 中文字体/其他
  📂 分类字体包 - 42-9月更新字体 - 英文字体 - LoversQuarrelROB → 中文字体/其他
  📂 分类字体包 - 42-9月更新字体 - 英文字体 - maxine → 中文字体/其他
  📂 分类字体包 - 42-9月更新字体 - 英文字体 - Curlz MT Std → 中文字体/其他
  📂 分类字体包 - 42-9月更新字体 - 英文字体 - Lucida Blackletter → 中文字体/其他
  📂 分类字体包 - 42-9月更新字体 - 英文字体 - constanz → 中文字体/其他
  📂 分类字体包 - 42-9月更新字体 - 英文字体 - LinotypeZapfino Four → 中文字体/其他
  📂 分类字体包 - 42-9月更新字体 - 英文字体 - corbeli → 中文字体/其他
  📂 分类字体包 - 42-9月更新字体 - 英文字体 - LinotypeZapfino Three → 中文字体/其他
  📂 分类字体包 - 42-9月更新字体 - 英文字体 - corbel → 中文字体/其他
  📂 分类字体包 - 42-9月更新字体 - 英文字体 - Lizzard → 中文字体/其他
  📂 分类字体包 - 42-9月更新字体 - 英文字体 - cour → 中文字体/其他
  📂 分类字体包 - 42-9月更新字体 - 英文字体 - consolab → 中文字体/其他
  📂 分类字体包 - 42-9月更新字体 - 英文字体 - constanb → 中文字体/其他
  📂 分类字体包 - 42-9月更新字体 - 英文字体 - Liberty BT → 中文字体/其他
  📂 分类字体包 - 42-9月更新字体 - 英文字体 - consolaz → 中文字体/其他
  📂 分类字体包 - 42-9月更新字体 - 英文字体 - LetterGothicStd_0 → 中文字体/其他
  📂 分类字体包 - 42-9月更新字体 - 英文字体 - Levitee_Demo → 中文字体/其他
  ✓ 完成: 成功 20, 失败 0
  📄 第 415 页: 20 个需要处理
  📂 分类字体包 - 42-9月更新字体 - 英文字体 - ITCEDSCR → 中文字体/其他
  📂 分类字体包 - 42-9月更新字体 - 英文字体 - LetterGothicStd-BoldSlanted_0 → 中文字体/标题字
  📂 分类字体包 - 42-9月更新字体 - 英文字体 - comicbd → 中文字体/其他
  📂 分类字体包 - 42-9月更新字体 - 英文字体 - Glamor-Bold → 中文字体/标题字
  📂 分类字体包 - 42-9月更新字体 - 英文字体 - Jellyka_Estrya_Handwriting → 中文字体/其他
  📂 分类字体包 - 42-9月更新字体 - 英文字体 - Churli_cute5 → 中文字体/其他
  📂 分类字体包 - 42-9月更新字体 - 英文字体 - Coco-Bold → 中文字体/标题字
  📂 分类字体包 - 42-9月更新字体 - 英文字体 - HARNGTON → 中文字体/其他
  📂 分类字体包 - 42-9月更新字体 - 英文字体 - ChaparralPro-BoldIt_0 → 中文字体/标题字
  📂 分类字体包 - 42-9月更新字体 - 英文字体 - ChaparralPro-LightIt_0 → 中文字体/正文字
  📂 分类字体包 - 42-9月更新字体 - 英文字体 - champignonaltswash → 中文字体/其他
  📂 分类字体包 - 42-9月更新字体 - 英文字体 - GARA → 中文字体/其他
  📂 分类字体包 - 42-9月更新字体 - 英文字体 - framdit → 中文字体/其他
  📂 分类字体包 - 42-9月更新字体 - 英文字体 - Filxgirl → 中文字体/其他
  📂 分类字体包 - 42-9月更新字体 - 英文字体 - Eternal Call → 中文字体/其他
  📂 分类字体包 - 42-9月更新字体 - 英文字体 - CharlemagneStd-Bold_0 → 中文字体/标题字
  📂 分类字体包 - 42-9月更新字体 - 英文字体 - CgBernhardFashion → 中文字体/其他
  📂 分类字体包 - 42-9月更新字体 - 英文字体 - Excellentia_0 → 中文字体/其他
  📂 分类字体包 - 42-9月更新字体 - 英文字体 - escuela → 中文字体/其他
  📂 分类字体包 - 42-9月更新字体 - 英文字体 - CaviarDreams_Italic → 中文字体/其他
  ✓ 完成: 成功 20, 失败 0
  📄 第 416 页: 20 个需要处理
  📂 分类字体包 - 42-9月更新字体 - 英文字体 - CaviarDreams_Bold → 中文字体/标题字
  📂 分类字体包 - 42-9月更新字体 - 英文字体 - FB Meadow → 中文字体/其他
  📂 分类字体包 - 42-9月更新字体 - 英文字体 - ebrima → 中文字体/其他
  📂 分类字体包 - 42-9月更新字体 - 英文字体 - Candarab → 中文字体/其他
  📂 分类字体包 - 42-9月更新字体 - 英文字体 - ERASLGHT → 中文字体/其他
  📂 分类字体包 - 42-9月更新字体 - 英文字体 - ENGR → 中文字体/其他
  📂 分类字体包 - 42-9月更新字体 - 英文字体 - din1451m → 中文字体/其他
  📂 分类字体包 - 42-9月更新字体 - 英文字体 - Candaraz → 中文字体/其他
  📂 分类字体包 - 42-9月更新字体 - 英文字体 - DIN-Bold → 中文字体/标题字
  📂 分类字体包 - 42-9月更新字体 - 英文字体 - cambriaz → 中文字体/其他
  📂 分类字体包 - 42-9月更新字体 - 英文字体 - din1451a → 中文字体/其他
  📂 分类字体包 - 42-9月更新字体 - 英文字体 - BRLNSB → 中文字体/其他
  📂 分类字体包 - 42-9月更新字体 - 英文字体 - cambriab → 中文字体/其他
  📂 分类字体包 - 42-9月更新字体 - 英文字体 - BirchStd → 中文字体/其他
  📂 分类字体包 - 42-9月更新字体 - 英文字体 - BROADW → 中文字体/其他
  📂 分类字体包 - 42-9月更新字体 - 英文字体 - DIN-Light → 中文字体/正文字
  📂 分类字体包 - 42-9月更新字体 - 英文字体 - BillionStars_PersonalUse → 中文字体/其他
  📂 分类字体包 - 42-9月更新字体 - 英文字体 - DIN-MediumAlternate → 中文字体/其他
  📂 分类字体包 - 42-9月更新字体 - 英文字体 - BAUHS93 → 中文字体/其他
  📂 分类字体包 - 42-9月更新字体 - 英文字体 - DidotLTStd-Roman → 中文字体/其他
  ✓ 完成: 成功 20, 失败 0
  📄 第 417 页: 20 个需要处理
  📂 分类字体包 - 42-9月更新字体 - 英文字体 - AYOSB → 中文字体/其他
  📂 分类字体包 - 42-9月更新字体 - 英文字体 - Baron Kuffner → 中文字体/其他
  📂 分类字体包 - 42-9月更新字体 - 英文字体 - DidotLTStd-Headline → 中文字体/其他
  📂 分类字体包 - 42-9月更新字体 - 英文字体 - Didot → 中文字体/其他
  📂 分类字体包 - 42-9月更新字体 - 英文字体 - Didot-HTF-L64-Light → 中文字体/正文字
  📂 分类字体包 - 42-9月更新字体 - 英文字体 - didot-htf-m96-medium-ital → 中文字体/其他
  📂 分类字体包 - 42-9月更新字体 - 英文字体 - ASHBBL → 中文字体/其他
  📂 分类字体包 - 42-9月更新字体 - 英文字体 - Didot-HTF-M42-Medium → 中文字体/其他
  📂 分类字体包 - 42-9月更新字体 - 英文字体 - Didot-HTF-M06-Medium → 中文字体/其他
  📂 分类字体包 - 42-9月更新字体 - 英文字体 - Avant Garde Book BT → 中文字体/其他
  📂 分类字体包 - 42-9月更新字体 - 英文字体 - ARLRDBD → 中文字体/其他
  📂 分类字体包 - 42-9月更新字体 - 英文字体 - Didot-HTF-B24-Bold → 中文字体/标题字
  📂 分类字体包 - 42-9月更新字体 - 英文字体 - didot-htf-b96-bold-ital → 中文字体/标题字
  📂 分类字体包 - 42-9月更新字体 - 英文字体 - Didot Bold → 中文字体/标题字
  ✓ 完成: 成功 14, 失败 6
  ✗ 第 418 页失败: fetch failed
  ✗ 第 419 页失败: fetch failed
  ✗ 第 420 页失败: fetch failed
  ✗ 第 421 页失败: fetch failed
  📄 第 422 页: 20 个需要处理
  📂 分类字体包 - 42-9月更新字体 - 新增字体 - 字体管家幻夜伯爵体(只是） → 中文字体/其他
  📂 分类字体包 - 42-9月更新字体 - 新增字体 - 浙江民間書刻體（初暖心） → 中文字体/其他
  📂 分类字体包 - 42-9月更新字体 - 新增字体 - 造字工房妙妙体(妙龄女郎） → 中文字体/其他
  📂 分类字体包 - 42-9月更新字体 - 新增字体 - 翩翩连笔书（相信爱情） → 中文字体/其他
  📂 分类字体包 - 42-9月更新字体 - 新增字体 - 造字工坊力黑体（非你不可)_0 → 中文字体/其他
  📂 分类字体包 - 42-9月更新字体 - 新增字体 - 迷你简黄草（蝴蝶夫人） → 中文字体/其他
  📂 分类字体包 - 42-9月更新字体 - 新增字体 - 毛泽东字体（生如夏花） → 中文字体/其他
  📂 分类字体包 - 42-9月更新字体 - 新增字体 - 鲸海醉侯（如花绽放） → 中文字体/其他
  📂 分类字体包 - 42-9月更新字体 - 新增字体 - 禹卫书法行书繁体（灰色轨迹） → 中文字体/其他
  📂 分类字体包 - 42-9月更新字体 - 新增字体 - 金梅大胖胖個性字（米豆的家） → 中文字体/其他
  📂 分类字体包 - 42-9月更新字体 - 新增字体 - 形黑细黑（摩登时代） → 中文字体/正文字
  📂 分类字体包 - 42-9月更新字体 - 新增字体 - 我字酷无非字体（我本孤独） → 中文字体/其他
  📂 分类字体包 - 42-9月更新字体 - 新增字体 - 经典繁行书(精致女人) → 中文字体/其他
  📂 分类字体包 - 42-9月更新字体 - 新增字体 - 汉仪秀英体简(爱的奉献） → 中文字体/其他
  📂 分类字体包 - 42-9月更新字体 - 新增字体 - 王汉宗正颜楷一钟鼎山林（酷炫中文字体） → 中文字体/手写体
  📂 分类字体包 - 42-9月更新字体 - 新增字体 - 汉仪柏青体简（柠檬茶） → 中文字体/其他
  📂 分类字体包 - 42-9月更新字体 - 新增字体 - 腾祥相思简（小甜瓜） → 中文字体/其他
  📂 分类字体包 - 42-9月更新字体 - 新增字体 - 书体坊禚效锋行草体（那一年） → 中文字体/其他
  📂 分类字体包 - 42-9月更新字体 - 新增字体 - 方正字迹 - 邢体草书简体_0(远行沙漠中) → 中文字体/其他
  📂 分类字体包 - 42-9月更新字体 - 新增字体 - 翩翩体(米小铺） → 中文字体/其他
  ✓ 完成: 成功 20, 失败 0
  📄 第 423 页: 20 个需要处理
  📂 分类字体包 - 42-9月更新字体 - 新增字体 - 书体坊兰亭体（午夜怨曲） → 中文字体/其他
  📂 分类字体包 - 42-9月更新字体 - 新增字体 - 方正祥隶简体（米家寨子） → 中文字体/其他
  📂 分类字体包 - 42-9月更新字体 - 新增字体 - 迷你简霹雳（蜘蛛侠） → 中文字体/其他
  📂 分类字体包 - 42-9月更新字体 - 新增字体 - 方圆POP广告笔（猴年大吉） → 中文字体/其他
  📂 分类字体包 - 42-9月更新字体 - 新增字体 - 陈继世古韵简体（那一瞬） → 中文字体/其他
  📂 分类字体包 - 42-9月更新字体 - 新增字体 - 【日文毛笔】再见理想 → 日文字体/其他
  📂 字体库 - 分类字体包 - 130款韩文字体 - 현대송강체 Regular → 韩文字体/其他
  📂 分类字体包 - 42-9月更新字体 - 新增字体 - 康熙字典體(小城故事) → 中文字体/其他
  📂 字体库 - 分类字体包 - 130款韩文字体 - 양재매화체SB → 韩文字体/其他
  📂 分类字体包 - 42-9月更新字体 - 新增字体 - 蒙纳摇扬简体myoyoprc(一帘幽梦中文） → 中文字体/其他
  📂 字体库 - 分类字体包 - 130款韩文字体 - 나눔명조 → 韩文字体/其他
  📂 字体库 - 分类字体包 - 130款韩文字体 - 문체부 궁체 흘림체 → 韩文字体/其他
  📂 字体库 - 分类字体包 - 130款韩文字体 - (환)환예서(중간) → 韩文字体/其他
  📂 字体库 - 分类字体包 - 130款韩文字体 - (환)훈민정음체(가는) → 韩文字体/其他
  📂 字体库 - 分类字体包 - 130款韩文字体 - (환)환붓한자예서(중간) → 韩文字体/其他
  📂 字体库 - 分类字体包 - 130款韩文字体 - (환)환붓예서(굵은) → 韩文字体/其他
  📂 字体库 - 分类字体包 - 130款韩文字体 - (환)확장해서체2 → 韩文字体/其他
  📂 字体库 - 分类字体包 - 130款韩文字体 - (환)확장중고딕3 → 韩文字体/其他
  📂 字体库 - 分类字体包 - 130款韩文字体 - (환)확장예서3 → 韩文字体/其他
  📂 字体库 - 分类字体包 - 130款韩文字体 - (환)확장중고딕1 → 韩文字体/其他
  ✓ 完成: 成功 20, 失败 0
  📄 第 424 页: 20 个需要处理
  📂 字体库 - 分类字体包 - 130款韩文字体 - (환)확장예서1 → 韩文字体/其他
  📂 字体库 - 分类字体包 - 130款韩文字体 - (환)확장신명조3 → 韩文字体/其他
  📂 分类字体包 - 42-9月更新字体 - 新增字体 - 经典行书简(精致女人) → 中文字体/其他
  📂 字体库 - 分类字体包 - 130款韩文字体 - (환)해서(가) → 韩文字体/其他
  📂 字体库 - 分类字体包 - 130款韩文字体 - (환)확장신명조1 → 韩文字体/其他
  📂 分类字体包 - 42-9月更新字体 - 新增字体 - 经典繁毛楷(梦想中) → 中文字体/手写体
  📂 分类字体包 - 42-9月更新字体 - 新增字体 - 華康金文體W31（清风阁） → 中文字体/其他
  📂 分类字体包 - 42-9月更新字体 - 新增字体 - 汉仪秀英体繁(爱的奉献） → 中文字体/其他
  📂 分类字体包 - 42-9月更新字体 - 新增字体 - 方正字迹 - 邢体草书繁体(远行沙漠中） → 中文字体/其他
  📂 字体库 - 分类字体包 - 130款韩文字体 - (환)한자신문명조 → 韩文字体/其他
  📂 字体库 - 分类字体包 - 130款韩文字体 - (환)필기(가는) → 韩文字体/其他
  📂 字体库 - 分类字体包 - 130款韩文字体 - (환)필기(중간) → 韩文字体/其他
  📂 字体库 - 分类字体包 - 130款韩文字体 - (환)타자체(굵은) → 韩文字体/其他
  📂 分类字体包 - 42-9月更新字体 - 新增字体 - 汉仪柏青体繁（柠檬茶） → 中文字体/其他
  📂 字体库 - 分类字体包 - 130款韩文字体 - (환)태나루 → 韩文字体/其他
  📂 字体库 - 分类字体包 - 130款韩文字体 - (환)타자(중간)체 → 韩文字体/其他
  📂 字体库 - 分类字体包 - 130款韩文字体 - (환)진체(중간) → 韩文字体/其他
  📂 字体库 - 分类字体包 - 130款韩文字体 - (환)클립아트 → 韩文字体/其他
  📂 字体库 - 分类字体包 - 130款韩文字体 - (환)차트체(굵은) → 韩文字体/其他
  📂 字体库 - 分类字体包 - 130款韩文字体 - (환)진체 → 韩文字体/其他
  ✓ 完成: 成功 20, 失败 0
  📄 第 425 页: 20 个需要处理
  📂 分类字体包 - 42-9月更新字体 - 新增字体 - 方正清刻本悦宋简（风尚中文） → 中文字体/衬线体
  📂 字体库 - 分类字体包 - 130款韩文字体 - (환)중고딕 → 韩文字体/其他
  📂 字体库 - 分类字体包 - 130款韩文字体 - (환)옛체(굵은) → 韩文字体/其他
  📂 分类字体包 - 42-9月更新字体 - 新增字体 - 段宁毛笔行书(三毛流浪) → 中文字体/其他
  📂 字体库 - 分类字体包 - 130款韩文字体 - 현대푸름체 Regular → 韩文字体/其他
  📂 字体库 - 分类字体包 - 130款韩文字体 - (환)옛골체(중간) → 韩文字体/其他
  📂 分类字体包 - 42-9月更新字体 - 新增字体 - 白舟白雨書体（上海姑娘 → 中文字体/其他
  📂 字体库 - 分类字体包 - 130款韩文字体 - (환)옛골체(가는) → 韩文字体/其他
  📂 字体库 - 分类字体包 - 130款韩文字体 - 현대보람체 Regular → 韩文字体/其他
  📂 字体库 - 分类字体包 - 130款韩文字体 - 양재난초체MED → 韩文字体/其他
  📂 字体库 - 分类字体包 - 130款韩文字体 - (환)예서(굵은) → 韩文字体/其他
  📂 字体库 - 分类字体包 - 130款韩文字体 - (환)심곡체(굵은) → 韩文字体/其他
  📂 字体库 - 分类字体包 - 130款韩文字体 - (환)신옛골체(가는) → 韩文字体/其他
  📂 字体库 - 分类字体包 - 130款韩文字体 - (환)신옛골체(중간) → 韩文字体/其他
  📂 字体库 - 分类字体包 - 130款韩文字体 - (환)훈민정음체(중간) → 韩文字体/其他
  📂 字体库 - 分类字体包 - 130款韩文字体 - 대-물감오R → 韩文字体/其他
  📂 字体库 - 分类字体包 - 130款韩文字体 - (환)훈민정음체 → 韩文字体/其他
  📂 字体库 - 分类字体包 - 130款韩文字体 - (환)환붓한자예서(가는) → 韩文字体/其他
  📂 字体库 - 分类字体包 - 130款韩文字体 - (환)신명조 → 韩文字体/其他
  📂 字体库 - 分类字体包 - 130款韩文字体 - (환)세나루 → 韩文字体/其他
  ✓ 完成: 成功 20, 失败 0
  📄 第 426 页: 20 个需要处理
  📂 字体库 - 分类字体包 - 130款韩文字体 - (환)환예서(가는) → 韩文字体/其他
  📂 字体库 - 分类字体包 - 130款韩文字体 - (환)확장채서체0 → 韩文字体/其他
  📂 字体库 - 分类字体包 - 130款韩文字体 - (환)확장해서체3 → 韩文字体/其他
  📂 字体库 - 分类字体包 - 130款韩文字体 - (환)산하체(가는) → 韩文字体/其他
  📂 字体库 - 分类字体包 - 130款韩文字体 - (환)때나루채 → 韩文字体/其他
  📂 字体库 - 分类字体包 - 130款韩文字体 - (환)산하체(중간) → 韩文字体/其他
  📂 字体库 - 分类字体包 - 130款韩文字体 - (환)확장중고딕2 → 韩文字体/其他
  📂 字体库 - 分类字体包 - 130款韩文字体 - (환)확장중고딕0 → 韩文字体/其他
  📂 字体库 - 分类字体包 - 130款韩文字体 - (환)돋움중둥근체 → 韩文字体/其他
  📂 字体库 - 分类字体包 - 130款韩文字体 - (환)나래체 → 韩文字体/其他
  📂 字体库 - 分类字体包 - 130款韩文字体 - (환)확장예서2 → 韩文字体/其他
  📂 字体库 - 分类字体包 - 130款韩文字体 - (환)나래(굵) → 韩文字体/其他
  📂 字体库 - 分类字体包 - 130款韩文字体 - (환)확장예서0 → 韩文字体/其他
  📂 字体库 - 分类字体包 - 130款韩文字体 - (환)궁서체 → 韩文字体/其他
  📂 字体库 - 分类字体包 - 130款韩文字体 - (환)확장신명조2 → 韩文字体/其他
  📂 字体库 - 分类字体包 - 130款韩文字体 - (환)구인돌체(가는) → 韩文字体/其他
  📂 字体库 - 分类字体包 - 130款韩文字体 - (환)견고딕 → 韩文字体/其他
  📂 字体库 - 分类字体包 - 130款韩文字体 - (환)고바우체(굵은) → 韩文字体/其他
  📂 字体库 - 分类字体包 - 130款韩文字体 - (환)고바우(중간) → 韩文字体/其他
  📂 字体库 - 分类字体包 - 130款韩文字体 - (환)갈잎체(굵은) → 韩文字体/其他
  ✓ 完成: 成功 20, 失败 0
  📄 第 427 页: 20 个需要处理
  📂 字体库 - 分类字体包 - 130款韩文字体 - (환)한자해서체(가는) → 韩文字体/其他
  📂 字体库 - 分类字体包 - 130款韩文字体 - (환)확장신명조0 → 韩文字体/其他
  📂 字体库 - 分类字体包 - 130款韩文字体 - (환)한글신문명조 → 韩文字体/其他
  📂 字体库 - 分类字体包 - 130款韩文字体 - (환)가을잎체(굵은) → 韩文字体/其他
  📂 字体库 - 分类字体包 - 130款韩文字体 - (환)갈잎체 → 韩文字体/其他
  📂 字体库 - 分类字体包 - 130款韩文字体 - (환)갈잎(가는)체 → 韩文字体/其他
  📂 字体库 - 分类字体包 - 130款韩文字体 - (환)태명조 → 韩文字体/其他
  📂 字体库 - 分类字体包 - 130款韩文字体 - (환)필기(굵은) → 韩文字体/其他
  📂 字体库 - 分类字体包 - 130款韩文字体 - (한)판화체A → 韩文字体/其他
  📂 字体库 - 分类字体包 - 130款韩文字体 - (한)필기체 → 韩文字体/其他
  📂 字体库 - 分类字体包 - 130款韩文字体 - (한)펜글씨체 → 韩文字体/其他
  📂 字体库 - 分类字体包 - 130款韩文字体 - (환)타자긴체(가는) → 韩文字体/其他
  📂 字体库 - 分类字体包 - 130款韩文字体 - (한)태고딕 → 韩文字体/其他
  📂 字体库 - 分类字体包 - 130款韩文字体 - (환)태고딕 → 韩文字体/其他
  📂 字体库 - 分类字体包 - 130款韩文字体 - (환)차트체(가는) → 韩文字体/其他
  📂 字体库 - 分类字体包 - 130款韩文字体 - (한)예서체 → 韩文字体/其他
  📂 字体库 - 分类字体包 - 130款韩文字体 - (환)타자(가)체 → 韩文字体/其他
  📂 字体库 - 分类字体包 - 130款韩文字体 - (환)차트체(중간) → 韩文字体/其他
  📂 字体库 - 分类字体包 - 130款韩文字体 - (한)신중명조 → 韩文字体/其他
  📂 字体库 - 分类字体包 - 130款韩文字体 - (환)중나루 → 韩文字体/其他
  ✓ 完成: 成功 20, 失败 0
  📄 第 428 页: 20 个需要处理
  📂 字体库 - 分类字体包 - 130款韩文字体 - (환)진체(가는) → 韩文字体/其他
  📂 字体库 - 分类字体包 - 130款韩文字体 - (한)연필체A → 韩文字体/其他
  📂 字体库 - 分类字体包 - 130款韩文字体 - (환)옛체(중간) → 韩文字体/其他
  📂 字体库 - 分类字体包 - 130款韩文字体 - (환)옛체(가는) → 韩文字体/其他
  📂 字体库 - 分类字体包 - 130款韩文字体 - (한)신문명조 → 韩文字体/其他
  📂 字体库 - 分类字体包 - 130款韩文字体 - (환)옛골체(굵은) → 韩文字体/其他
  📂 字体库 - 分类字体包 - 130款韩文字体 - (한)신명조 → 韩文字体/其他
  📂 字体库 - 分类字体包 - 130款韩文字体 - (환)심곡체(중간) → 韩文字体/其他
  📂 字体库 - 分类字体包 - 130款韩文字体 - (한)수련체B → 韩文字体/其他
  📂 字体库 - 分类字体包 - 130款韩文字体 - (한)신궁체B → 韩文字体/其他
  📂 字体库 - 分类字体包 - 130款韩文字体 - (한)세나루 → 韩文字体/其他
  📂 字体库 - 分类字体包 - 130款韩文字体 - (환)예서(중간) → 韩文字体/其他
  📂 字体库 - 分类字体包 - 130款韩文字体 - (환)심곡체(가는) → 韩文字体/其他
  📂 字体库 - 分类字体包 - 130款韩文字体 - (환)신옛골체(굵은) → 韩文字体/其他
  📂 字体库 - 分类字体包 - 130款韩文字体 - (한)삼각헤드 → 韩文字体/其他
  📂 字体库 - 分类字体包 - 130款韩文字体 - (한)고인돌B → 韩文字体/其他
  📂 字体库 - 分类字体包 - 130款韩文字体 - (환)신문고딕 → 韩文字体/其他
  📂 字体库 - 分类字体包 - 130款韩文字体 - (환)세명조 → 韩文字体/其他
  📂 3500款字体包(建议使用) - 中文字体包 - 中文字体 安装包3 - xiaowanzi_0 → 中文字体/其他
  📂 3500款字体包(建议使用) - 中文字体包 - 中文字体 安装包3 - ygylishu2009 → 中文字体/其他
  ✓ 完成: 成功 20, 失败 0
  📄 第 429 页: 20 个需要处理
  📂 3500款字体包(建议使用) - 中文字体包 - 中文字体 安装包3 - SourceHanSansK-Normal → 中文字体/无衬线体
  📂 字体库 - 分类字体包 - 130款韩文字体 - (환)산하체(굵은) → 韩文字体/其他
  📂 字体库 - 分类字体包 - 130款韩文字体 - (환)세고딕 → 韩文字体/其他
  📂 字体库 - 分类字体包 - 130款韩文字体 - (환)라인체(굵은) → 韩文字体/其他
  📂 3500款字体包(建议使用) - 中文字体包 - 中文字体 安装包3 - TpldKhangXiDictTrial → 中文字体/其他
  📂 字体库 - 分类字体包 - 130款韩文字体 - (환)디나루 → 韩文字体/其他
  📂 字体库 - 分类字体包 - 130款韩文字体 - (환)돋움중둥근 → 韩文字体/其他
  📂 字体库 - 分类字体包 - 130款韩文字体 - (환)나래(가) → 韩文字体/其他
  📂 粗细对比黑体 → 韩文字体/标题字
  📂 字体库 - 分类字体包 - 130款韩文字体 - (환)나래(중) → 韩文字体/其他
  📂 SourceHanSansK-Light → 中文字体/等线体
  📂 Source Han Sans K - ExtraLight → 中文字体/正文字
  📂 字体库 - 分类字体包 - 130款韩文字体 - (환)고인돌체(중간) → 韩文字体/其他
  📂 字体库 - 分类字体包 - 130款韩文字体 - (환)고바우체(가는) → 韩文字体/其他
  📂 字体库 - 分类字体包 - 130款韩文字体 - (환)견명조 → 韩文字体/衬线体
  📂 圆润无衬线体 → 韩文字体/正文字
  📂 新蒂赵孟頫 → 中文字体/手写体
  📂 한글 갈잎체 中等粗细，现代无衬线体 → 韩文字体/正文字
  📂 SentyTEA新蒂下午茶体 → 中文字体/手写体
  ✓ 完成: 成功 19, 失败 0
  📄 第 430 页: 20 个需要处理
  📂 字体库 - 分类字体包 - 130款韩文字体 - (환)가을잎체(가는) → 韩文字体/其他
  📂 字体库 - 分类字体包 - 130款韩文字体 - (환)가을잎체(중간) → 韩文字体/其他
  📂 思源宋体 Medium → 中文字体/衬线体
  📂 太宋体 → 韩文字体/衬线体
  📂 字体库 - 分类字体包 - 130款韩文字体 - (한)판화체B → 韩文字体/其他
  📂 圆润无衬线体 → 韩文字体/等线体
  📂 3500款字体包(建议使用) - 中文字体包 - 中文字体 安装包3 - MElle HKS Xbold(粗雅丽体) → 中文字体/标题字
  📂 3500款字体包(建议使用) - 中文字体包 - 中文字体 安装包3 - J046-懐風体 → 中文字体/其他
  📂 Geometric Gothic → 韩文字体/其他
  📂 J043-现代无衬线体 → 中文字体/正文字
  📂 新通用黑体 → 韩文字体/等线体
  📂 3500款字体包(建议使用) - 中文字体包 - 中文字体 安装包3 - J041-田氏圆笔刷体繁 → 中文字体/手写体
  📂 字体库 - 分类字体包 - 130款韩文字体 - (한)신중고딕 → 韩文字体/正文字
  📂 3500款字体包(建议使用) - 中文字体包 - 中文字体 安装包3 - J036-ta_pop_M → 中文字体/其他
  📂 字体库 - 分类字体包 - 130款韩文字体 - （한）신문고딕 → 韩文字体/正文字
  📂 Tayuka Sans手写体 → 中文字体/手写体
  📂 字体库 - 分类字体包 - 130款韩文字体 - (한)신궁체C → 韩文字体/其他
  ✓ 完成: 成功 17, 失败 0
  📄 第 431 页: 20 个需要处理
  📂 字体库 - 分类字体包 - 130款韩文字体 - (한)신궁체A → 韩文字体/其他
  📂 3500款字体包(建议使用) - 中文字体包 - 中文字体 安装包3 - J029-朗太書体 → 中文字体/其他
  📂 字体库 - 分类字体包 - 130款韩文字体 - (한)세고딕 → 韩文字体/标题字
  📂 3500款字体包(建议使用) - 中文字体包 - 中文字体 安装包3 - J028-大髭113 → 中文字体/其他
  📂 3500款字体包(建议使用) - 中文字体包 - 中文字体 安装包3 - yegenyoudaofengheicao1 → 中文字体/其他
  📂 3500款字体包(建议使用) - 中文字体包 - 中文字体 安装包3 - J025-ＴＡ雫０１ → 中文字体/其他
  📂 悠哉手写体 → 中文字体/手写体
  📂 精致尖衬线英文优雅衬线体 → 中文字体/衬线体
  📂 3500款字体包(建议使用) - 中文字体包 - 中文字体 安装包3 - J019-唐草AA → 中文字体/手写体
  📂 思源黑体 → 中文字体/正文字
  📂 字体库 - 分类字体包 - 130款韩文字体 - (한)볼펜체C → 韩文字体/其他
  📂 3500款字体包(建议使用) - 中文字体包 - 中文字体 安装包3 - J016-樱花 → 中文字体/其他
  📂 3500款字体包(建议使用) - 中文字体包 - 中文字体 安装包3 - SourceHanSansK-Medium → 中文字体/无衬线体
  📂 翰墨流云 → 中文字体/装饰体
  📂 3500款字体包(建议使用) - 中文字体包 - 中文字体 安装包3 - J012-静月 → 中文字体/其他
  📂 3500款字体包(建议使用) - 中文字体包 - 中文字体 安装包3 - J008-日文毛笔行书 → 中文字体/其他
  📂 MusashiStd Regular → 中文字体/其他
  ✓ 完成: 成功 17, 失败 0
  📄 第 432 页: 20 个需要处理
  📂 SeiKaiCB1Std-Regular (清刻本) → 中文字体/衬线体
  📂 Geikai手写体 → 中文字体/标题字
  📂 Farrington 7B → 中文字体/等线体
  📂 3500款字体包(建议使用) - 中文字体包 - 中文字体 安装包3 - J001-A-OTF-OutaiKaiStd-Light → 中文字体/正文字
  📂 3500款字体包(建议使用) - 中文字体包 - 中文字体 安装包3 - C305-简瘦金书 → 中文字体/其他
  📂 等线体-现代中黑 → 中文字体/等线体
  📂 mzdzt行草体 → 中文字体/手写体
  📂 3500款字体包(建议使用) - 中文字体包 - 中文字体 安装包3 - SentyZHAO → 中文字体/其他
  📂 3500款字体包(建议使用) - 中文字体包 - 中文字体 安装包3 - C300-老报宋 → 中文字体/衬线体
  📂 均匀几何体 → 中文字体/正文字
  📂 3500款字体包(建议使用) - 中文字体包 - 中文字体 安装包3 - MHeiSung HKS UltraBold(简标黑体) → 中文字体/标题字
  📂 田氏细笔刷体繁 → 中文字体/手写体
  📂 3500款字体包(建议使用) - 中文字体包 - 中文字体 安装包3 - J045-神奇墨水字体TanukiMagic → 中文字体/其他
  📂 3500款字体包(建议使用) - 中文字体包 - 中文字体 安装包3 - C296-田相岳六朝小楷 → 中文字体/手写体
  📂 3500款字体包(建议使用) - 中文字体包 - 中文字体 安装包3 - J037-ta_dansyaku → 中文字体/其他
  📂 c292-禹卫书法隶书简体 → 中文字体/装饰体
  📂 3500款字体包(建议使用) - 中文字体包 - 中文字体 安装包3 - c289-钟齐蔡云汉毛笔行书 → 中文字体/其他
  ✓ 完成: 成功 17, 失败 0
  📄 第 433 页: 20 个需要处理
  📂 3500款字体包(建议使用) - 中文字体包 - 中文字体 安装包3 - J032-鱼石行书 → 中文字体/其他
  📂 3500款字体包(建议使用) - 中文字体包 - 中文字体 安装包3 - J035-ta_yubifudeRM → 中文字体/其他
  📂 Huan Yuan Gothic → 中文字体/正文字
  📂 3500款字体包(建议使用) - 中文字体包 - 中文字体 安装包3 - c287-禹卫书法行书繁体 → 中文字体/其他
  📂 大髭115 → 中文字体/其他
  📂 腾祥范笑歌楷书简 → 中文字体/手写体
  📂 涂鸦手写体 - 夸张笔触 → 中文字体/手写体
  📂 3500款字体包(建议使用) - 中文字体包 - 中文字体 安装包3 - c282-腾祥范笑歌简牍简 → 中文字体/其他
  📂 Kumoya Std Regular → 中文字体/等线体
  📂 3500款字体包(建议使用) - 中文字体包 - 中文字体 安装包3 - C273-叶根友行书(繁)2.0 → 中文字体/手写体
  📂 汉仪静蕾简体 → 中文字体/手写体
  📂 3500款字体包(建议使用) - 中文字体包 - 中文字体 安装包3 - J018-隼風 → 中文字体/其他
  📂 3500款字体包(建议使用) - 中文字体包 - 中文字体 安装包3 - J011-魂心 → 中文字体/其他
  📂 日文毛笔 → 中文字体/手写体
  📂 3500款字体包(建议使用) - 中文字体包 - 中文字体 安装包3 - c265-华康竹风体繁 → 中文字体/其他
  📂 3500款字体包(建议使用) - 中文字体包 - 中文字体 安装包3 - c259-书体坊兰亭体I → 中文字体/手写体
  📂 3500款字体包(建议使用) - 中文字体包 - 中文字体 安装包3 - J009-侍 → 中文字体/其他
  ✓ 完成: 成功 17, 失败 0
  📄 第 434 页: 20 个需要处理
  📂 Nachin → 中文字体/装饰体
  📂 3500款字体包(建议使用) - 中文字体包 - 中文字体 安装包3 - 自由之翼 → 中文字体/其他
  📂 3500款字体包(建议使用) - 中文字体包 - 中文字体 安装包3 - J002-A-OTF-KanteiryuStd-Ultra → 中文字体/其他
  📂 汉仪悠然体 J → 中文字体/手写体
  📂 3500款字体包(建议使用) - 中文字体包 - 中文字体 安装包3 - 濯缨字体草书繁 → 中文字体/其他
  📂 3500款字体包(建议使用) - 中文字体包 - 中文字体 安装包3 - FZZTJW → 中文字体/其他
  📂 3500款字体包(建议使用) - 中文字体包 - 中文字体 安装包3 - 竹雪浮花 → 中文字体/手写体
  📂 3500款字体包(建议使用) - 中文字体包 - 中文字体 安装包3 - C304-德彪钢笔行书字库 → 中文字体/其他
  📂 3500款字体包(建议使用) - 中文字体包 - 中文字体 安装包3 - dfpshaonvw5-gb → 中文字体/其他
  📂 3500款字体包(建议使用) - 中文字体包 - 中文字体 安装包3 - C299-苏新诗古印宋简 → 中文字体/装饰体
  📂 钟齐王庆华毛笔简体 → 中文字体/手写体
  📂 C301-标准草书符号 → 中文字体/手写体
  📂 3500款字体包(建议使用) - 中文字体包 - 中文字体 安装包3 - C297-弘道軒清朝体_復刻版 → 中文字体/其他
  📂 3500款字体包(建议使用) - 中文字体包 - 中文字体 安装包3 - 钟齐流江毛笔草体 → 中文字体/其他
  📂 Rounded Gothic Pro → 中文字体/正文字
  📂 几何无衬线体-锐角黑体 → 中文字体/等线体
  📂 钟齐翰墨毛笔 → 中文字体/手写体
  📂 3500款字体包(建议使用) - 中文字体包 - 中文字体 安装包3 - C288-蔡云汉隶书书法字体 → 中文字体/手写体
  📂 TpltYiFengScripture 衬线体 → 中文字体/衬线体
  📂 3500款字体包(建议使用) - 中文字体包 - 中文字体 安装包3 - 钟齐安景臣硬笔行书 → 中文字体/其他
  ✓ 完成: 成功 20, 失败 0
  📄 第 435 页: 20 个需要处理
  📂 3500款字体包(建议使用) - 中文字体包 - 中文字体 安装包3 - c286-字酷堂清楷体 → 中文字体/衬线体
  📂 3500款字体包(建议使用) - 中文字体包 - 中文字体 安装包3 - 行楷体 → 中文字体/手写体
  📂 3500款字体包(建议使用) - 中文字体包 - 中文字体 安装包3 - 中山行书百年纪念版 → 中文字体/其他
  📂 3500款字体包(建议使用) - 中文字体包 - 中文字体 安装包3 - 腾祥相思繁体 → 中文字体/其他
  📂 3500款字体包(建议使用) - 中文字体包 - 中文字体 安装包3 - 行楷简体_0 → 中文字体/手写体
  📂 3500款字体包(建议使用) - 中文字体包 - 中文字体 安装包3 - c281-腾祥范笑歌简牍繁 → 中文字体/装饰体
  📂 3500款字体包(建议使用) - 中文字体包 - 中文字体 安装包3 - 腾祥铁山楷书繁 → 中文字体/衬线体
  📂 现代几何无衬线体 → 中文字体/正文字
  📂 3500款字体包(建议使用) - 中文字体包 - 中文字体 安装包3 - 腾祥倩女繁 → 中文字体/手写体
  📂 锐意无衬线 → 中文字体/等线体
  📂 极简无衬线简体 → 中文字体/正文字
  📂 "腾祥金砖黑繁（繁体版）是一款极具视觉冲击力的几何无衬线粗体标题字。其最显著的特征是极粗的笔画与几何化的结构。所有字母与汉字的笔画都显得非常粗壮、厚重，几乎填满整个字形空间，营造出强烈的力量感和块面感。笔画的起笔、收笔及所有转角处均处理为锐利的直角，几乎没有圆角过渡，线条由纯粹的直线和直角构成，呈现出强烈的工业感、未来感和秩序感。字形比例较为宽稳，x字高适中，整体结构紧凑、均匀，视觉重心稳定。字体在极粗的笔画下仍保持了良好的字形识别度和内部空间（counter）， → 中文字体/标题字
  📂 3500款字体包(建议使用) - 中文字体包 - 中文字体 安装包3 - c283-腾祥铁山楷书简 → 中文字体/手写体
  📂 3500款字体包(建议使用) - 中文字体包 - 中文字体 安装包3 - c264-华康雅风体繁 → 中文字体/其他
  📂 3500款字体包(建议使用) - 中文字体包 - 中文字体 安装包3 - 腾祥伯当行楷繁 → 中文字体/手写体
  📂 3500款字体包(建议使用) - 中文字体包 - 中文字体 安装包3 - 腾祥嘉丽纤圆繁 → 中文字体/其他
  📂 几何等宽无衬线体 → 中文字体/衬线体
  📂 华康POP1体W9 → 中文字体/其他
  📂 3500款字体包(建议使用) - 中文字体包 - 中文字体 安装包3 - 字典宋 → 中文字体/衬线体
  ✓ 完成: 成功 19, 失败 0
  📄 第 436 页: 20 个需要处理
  📂 胡晓波趣圆体 → 中文字体/装饰体
  📂 装甲明朝体 → 中文字体/标题字
  📂 3500款字体包(建议使用) - 中文字体包 - 中文字体 安装包3 - 华康标题宋W9(P) → 中文字体/标题字
  📂 3500款字体包(建议使用) - 中文字体包 - 中文字体 安装包3 - 弘道軒清朝体_現代版 → 中文字体/其他
  📂 3500款字体包(建议使用) - 中文字体包 - 中文字体 安装包3 - 钟齐流江硬笔草体 → 中文字体/手写体
  📂 3500款字体包(建议使用) - 中文字体包 - 中文字体 安装包3 - 钟齐志莽行书 → 中文字体/其他
  📂 3500款字体包(建议使用) - 中文字体包 - 中文字体 安装包3 - 漢魏字體 → 中文字体/其他
  📂 3500款字体包(建议使用) - 中文字体包 - 中文字体 安装包3 - 钟齐陈伟勋硬笔行书字库 → 中文字体/手写体
  📂 3500款字体包(建议使用) - 中文字体包 - 中文字体 安装包3 - 钟齐李洤标准草书符号 → 中文字体/其他
  📂 3500款字体包(建议使用) - 中文字体包 - 中文字体 安装包3 - 中山行书字体 → 中文字体/手写体
  📂 3500款字体包(建议使用) - 中文字体包 - 中文字体 安装包3 - 钟齐蔡云汉毛笔行书 → 中文字体/其他
  📂 3500款字体包(建议使用) - 中文字体包 - 中文字体 安装包3 - 汉仪字典宋简 → 中文字体/衬线体
  📂 汉仪篆书繁 → 中文字体/正文字
  📂 3500款字体包(建议使用) - 中文字体包 - 中文字体 安装包3 - 中華民國字體 → 中文字体/其他
  📂 3500款字体包(建议使用) - 中文字体包 - 中文字体 安装包3 - 汉仪竹节体繁 → 中文字体/其他
  📂 3500款字体包(建议使用) - 中文字体包 - 中文字体 安装包3 - 汉仪中圆繁 → 中文字体/其他
  📂 3500款字体包(建议使用) - 中文字体包 - 中文字体 安装包3 - 行楷简体 → 中文字体/手写体
  ✓ 完成: 成功 17, 失败 0
  📄 第 437 页: 20 个需要处理
  📂 3500款字体包(建议使用) - 中文字体包 - 中文字体 安装包3 - 腾祥铚谦钢笔繁 → 中文字体/手写体
  📂 3500款字体包(建议使用) - 中文字体包 - 中文字体 安装包3 - 汉仪中宋繁 → 中文字体/衬线体
  📂 3500款字体包(建议使用) - 中文字体包 - 中文字体 安装包3 - 汉仪中隶书繁 → 中文字体/其他
  📂 3500款字体包(建议使用) - 中文字体包 - 中文字体 安装包3 - 腾祥铁山硬隶繁 → 中文字体/手写体
  📂 3500款字体包(建议使用) - 中文字体包 - 中文字体 安装包3 - 汉仪中黑简 → 中文字体/其他
  📂 3500款字体包(建议使用) - 中文字体包 - 中文字体 安装包3 - 汉仪长宋简 → 中文字体/衬线体
  📂 3500款字体包(建议使用) - 中文字体包 - 中文字体 安装包3 - 汉仪中等线简 → 中文字体/其他
  📂 3500款字体包(建议使用) - 中文字体包 - 中文字体 安装包3 - 腾祥金砖黑简 → 中文字体/标题字
  📂 3500款字体包(建议使用) - 中文字体包 - 中文字体 安装包3 - 汉仪长艺体简 → 中文字体/其他
  📂 3500款字体包(建议使用) - 中文字体包 - 中文字体 安装包3 - 腾祥嘉丽中圆繁 → 中文字体/其他
  📂 3500款字体包(建议使用) - 中文字体包 - 中文字体 安装包3 - 汉仪长美黑简 → 中文字体/衬线体
  📂 腾祥嘉丽细黑繁体 → 中文字体/正文字
  📂 3500款字体包(建议使用) - 中文字体包 - 中文字体 安装包3 - 腾祥范笑歌简牍繁 → 中文字体/装饰体
  📂 3500款字体包(建议使用) - 中文字体包 - 中文字体 安装包3 - 汉仪圆叠体简 → 中文字体/其他
  📂 华康黑体W12 → 中文字体/标题字
  📂 3500款字体包(建议使用) - 中文字体包 - 中文字体 安装包3 - 汉仪颜楷繁 → 中文字体/手写体
  📂 3500款字体包(建议使用) - 中文字体包 - 中文字体 安装包3 - 汉仪雪君体简 → 中文字体/手写体
  📂 汉仪悠然体简 → 中文字体/其他
  ✓ 完成: 成功 18, 失败 0
  📄 第 438 页: 20 个需要处理
  📂 汉仪雪峰体简 → 中文字体/装饰体
  📂 3500款字体包(建议使用) - 中文字体包 - 中文字体 安装包3 - 花絮丝线体 → 中文字体/装饰体
  📂 汉仪秀英体简 → 中文字体/装饰体
  📂 花案装饰无衬线体 → 中文字体/正文字
  📂 3500款字体包(建议使用) - 中文字体包 - 中文字体 安装包3 - 汉仪行楷简 → 中文字体/手写体
  📂 3500款字体包(建议使用) - 中文字体包 - 中文字体 安装包3 - 汉仪星宇体简 → 中文字体/其他
  📂 3500款字体包(建议使用) - 中文字体包 - 中文字体 安装包3 - 汉真广标艺术字体 → 中文字体/其他
  📂 3500款字体包(建议使用) - 中文字体包 - 中文字体 安装包3 - 汉仪PP体简 → 中文字体/装饰体
  📂 3500款字体包(建议使用) - 中文字体包 - 中文字体 安装包3 - 汉仪小麦体简 → 中文字体/装饰体
  📂 无衬线体示例 → 中文字体/标题字
  📂 3500款字体包(建议使用) - 中文字体包 - 中文字体 安装包3 - 汉仪细中圆简 → 中文字体/正文字
  📂 "汉仪竹节体简是一款极具东方美学意趣和自然形态的装饰字体。其最核心的设计在于将“竹”这一自然元素系统性地融入字体结构。横画的起笔与收笔处均有明显的“竹节”造型处理，形态饱满且富有节奏感；竖画的起笔多为顿笔，收笔则模拟“竹梢”的尖锐形态，干净利落。笔画粗细对比强烈，横细竖粗，骨架方正但细节生动，整体呈现出一种既规整又灵动的视觉张力。字体情感调性自然、雅致、富有禅意，适合用于需要营造高端、文化、自然或诗意氛围的设计场景中，作为标题或Logo使用 → 中文字体/标题字
  📂 3500款字体包(建议使用) - 中文字体包 - 中文字体 安装包3 - 汉仪字典宋繁 → 中文字体/衬线体
  📂 "这是一款现代、简约的等线体（无衬线）字体。其最显著的特征是笔画粗细均匀一致，没有明显的粗细变化，呈现出高度规整的视觉感受。在转角处，无论是英文字母的弯弧还是中文笔画的拐角，都采用了平滑的圆弧处理，而非尖锐的直角，这赋予了字体一种温和、友好的气质，减少了冷硬的科技感。字形结构清晰、开放，具有良好的中宫和适中的x字高，确保了在不同字号下（尤其是中小字号）的易读性。整体风格中性、 → 中文字体/标题字
  📂 汉仪细行楷简 → 中文字体/手写体
  📂 3500款字体包(建议使用) - 中文字体包 - 中文字体 安装包3 - 汉仪中圆简 → 中文字体/其他
  ✓ 完成: 成功 16, 失败 0
  📄 第 439 页: 20 个需要处理
  📂 汉仪细等线繁 → 中文字体/正文字
  📂 3500款字体包(建议使用) - 中文字体包 - 中文字体 安装包3 - 汉仪中宋简 → 中文字体/衬线体
  📂 3500款字体包(建议使用) - 中文字体包 - 中文字体 安装包3 - 汉仪中隶书简 → 中文字体/其他
  📂 3500款字体包(建议使用) - 中文字体包 - 中文字体 安装包3 - 汉仪中黑繁 → 中文字体/正文字
  📂 汉仪旗黑65S Regular → 中文字体/衬线体
  📂 3500款字体包(建议使用) - 中文字体包 - 中文字体 安装包3 - 汉仪中等线繁 → 中文字体/标题字
  📂 汉仪特细等线简 → 中文字体/等线体
  📂 3500款字体包(建议使用) - 中文字体包 - 中文字体 安装包3 - 汉仪水滴体简 → 中文字体/装饰体
  📂 3500款字体包(建议使用) - 中文字体包 - 中文字体 安装包3 - 汉仪长艺体繁 → 中文字体/其他
  📂 3500款字体包(建议使用) - 中文字体包 - 中文字体 安装包3 - 汉仪双线体繁 → 中文字体/装饰体
  📂 3500款字体包(建议使用) - 中文字体包 - 中文字体 安装包3 - 汉仪长美黑繁 → 中文字体/其他
  📂 3500款字体包(建议使用) - 中文字体包 - 中文字体 安装包3 - 汉仪水波体简 → 中文字体/其他
  📂 3500款字体包(建议使用) - 中文字体包 - 中文字体 安装包3 - 汉仪舒同体简 → 中文字体/手写体
  📂 3500款字体包(建议使用) - 中文字体包 - 中文字体 安装包3 - 汉仪雁翎体简 → 中文字体/其他
  📂 3500款字体包(建议使用) - 中文字体包 - 中文字体 安装包3 - 汉仪丫丫体简 → 中文字体/其他
  📂 3500款字体包(建议使用) - 中文字体包 - 中文字体 安装包3 - 汉仪书宋一简 → 中文字体/衬线体
  ✓ 完成: 成功 16, 失败 0
  📄 第 440 页: 20 个需要处理
  📂 3500款字体包(建议使用) - 中文字体包 - 中文字体 安装包3 - 汉仪书宋二简 → 中文字体/衬线体
  📂 3500款字体包(建议使用) - 中文字体包 - 中文字体 安装包3 - 汉仪雪君体繁 → 中文字体/其他
  📂 3500款字体包(建议使用) - 中文字体包 - 中文字体 安装包3 - 汉仪书魂体简 → 中文字体/其他
  📂 3500款字体包(建议使用) - 中文字体包 - 中文字体 安装包3 - 汉仪雪峰体繁 → 中文字体/其他
  📂 3500款字体包(建议使用) - 中文字体包 - 中文字体 安装包3 - 汉仪瘦金书繁 → 中文字体/衬线体
  📂 3500款字体包(建议使用) - 中文字体包 - 中文字体 安装包3 - 汉仪秀英体繁 → 中文字体/其他
  📂 3500款字体包(建议使用) - 中文字体包 - 中文字体 安装包3 - 汉仪行楷繁 → 中文字体/手写体
  📂 汉仪神工体简 → 中文字体/标题字
  📂 汉仪醒示体繁 → 中文字体/标题字
  📂 3500款字体包(建议使用) - 中文字体包 - 中文字体 安装包3 - 汉仪全唐诗简 → 中文字体/衬线体
  📂 汉仪趣味体简 → 中文字体/装饰体
  📂 3500款字体包(建议使用) - 中文字体包 - 中文字体 安装包3 - 汉仪星宇体繁 → 中文字体/装饰体
  📂 3500款字体包(建议使用) - 中文字体包 - 中文字体 安装包3 - 汉仪晴空体繁 → 中文字体/装饰体
  📂 3500款字体包(建议使用) - 中文字体包 - 中文字体 安装包3 - 汉仪小隶书简 → 中文字体/其他
  📂 3500款字体包(建议使用) - 中文字体包 - 中文字体 安装包3 - 汉仪小康美术体简 → 中文字体/其他
  📂 3500款字体包(建议使用) - 中文字体包 - 中文字体 安装包3 - 汉仪细中圆繁 → 中文字体/正文字
  📂 3500款字体包(建议使用) - 中文字体包 - 中文字体 安装包3 - 汉仪细圆繁 → 中文字体/正文字
  📂 3500款字体包(建议使用) - 中文字体包 - 中文字体 安装包3 - 汉仪南宫体简 → 中文字体/其他
  📂 3500款字体包(建议使用) - 中文字体包 - 中文字体 安装包3 - 汉仪咪咪体繁 → 中文字体/其他
  📂 3500款字体包(建议使用) - 中文字体包 - 中文字体 安装包3 - 汉仪魏碑简 → 中文字体/其他
  ✓ 完成: 成功 20, 失败 0
  📄 第 441 页: 20 个需要处理
  📂 3500款字体包(建议使用) - 中文字体包 - 中文字体 安装包3 - 汉仪萝卜体繁 → 中文字体/其他
  📂 3500款字体包(建议使用) - 中文字体包 - 中文字体 安装包3 - 汉仪凌波体简 → 中文字体/手写体
  📂 3500款字体包(建议使用) - 中文字体包 - 中文字体 安装包3 - 汉仪娃娃篆简 → 中文字体/装饰体
  📂 3500款字体包(建议使用) - 中文字体包 - 中文字体 安装包3 - 汉仪立黑简 → 中文字体/其他
  📂 汉仪楷体繁 → 中文字体/衬线体
  📂 3500款字体包(建议使用) - 中文字体包 - 中文字体 安装包3 - 汉仪跳跳体简 → 中文字体/装饰体
  📂 3500款字体包(建议使用) - 中文字体包 - 中文字体 安装包3 - 汉仪太极体简 → 中文字体/装饰体
  📂 3500款字体包(建议使用) - 中文字体包 - 中文字体 安装包3 - 汉仪家书简 → 中文字体/其他
  📂 3500款字体包(建议使用) - 中文字体包 - 中文字体 安装包3 - 汉仪火柴体简 → 中文字体/其他
  📂 3500款字体包(建议使用) - 中文字体包 - 中文字体 安装包3 - 汉仪水滴体繁 → 中文字体/其他
  📂 3500款字体包(建议使用) - 中文字体包 - 中文字体 安装包3 - 汉仪双线体简 → 中文字体/其他
  📂 3500款字体包(建议使用) - 中文字体包 - 中文字体 安装包3 - 汉仪舒同体繁 → 中文字体/手写体
  📂 3500款字体包(建议使用) - 中文字体包 - 中文字体 安装包3 - 汉仪黑咪体繁 → 中文字体/装饰体
  📂 3500款字体包(建议使用) - 中文字体包 - 中文字体 安装包3 - 汉仪琥珀体简 → 中文字体/其他
  📂 "汉仪舒圆黑简体是一款视觉特征极其鲜明的无衬线卡通体。其核心特点在于‘极致圆润’：所有笔画的末端、转角处均处理为柔和的圆弧，完全消除了尖锐感，整体形态饱满、憨态可掬。字重为极粗，笔画粗细均匀，无明显变化，进一步强化了字体的敦实感和亲和力。字形结构偏宽，中文方块字也显得非常方正饱满。这种独特设计赋予了字体强烈的友好、活泼、可爱的情感调性，非常适合用于儿童产品、休闲娱乐、零食饮料等轻松、亲切的品牌场景，以及需要吸引眼球的海报标题和 → 中文字体/标题字
  📂 3500款字体包(建议使用) - 中文字体包 - 中文字体 安装包3 - 汉仪黑棋体简 → 中文字体/其他
  📂 3500款字体包(建议使用) - 中文字体包 - 中文字体 安装包3 - 汉仪海韵体简 → 中文字体/其他
  📂 3500款字体包(建议使用) - 中文字体包 - 中文字体 安装包3 - 汉仪书宋一繁 → 中文字体/衬线体
  ✓ 完成: 成功 18, 失败 0
  📄 第 442 页: 20 个需要处理
  📂 汉仪书宋二繁 → 中文字体/衬线体
  📂 3500款字体包(建议使用) - 中文字体包 - 中文字体 安装包3 - 汉仪高铚谦体简 → 中文字体/其他
  📂 3500款字体包(建议使用) - 中文字体包 - 中文字体 安装包3 - 汉仪瘦金书简 → 中文字体/其他
  📂 3500款字体包(建议使用) - 中文字体包 - 中文字体 安装包3 - 汉仪橄榄体繁 → 中文字体/其他
  📂 3500款字体包(建议使用) - 中文字体包 - 中文字体 安装包3 - 汉仪时光体W → 中文字体/其他
  📂 汉仪黑体繁 → 中文字体/正文字
  📂 3500款字体包(建议使用) - 中文字体包 - 中文字体 安装包3 - 汉仪尚巍手书W → 中文字体/其他
  📂 3500款字体包(建议使用) - 中文字体包 - 中文字体 安装包3 - 汉仪范笑歌隶书简 → 中文字体/装饰体
  📂 3500款字体包(建议使用) - 中文字体包 - 中文字体 安装包3 - 汉仪全唐诗繁 → 中文字体/衬线体
  📂 3500款字体包(建议使用) - 中文字体包 - 中文字体 安装包3 - 汉仪方叠体简 → 中文字体/其他
  📂 3500款字体包(建议使用) - 中文字体包 - 中文字体 安装包3 - 汉仪晴空体简 → 中文字体/其他
  📂 3500款字体包(建议使用) - 中文字体包 - 中文字体 安装包3 - 汉仪漫步体简 → 中文字体/其他
  📂 3500款字体包(建议使用) - 中文字体包 - 中文字体 安装包3 - 汉仪黛玉体简 → 中文字体/其他
  📂 3500款字体包(建议使用) - 中文字体包 - 中文字体 安装包3 - 汉仪咪咪体简 → 中文字体/其他
  📂 3500款字体包(建议使用) - 中文字体包 - 中文字体 安装包3 - 汉仪萝卜体简 → 中文字体/装饰体
  📂 3500款字体包(建议使用) - 中文字体包 - 中文字体 安装包3 - 汉仪大宋繁 → 中文字体/衬线体
  📂 3500款字体包(建议使用) - 中文字体包 - 中文字体 安装包3 - 汉仪凌波体繁 → 中文字体/其他
  ✓ 完成: 成功 17, 失败 0
  📄 第 443 页: 20 个需要处理
  📂 3500款字体包(建议使用) - 中文字体包 - 中文字体 安装包3 - 汉仪楷体简 → 中文字体/衬线体
  📂 3500款字体包(建议使用) - 中文字体包 - 中文字体 安装包3 - 汉仪大隶书繁 → 中文字体/其他
  📂 3500款字体包(建议使用) - 中文字体包 - 中文字体 安装包3 - 汉仪家书繁 → 中文字体/其他
  📂 3500款字体包(建议使用) - 中文字体包 - 中文字体 安装包3 - 汉仪粗宋简 → 中文字体/标题字
  ✓ 完成: 成功 4, 失败 11
  ✗ 第 444 页失败: fetch failed
  ✗ 第 445 页失败: fetch failed
  📄 第 446 页: 20 个需要处理
  📂 3500款字体包(建议使用) - 中文字体包 - 中文字体 安装包3 - 白舟静月書体 → 中文字体/手写体
  📂 3500款字体包(建议使用) - 中文字体包 - 中文字体 安装包3 - 八大山人 v2007 → 中文字体/其他
  📂 3500款字体包(建议使用) - 中文字体包 - 中文字体 安装包3 - 古越軒粗明體繁 → 中文字体/标题字
  📂 几何现代黑体 → 中文字体/正文字
  📂 3500款字体包(建议使用) - 中文字体包 - 中文字体 安装包3 - 風涯毛筆字CliffPro → 中文字体/手写体
  📂 【晚歌】夏天的风 → 中文字体/装饰体
  📂 字幕黑体M → 中文字体/正文字
  📂 3500款字体包(建议使用) - 中文字体包 - 中文字体 安装包3 - 【方圆魂心体】斗士之魂 → 中文字体/其他
  📂 3500款字体包(建议使用) - 中文字体包 - 中文字体 安装包2 - 字酷堂清楷体 → 中文字体/手写体
  📂 3500款字体包(建议使用) - 中文字体包 - 中文字体 安装包2 - 字酷堂海藏楷体 → 中文字体/衬线体
  📂 瑞悦宋 → 中文字体/衬线体
  📂 3500款字体包(建议使用) - 中文字体包 - 中文字体 安装包3 - 段宁毛笔行书 → 中文字体/手写体
  📂 等宽几何无衬线体 → 中文字体/标题字
  📂 中隸書 → 中文字体/其他
  📂 现代圆角黑体 → 中文字体/正文字
  📂 3500款字体包(建议使用) - 中文字体包 - 中文字体 安装包2 - 中國龍細圓體 → 中文字体/其他
  📂 3500款字体包(建议使用) - 中文字体包 - 中文字体 安装包3 - 晨光大字 → 中文字体/其他
  ✓ 完成: 成功 17, 失败 0
  📄 第 447 页: 20 个需要处理
  📂 勘亭流 → 中文字体/等线体
  📂 3500款字体包(建议使用) - 中文字体包 - 中文字体 安装包3 - 大黑连筋体-条幅黑体 → 中文字体/标题字
  📂 思源黑体 中黑 → 中文字体/正文字
  📂 思源黑体 → 中文字体/其他
  📂 3500款字体包(建议使用) - 中文字体包 - 中文字体 安装包2 - 中國龍角新書 → 中文字体/其他
  📂 3500款字体包(建议使用) - 中文字体包 - 中文字体 安装包2 - 中國龍豪隸書 → 中文字体/其他
  📂 3500款字体包(建议使用) - 中文字体包 - 中文字体 安装包3 - 茶碗古刻繁体 → 中文字体/其他
  📂 圆润几何无衬线体 → 中文字体/正文字
  📂 草檀 → 中文字体/手写体
  📂 3500款字体包(建议使用) - 中文字体包 - 中文字体 安装包3 - 博洋柳体3500 → 中文字体/其他
  📂 黑体风格等宽字体 (推测) → 中文字体/等线体
  📂 3500款字体包(建议使用) - 中文字体包 - 中文字体 安装包3 - 逼格锐线粗体简2.0 → 中文字体/标题字
  📂 3500款字体包(建议使用) - 中文字体包 - 中文字体 安装包2 - 中国 → 中文字体/其他
  📂 3500款字体包(建议使用) - 中文字体包 - 中文字体 安装包3 - 斑点狗体 → 中文字体/其他
  📂 3500款字体包(建议使用) - 中文字体包 - 中文字体 安装包2 - 正纤黑简体 → 中文字体/其他
  📂 长城等线2繁体 → 中文字体/标题字
  📂 3500款字体包(建议使用) - 中文字体包 - 中文字体 安装包2 - 浙江民間書刻體 → 中文字体/其他
  📂 3500款字体包(建议使用) - 中文字体包 - 中文字体 安装包3 - 白舟篆古印 → 中文字体/其他
  ✓ 完成: 成功 18, 失败 0
  📄 第 448 页: 20 个需要处理
  📂 行草体 → 中文字体/手写体
  📂 3500款字体包(建议使用) - 中文字体包 - 中文字体 安装包3 - 白舟鯨海酔侯書体 → 中文字体/手写体
  📂 3500款字体包(建议使用) - 中文字体包 - 中文字体 安装包3 - 白舟侍書体 → 中文字体/装饰体
  📂 张维镜手写楷书 → 中文字体/手写体
  📂 3500款字体包(建议使用) - 中文字体包 - 中文字体 安装包2 - 长城行书体 → 中文字体/其他
  📂 3500款字体包(建议使用) - 中文字体包 - 中文字体 安装包2 - 张海山草泥马体 → 中文字体/其他
  📂 匀线方体 → 中文字体/标题字
  📂 3500款字体包(建议使用) - 中文字体包 - 中文字体 安装包3 - 白舟白雨書体 → 中文字体/其他
  📂 3500款字体包(建议使用) - 中文字体包 - 中文字体 安装包3 - 【盒子】我又初恋了 → 中文字体/其他
  📂 3500款字体包(建议使用) - 中文字体包 - 中文字体 安装包2 - 造字工房悦黑纤细长体 → 中文字体/标题字
  📂 3500款字体包(建议使用) - 中文字体包 - 中文字体 安装包2 - 造字工房悦黑纤细体 → 中文字体/标题字
  📂 3500款字体包(建议使用) - 中文字体包 - 中文字体 安装包2 - 造字工房致黑常规体 → 中文字体/其他
  📂 3500款字体包(建议使用) - 中文字体包 - 中文字体 安装包2 - 造字工房悦黑细长体 → 中文字体/正文字
  📂 3500款字体包(建议使用) - 中文字体包 - 中文字体 安装包2 - 造字工房映画常规体 → 中文字体/其他
  ✓ 完成: 成功 14, 失败 0
  📄 第 449 页: 20 个需要处理
  📂 懐風体 → 中文字体/正文字
  📂 3500款字体包(建议使用) - 中文字体包 - 中文字体 安装包2 - 字酷堂黄楷体 → 中文字体/衬线体
  📂 3500款字体包(建议使用) - 中文字体包 - 中文字体 安装包2 - 造字工房言宋常规体 → 中文字体/衬线体
  📂 造字工房形黑细体 → 中文字体/正文字
  📂 3500款字体包(建议使用) - 中文字体包 - 中文字体 安装包2 - 字酷堂松风行书体 → 中文字体/其他
  📂 3500款字体包(建议使用) - 中文字体包 - 中文字体 安装包2 - 中华民国 → 中文字体/其他
  📂 造字工房尚雅准宋常规体 → 中文字体/衬线体
  📂 3500款字体包(建议使用) - 中文字体包 - 中文字体 安装包2 - 造字工房尚雅常规体 → 中文字体/其他
  📂 无衬线黑体 → 中文字体/正文字
  📂 3500款字体包(建议使用) - 中文字体包 - 中文字体 安装包2 - 中國龍圓新書 → 中文字体/其他
  📂 3500款字体包(建议使用) - 中文字体包 - 中文字体 安装包2 - 中國龍細隸書 → 中文字体/其他
  📂 造字工房尚黑细体 → 中文字体/正文字
  📂 3500款字体包(建议使用) - 中文字体包 - 中文字体 安装包2 - 造字工房尚黑纤细超长体 → 中文字体/正文字
  📂 3500款字体包(建议使用) - 中文字体包 - 中文字体 安装包2 - 中國龍毛隸書 → 中文字体/其他
  📂 3500款字体包(建议使用) - 中文字体包 - 中文字体 安装包2 - 造字工房尚黑纤细长体 → 中文字体/正文字
  📂 3500款字体包(建议使用) - 中文字体包 - 中文字体 安装包2 - 造字工房尚黑体细体 → 中文字体/正文字
  📂 3500款字体包(建议使用) - 中文字体包 - 中文字体 安装包2 - 造字工房情书常规体（繁） → 中文字体/手写体
  📂 3500款字体包(建议使用) - 中文字体包 - 中文字体 安装包2 - 造字工房尚黑特细越长体 → 中文字体/正文字
  📂 3500款字体包(建议使用) - 中文字体包 - 中文字体 安装包2 - 造字工房尚黑特细超长体 → 中文字体/正文字
  ✓ 完成: 成功 19, 失败 0
  📄 第 450 页: 20 个需要处理
  📂 "这是一款现代风格的宋体（衬线体）字体，名为“造字工房品宋常规体”。其核心特征在于精致的笔画细节与稳健的结构。中文笔画具有典型的宋体特征：横细竖粗，起笔收笔处带有清晰的装饰性笔锋（如横画起笔的小三角、收笔的顿笔），转折处棱角分明。整体字形方正挺拔，中宫收紧，笔画舒展，显得既严谨又灵动。在保留传统宋体文化底蕴与书卷气的同时，其设计语言偏向现代简洁，去除了部分繁复的装饰，使其在保持优雅、正式调性的同时，具备了良好的屏幕与印刷适应性。它非常适合用于需要体现文化质感、精致品味与经典美学的标题、正文、品牌标志及 → 中文字体/标题字
  📂 3500款字体包(建议使用) - 中文字体包 - 中文字体 安装包2 - 中國龍金石篆 → 中文字体/其他
  📂 3500款字体包(建议使用) - 中文字体包 - 中文字体 安装包2 - 造字工房妙妙常规体 → 中文字体/其他
  📂 现代宋体 → 中文字体/衬线体
  📂 清晰等宽现代黑体 → 中文字体/正文字
  📂 3500款字体包(建议使用) - 中文字体包 - 中文字体 安装包2 - 中國龍古印體 → 中文字体/其他
  📂 3500款字体包(建议使用) - 中文字体包 - 中文字体 安装包2 - 造字工房朗倩细体 → 中文字体/正文字
  📂 造字工房静黑常规体 → 中文字体/等线体
  📂 3500款字体包(建议使用) - 中文字体包 - 中文字体 安装包2 - 造字工房静黑细体 → 中文字体/标题字
  📂 3500款字体包(建议使用) - 中文字体包 - 中文字体 安装包2 - 造字工房刻宋粗体 → 中文字体/标题字
  📂 3500款字体包(建议使用) - 中文字体包 - 中文字体 安装包2 - 中国龙莹篆体 → 中文字体/其他
  📂 3500款字体包(建议使用) - 中文字体包 - 中文字体 安装包2 - 稚行书体 → 中文字体/手写体
  📂 平直黑体 → 中文字体/正文字
  ✓ 完成: 成功 13, 失败 3
  ✗ 第 451 页失败: fetch failed
  ✗ 第 452 页失败: fetch failed
  📄 第 453 页: 20 个需要处理
  📂 薛文轩钢笔楷体 → 中文字体/手写体
  📂 3500款字体包(建议使用) - 中文字体包 - 中文字体 安装包2 - 造字工房尚黑特细体 → 中文字体/装饰体
  📂 3500款字体包(建议使用) - 中文字体包 - 中文字体 安装包2 - 新蒂小丸子小学版 → 中文字体/手写体
  📂 3500款字体包(建议使用) - 中文字体包 - 中文字体 安装包2 - 新蒂文徵明體 → 中文字体/标题字
  📂 3500款字体包(建议使用) - 中文字体包 - 中文字体 安装包2 - 造字工房情书繁体 → 中文字体/其他
  📂 3500款字体包(建议使用) - 中文字体包 - 中文字体 安装包2 - 造字工房情书常规体 → 中文字体/手写体
  📂 3500款字体包(建议使用) - 中文字体包 - 中文字体 安装包2 - 新蒂文征明简繁 → 中文字体/衬线体
  📂 3500款字体包(建议使用) - 中文字体包 - 中文字体 安装包2 - 新蒂下午茶专业版 → 中文字体/其他
  📂 新蒂绿豆体 → 中文字体/手写体
  📂 造字工房朗宋 → 中文字体/衬线体
  📂 3500款字体包(建议使用) - 中文字体包 - 中文字体 安装包2 - 新蒂剪纸体 → 中文字体/装饰体
  📂 3500款字体包(建议使用) - 中文字体包 - 中文字体 安装包2 - 造字工房凌黑常规体 → 中文字体/其他
  📂 3500款字体包(建议使用) - 中文字体包 - 中文字体 安装包2 - 造字工房朗倩粗体 → 中文字体/标题字
  📂 造字工房刻宋体 → 中文字体/衬线体
  📂 3500款字体包(建议使用) - 中文字体包 - 中文字体 安装包2 - 造字工房俊雅常规体 → 中文字体/其他
  📂 3500款字体包(建议使用) - 中文字体包 - 中文字体 安装包2 - 新蒂黑板报底字 → 中文字体/其他
  ✓ 完成: 成功 16, 失败 0
  📄 第 454 页: 20 个需要处理
  📂 3500款字体包(建议使用) - 中文字体包 - 中文字体 安装包2 - 小塚明朝旧字形 → 中文字体/衬线体
  📂 3500款字体包(建议使用) - 中文字体包 - 中文字体 安装包2 - 造字工房劲黑常规体 → 中文字体/其他
  📂 3500款字体包(建议使用) - 中文字体包 - 中文字体 安装包2 - 造字工房黄金时代粗体 → 中文字体/标题字
  📂 3500款字体包(建议使用) - 中文字体包 - 中文字体 安装包2 - 造字工房佳黑常规体 → 中文字体/正文字
  📂 造字工房兰黑纤细体 → 中文字体/等线体
  📂 等线黑体 → 中文字体/正文字
  📂 3500款字体包(建议使用) - 中文字体包 - 中文字体 安装包2 - 造字工房典黑特细体 → 中文字体/正文字
  📂 夏生毛笔字 → 中文字体/其他
  📂 3500款字体包(建议使用) - 中文字体包 - 中文字体 安装包2 - 造字工房典黑超细体 → 中文字体/正文字
  📂 3500款字体包(建议使用) - 中文字体包 - 中文字体 安装包2 - 造字工房典黑常规体 → 中文字体/其他
  📂 文泉驿正黑 → 中文字体/等线体
  📂 "“怨霊onryou”（怨灵）是一款极具视觉冲击力和恐怖氛围的哥特式装饰字体。其最显著的特征是笔画边缘呈现出剧烈的、不规则的“腐蚀”与“毛刺”效果，仿佛文字被暴力划伤、撕裂或历经风霜侵蚀，充满了断裂感与尖锐的锐角。整体笔画纤细但视觉上显得凌乱而破碎，营造出一种 → 中文字体/正文字
  📂 3500款字体包(建议使用) - 中文字体包 - 中文字体 安装包2 - 再见旧时光 → 中文字体/其他
  📂 3500款字体包(建议使用) - 中文字体包 - 中文字体 安装包2 - 文泉驿等宽正黑 → 中文字体/其他
  📂 文尔广告中宋 → 中文字体/衬线体
