
🚀 字体库自动分类到文件夹（多层级）
   起始页: 1, 并发: 2

📁 初始化文件夹缓存...
   已缓存 14 个文件夹
   总字体: 18213, 总页数: 911

  📄 第 1 页: 20 个需要处理
  📁 创建: 中文字体
  📁 创建: 中文字体
  📁 创建: 中文字体/正文字
  📁 创建: 中文字体/标题字
  📂 SimKai 楷体 → 中文字体/正文字
  📂 思源黑体 CN Bold → 中文字体/标题字
  📂 Segoe UI Semibold Italic (英文)，中文部分为系统默认等线黑体 → 中文字体/标题字
  📁 创建: 中文字体/衬线体
  📂 SimFang 仿宋体 → 中文字体/衬线体
  📂 Segoe UI Historic → 中文字体/正文字
  📂 Segoe UI Light Italic → 中文字体/正文字
  📂 Segoe UI Bold Italic → 中文字体/标题字
  📂 未知（英文：Segoe UI Black，中文回退字体） → 中文字体/标题字
  📂 Segoe UI Black Italic（Segoe UI 黑体斜体） → 中文字体/标题字
  📂 Segoe UI Italic → 中文字体/正文字
  📂 Segoe UI Light → 中文字体/正文字
  📂 Segoe UI Bold & 中文等线体预览 → 中文字体/标题字
  📂 Segoe UI Regular → 中文字体/正文字
  📂 Segoe UI Semilight → 中文字体/正文字
  📂 Segoe Script → 中文字体/正文字
  📁 创建: 中文字体/装饰体
  📂 RTWS YueGo Trial UltraLight Condensed → 中文字体/装饰体
  📂 RTWS Yue Go Trial Light → 中文字体/标题字
  📂 Segoe MDL2 Assets → 中文字体/正文字
  📂 Segoe Print Bold → 中文字体/正文字
  📂 RTWSueGothic-Trial-UltraLight → 中文字体/标题字
  ✓ 第 1 页: 成功 20, 跳过 0, 失败 0 (28.6s)
  📄 第 2 页: 20 个需要处理
  📂 Rosewood Std Regular → 中文字体/标题字
  📂 "Roboto-Medium,无衬线体,中等字重,现代字体,几何字体,极简风格,理性设计,均匀笔画,清晰易读,标题字体,正文排版 → 中文字体/标题字
  📂 悦圆（RTW Yue）- 极细体 → 中文字体/正文字
  📂 RTWSYueGoTrial-Regular → 中文字体/正文字
  📂 Roboto Condensed Italic → 中文字体/正文字
  📂 "Roboto, Google, 无衬线体, 正文字, 等线体, 开源字体, Material Design, 现代, 中性, 高可读性, 屏幕显示, UI设计, 均匀笔画, 圆角, 几 → 中文字体/正文字
  📂 锐字优格细窄体 → 中文字体/标题字
  📂 Roboto Thin → 中文字体/标题字
  📂 Roboto Italic → 中文字体/标题字
  📁 创建: 中文字体/无衬线体
  📂 "这是一款基于现代几何设计理念的粗体无衬线字体，整体风格硬朗、清晰且极具视觉冲击力。其笔画粗细均匀，无明显变化，所有转折处均处理为干净利落的直角，赋予字体强烈的几何感与科技感。英文字形比例方正，x字高非常大，这使得小写字母的内部空间（字怀）极为开放，从而保证了即便在笔画较粗的情况下也具有极高的清晰度和字面率。字重为粗体，重心稳定居中，结构稳固扎实。设计风格融合了现代主义与极简主义，情感调性严肃、专业、可靠且不失力量感。这款字体非常适合用作科技产品的界面标题、重要按钮、品牌Logo、海报主标题、广告标语以及各类需要传达现代感、力量感和专业性的设计场景，是互联网、科技、 → 中文字体/无衬线体
  📂 Roboto-BoldCondensedItalic → 中文字体/标题字
  📂 Prestige Elite Bold → 中文字体/衬线体
  📂 tmp - zyh1102-fonts-retry - Roboto-LightItalic → 中文字体/无衬线体
  📂 Phags-pa Bold → 中文字体/无衬线体
  📂 "这是一款古典优雅的人文主义衬线字体，其粗斜体版本（Bold Italic）展现出强烈的视觉冲击力与精致的书写动感。字体笔画粗细对比显著，横 → 中文字体/衬线体
  📂 OratorStd-Slanted → 中文字体/衬线体
  📂 Noto Sans PhagsPa → 中文字体/正文字
  📂 Roboto Bold Italic（与思源黑体混排） → 中文字体/标题字
  📂 Roboto Black Italic → 中文字体/标题字
  📂 等宽技术黑体 → 中文字体/正文字
  ✓ 第 2 页: 成功 20, 跳过 0, 失败 0 (57.1s)
  📄 第 3 页: 20 个需要处理
  📂 Neue Tailu → 中文字体/正文字
  📂 tmp - zyh1102-fonts-retry - NuevaStd-Italic → 中文字体/衬线体
  📂 Palatino Bold → 中文字体/衬线体
  📂 Nueva Std Condensed Italic → 中文字体/衬线体
  📂 NuevaStd-BoldCondItalic → 中文字体/衬线体
  📂 OratorStd → 中文字体/无衬线体
  📂 Nirmala Bold → 中文字体/标题字
  📂 Nueva Std Bold Condensed → 中文字体/标题字
  📂 Myriad Pro Semibold → 中文字体/正文字
  📂 Geometric Sharp Sans → 中文字体/标题字
  📂 Nirmala → 中文字体/正文字
  📂 MyriadHebrew Regular → 中文字体/正文字
  📂 Myriad Pro Condensed → 中文字体/正文字
  📂 Myriad Pro Condensed Italic 与黑体混排预览 → 中文字体/正文字
  📂 字体模板 → 中文字体/标题字
  📂 思源黑体 Regular → 中文字体/正文字
  📂 Myriad Hebrew Bold → 中文字体/标题字
  📂 Myriad Pro Regular → 中文字体/正文字
  📂 Myriad Arabic Bold It → 中文字体/标题字
  📂 Myriad Pro Bold Condensed Italic → 中文字体/标题字
  ✓ 第 3 页: 成功 20, 跳过 0, 失败 0 (83.8s)
  📄 第 4 页: 20 个需要处理
  📂 几何无衬线体 → 中文字体/正文字
  📂 Myriad Hebrew Italic → 中文字体/衬线体
  📂 Myriad Arabic Bold → 中文字体/标题字
  📂 Noto Sans Math SC → 中文字体/正文字
  📂 "这是一款几何感强烈的现代无衬线字体，兼具黑体的清晰与几何体的纯粹。其结构特征表现为笔画粗细绝对均匀，无任何粗细变化，线条硬朗挺拔。字母字形比例协调，拥有较高的x字高，使得小写字母在阅读时同样清晰。大写字母和数字的构造极为规整，呈现出强烈的秩序感和数学美感。字形整体重心稳定、居中，字内空间（字怀）开放，确保了极高的辨识度。风格上，它理性、冷静、略带技术感和工业感，没有多余装饰，以极简和功能主义为导向。该字体在屏幕显示环境下表现卓越，清晰度极高，非常适合用作UI界面元素、网页正文、技术文档的标题与正文，在科技、数据可视化、信息类应用等追求现代感和高可读性的场景中表现出色。作为一款设计严谨的几何风格字体，它既能 → 中文字体/正文字
  📁 创建: 韩文字体
  📁 创建: 韩文字体/标题字
  📂 KozGoPr6N-Heavy → 韩文字体/标题字
  📁 创建: 韩文字体/正文字
  📂 KozGo Pr6N → 韩文字体/正文字
  📂 "这是一款视觉冲击力极强的现代无衬线黑体字体。其最显著的特征是极端的笔画粗细和饱满的字形结构，横笔画厚重，竖笔画则更为粗壮，形成了强烈的视觉张力。字形比例接近正方形，字面率极高，笔画几乎撑满整个字形空间，给人以紧凑、膨胀的力量感。所有笔画的转角处理都极为锐利、方正，收笔处平整，没有任何圆滑过渡，整体呈现出几何化、硬朗的视觉特征。该字体情感调性严肃、硬朗，充满力量感和现代科技感，适合用于需要营造强大气场和远距离识别度的场景。它是典型的标题字体，非常适合用作海报主标题、品牌Logo、游戏UI、运动品牌宣传、电商大促广告、户外广告牌等需要强力 → 中文字体/标题字
  📂 KozGoPro-Medium → 韩文字体/正文字
  📁 创建: 中文字体/手写体
  📂 瀚云怡宁手写体 → 中文字体/手写体
  📁 创建: 日文字体
  📁 创建: 日文字体/衬线体
  📂 汉仪中宋 → 中文字体/标题字
  📂 锐锋衬线体 → 日文字体/衬线体
  📂 Segoe SC 手写体 → 中文字体/手写体
  📂 "这是一款模拟日常书写效果的手写无衬线字体，其核心特征在于精准捕捉了使用细纤维笔或圆珠笔在纸上书写时的随性质感。字体结构上，笔画粗细变化自然，尤其在弧线与转折处表现明显，字母的起笔与收笔处常带有轻微的笔触拖尾或回锋，呈现出非刻意的手绘感。字形偏高挑 → 中文字体/手写体
  📂 RTWS YueGo Trial UltraLight → 中文字体/标题字
  📂 RTWSYueGothicTrial-ExLightCom → 中文字体/正文字
  📂 RTWSYueGoTrial-LightCond → 中文字体/标题字
  📂 Roboto Thin Italic → 中文字体/标题字
  📂 tmp - zyh1102-fonts-tmp - fonts-master - Roboto-MediumItalic → 中文字体/正文字
  📂 Roboto Light → 中文字体/正文字
  ✓ 第 4 页: 成功 20, 跳过 0, 失败 0 (111.9s)
  📄 第 5 页: 20 个需要处理
  📂 Roboto-BoldCondensed (与中文字体配对) → 中文字体/正文字
  📂 Roboto Condensed → 中文字体/正文字
  📂 Roboto Black → 中文字体/标题字
  📂 PoplarStd → 中文字体/标题字
  📂 Palatino Linotype → 中文字体/衬线体
  📁 创建: 中文字体/其他
  📂 雅宋 → 中文字体/其他
  📂 Nueva Std Condensed → 中文字体/衬线体
  📂 "这是一款专为光学字符识别（OCR）技术设计的等宽无衬线字体，具有极强的复古未来主义与工业技术美感。其结构特征极为鲜明：笔画粗细完全均匀，没有任何装饰性的粗细变化；字形由直线和几何曲线（ → 中文字体/无衬线体
  📂 Nirmala S → 中文字体/正文字
  📂 "这是一款具有优雅衬线装饰的粗体衬线字体。其结构特征鲜明：笔画具有明显的粗细对比，但整体保持粗壮的字重；起笔收笔及所有笔画末端均带有精致的、略带卷曲的衬线装饰，这些衬线与笔画主体过渡自然；转角处既有锐利的几何处理（如M的顶端），也有柔和的弧线过渡（如C的开口）。字形比例宽厚方正，x字高适中，字怀空间开放，整体重心稳定居中。从风格上看，它完美融合了古典衬线字体的优雅与粗体字的力量感，情感调性权威、稳重又不失精致，兼具传统印刷的典雅与现代设计的清晰度。其视觉特征在于衬线细节的雕琢感和笔画的力量感相结合，营造出一种高端、专业的气质。因此，它非常适合用于需要同时体现 → 中文字体/标题字
  📂 "这是一款基于Adobe Myriad Pro系列的特定字重与样式——Semibold Italic（中粗斜体）的现代无衬线字体。其结构上，字重中粗，线条饱满有力，笔画粗细变化微妙但清晰，尤其在斜体状态下，字母的整体倾斜与笔画末端的利落处理赋予了字体强烈的动态感与方向性。字母x字高适中，比例均衡，确保了良好的辨识度。风格上，它延续了Myriad系列经典的人文主义无衬线 → 中文字体/正文字
  📂 MYRIAD PRO BOLD ITALIC → 中文字体/标题字
  📂 字体模板 → 中文字体/标题字
  📂 Myriad Pro Italic → 中文字体/正文字
  📂 字体模板 → 中文字体/标题字
  📂 Source Han Sans Italic → 中文字体/正文字
  📂 Monbaiti（蒙纳比体） → 中文字体/正文字
  📂 mvboli-手写体 → 中文字体/手写体
  📂 Minion Pro Semibold Italic → 中文字体/衬线体
  📂 tmp - zyh1102-fonts-tmp - fonts-master - MinionPro-BoldIt → 中文字体/衬线体
  ✓ 第 5 页: 成功 20, 跳过 0, 失败 0 (139.0s)
  📄 第 6 页: 20 个需要处理
  📂 Minion Pro Medium Italic → 中文字体/衬线体
  📂 Minion Pro Bold → 中文字体/正文字
  📂 Malgun Gothic (맑은 고딕) → 中文字体/正文字
  📂 MesquiteStd → 中文字体/标题字
  📂 斜体无衬线黑体混排 → 中文字体/正文字
  📂 艺宋行书 → 中文字体/装饰体
  📂 Verdana → 中文字体/正文字
  📂 "衬线体, 斜体, 粗斜体, 高对比度, 现代古典, 动态, 硬朗, 优雅, 高端, 标题字体, 海报标题, → 中文字体/标题字
  📂 Trebuchet BD → 中文字体/正文字
  📁 创建: 日文字体/标题字
  📂 Trajan Pro Bold → 日文字体/标题字
  📂 Webdings → 中文字体/装饰体
  📂 Letter Gothic Std → 中文字体/衬线体
  📂 tmp - zyh1102-fonts-tmp - fonts-master - LithosPro-Regular → 中文字体/标题字
  📂 LetterGothic Bold → 中文字体/无衬线体
  📂 Trebuchet MS Bold Italic → 中文字体/标题字
  📂 tmp - zyh1102-fonts-tmp - fonts-master - LeelaUIb → 中文字体/标题字
  📂 Times New Roman Bold → 中文字体/其他
  📂 Verdana Bold → 中文字体/正文字
  📂 Tekton Pro Bold Extended → 中文字体/标题字
  📂 Tahoma → 中文字体/衬线体
  ✓ 第 6 页: 成功 20, 跳过 0, 失败 0 (167.6s)
  📄 第 7 页: 20 个需要处理
  📂 KozMinPro-Medium → 韩文字体/正文字
  📂 tmp - zyh1102-fonts-tmp - fonts-master - TrajanPro-Regular → 日文字体/衬线体
  📂 Times New Roman Italic → 中文字体/正文字
  📂 极粗几何黑体 → 中文字体/标题字
  📂 Tekton Pro Bold → 中文字体/无衬线体
  📂 Tekton Pro Bold Oblique → 中文字体/标题字
  📁 创建: 韩文字体/衬线体
  📂 StencilStd → 中文字体/装饰体
  📂 KozMinPro-ExtraLight → 韩文字体/衬线体
  📂 思源黑体 Medium → 中文字体/正文字
  📂 Tahoma Bold → 中文字体/正文字
  📂 Sylfaen → 中文字体/衬线体
  📂 思源黑体 Medium → 韩文字体/正文字
  📂 Source Han Sans CN Normal → 中文字体/正文字
  📂 tmp - zyh1102-fonts-tmp - fonts-master - KozMinPr6N-ExtraLight → 韩文字体/正文字
  📂 思源黑体 ExtraLight → 中文字体/正文字
  📂 思源黑体 Regular → 中文字体/正文字
  📂 Minion Pro → 中文字体/正文字
  📂 Minion Pro Semibold → 中文字体/衬线体
  📂 汉仪星宇体 → 中文字体/标题字
  📂 "Minion Pro Italic是一款源自Adobe经典字体家族的西文衬线体意大利斜体。其笔画呈现出优雅而富有表现力的粗细对比，斜体动势流畅自然，字母间的连接富有节奏与韵律感。字体结构严谨，衬线处理精致锐利，末端常带有优雅的弧度收束。x字高适中，字面率良好，确保了在正文排版中的出色可读性。整体设计融合了古典人文主义衬线体的典雅气质与现代字体的清晰度，情感调性偏向正式、优雅、专业与可靠。特别值得注意的是，预览图中展示了与中文宋体风格的搭配，显示出 → 中文字体/衬线体
  ✓ 第 7 页: 成功 20, 跳过 0, 失败 0 (208.7s)
  📄 第 8 页: 20 个需要处理
  📂 micross → 中文字体/无衬线体
  📂 Minion Pro Medium → 中文字体/正文字
  📂 Minion Pro Bold Italic → 中文字体/标题字
  📂 MFShangHei-LightCom → 中文字体/正文字
  📂 Minion Pro Bold (中文版) → 中文字体/衬线体
  📂 方正圆角黑 → 中文字体/正文字
  📂 Malgun Gothic Light → 中文字体/正文字
  📂 Malgun Gothic Bold → 中文字体/正文字
  📂 Lucon → 中文字体/衬线体
  📁 创建: 中文字体/等线体
  📂 HYTieXianHei → 中文字体/等线体
  📂 HYTangTangCuTi → 中文字体/标题字
  📂 现代几何无衬线体 → 中文字体/正文字
  📂 Lithos Pro Black → 中文字体/标题字
  📂 Leel UI Light → 中文字体/标题字
  📂 LetterGothic Slanted → 中文字体/衬线体
  📂 Lisans → 中文字体/标题字
  📂 圆润现代体 → 中文字体/正文字
  📂 丽黑 → 中文字体/正文字
  📂 小米兰亭黑 Bold → 中文字体/标题字
  📂 宋黑几何体 → 中文字体/装饰体
  ✓ 第 8 页: 成功 20, 跳过 0, 失败 0 (236.9s)
  📄 第 9 页: 20 个需要处理
  📂 LetterGothicStd-BoldSlanted → 中文字体/无衬线体
  📂 LeelawUI → 中文字体/正文字
  📂 KozMinPro-Light → 韩文字体/正文字
  📂 "KozMinPro-Regular 是一款现代感强烈的CJK衬线字体，兼具典雅与功能性。其英文字形展现出经典的发丝衬线（hairline serifs），笔画具有明显的粗细对比，起笔收笔处的衬线处理锐利而清晰，转角利落，带有几何美感。中文部分笔画结构工整，横平竖直，点、撇、捺的笔锋处理干净有力，与英文风格高度统一。整体字重适中，字形比例标准，x字高适中，重心居中，字内空间开放，确保了极佳的可读性。情感调性上，它融合了现代设计的严谨与古典排版的优雅，既显得正式严肃 → 韩文字体/衬线体
  📂 KozMinPro-Bold → 韩文字体/标题字
  📂 Kozumin Pro Heavy → 韩文字体/标题字
  📂 小塚明朝 (Kozuka Mincho) → 韩文字体/正文字
  📂 Kozumin Pro 6N Light → 韩文字体/正文字
  📂 思源黑体 Light → 中文字体/正文字
  📂 KozMinPr6N-Bold → 韩文字体/衬线体
  📂 Koz Gothic Pro ExtraLight → 韩文字体/标题字
  📂 KozMinPr6N-Heavy → 韩文字体/标题字
  📂 Koz Gothic Pro → 韩文字体/正文字
  📂 Koz Gothic Pro N Medium → 韩文字体/正文字
  📂 Koz Gothic Pro Bold → 韩文字体/标题字
  📁 创建: 韩文字体/无衬线体
  📂 Kozumi Gothic Pro6N ExtraLight → 韩文字体/无衬线体
  📂 KozGoPr6N-Light → 韩文字体/标题字
  📂 字体模板 → 中文字体/手写体
  📂 Handwrite Ink → 中文字体/手写体
  📂 "“鸿元中坚黑体”是一款现代感极强、结构严谨的无衬线正文字体。其核心特征在于笔画粗细高度均匀，呈现出清晰的几何感和秩序美。字形方正舒展，字面率较高，重心平稳居中。起笔与收笔干净利落，转角处处理得尤为精妙，带有极其微妙的圆润感 → 中文字体/正文字
  ✓ 第 9 页: 成功 20, 跳过 0, 失败 0 (273.7s)
  📄 第 10 页: 20 个需要处理
  📂 KozGoPr6N-Bold → 韩文字体/标题字
  📂 HYQingTing → 中文字体/无衬线体
  📂 HYQiHei-65S → 中文字体/正文字
  📁 创建: 中文字体/圆体
  📂 心圆体 → 中文字体/圆体
  📂 汉仪细黑（HYXiJianHeiJ） → 中文字体/正文字
  📂 HYYuanLongHei-35J Thin → 中文字体/标题字
  📂 Impact → 中文字体/标题字
  📂 稚拙手写体 → 中文字体/手写体
  📂 汉仪圆趣体 → 中文字体/装饰体
  📂 华文宋体 → 中文字体/衬线体
  📂 汉仪小麦体J → 中文字体/手写体
  📂 汉仪舒圆黑J → 中文字体/标题字
  📂 HYTieXianHei-85J → 中文字体/标题字
  📂 思源黑体 Regular → 中文字体/正文字
  📂 自由手写体 → 中文字体/手写体
  📂 HYTangTangTJJ → 中文字体/标题字
  📂 汉仪全唐诗体 → 中文字体/衬线体
  📂 HYS-Hand-Write → 中文字体/手写体
  📂 汉仪旗黑-45S (仿) → 中文字体/标题字
  📂 华文圆体 → 中文字体/正文字
  ✓ 第 10 页: 成功 20, 跳过 0, 失败 0 (303.4s)
  📄 第 11 页: 20 个需要处理
  📂 字体模板 → 中文字体/其他
  📁 创建: 韩文字体/装饰体
  📂 汉仪清空体J → 韩文字体/装饰体
  📂 HYQiHei 55S → 中文字体/正文字
  📂 "这是一款银丝般纤细均匀的无衬线字体。其最核心的视觉特征是所有笔画——无论横、竖、撇、捺——均保持着极度一致且极细的粗细，宛如银丝编织。起笔与收笔极为干净利落，转角处理为直接的几何直角，没有任何多余的装饰或圆润化处理。字形比例修长，中文字形偏长、结构疏朗，英文字母则具有较高的X字高和几何化的结构，整体字面率适中，营造出充裕的字 → 中文字体/标题字
  📂 汉仪70黑体 → 中文字体/标题字
  📂 汉仪旗黑40细 → 中文字体/衬线体
  📂 汉仪旗黑50S → 中文字体/正文字
  📂 汉仪旗黑25J → 中文字体/等线体
  📂 汉仪旗黑105J → 中文字体/标题字
  📂 方块衬线几何体 → 中文字体/标题字
  📂 手写圆体 → 中文字体/无衬线体
  📂 Hyq1gjm 断裂无衬线体 → 中文字体/装饰体
  📂 HYQiHei-Light → 中文字体/标题字
  📂 中英文协调无衬线体 → 中文字体/衬线体
  📂 HYPingAnXingJ-手写体 → 中文字体/手写体
  📂 几何无衬线清晰体 → 中文字体/正文字
  📂 Q斜尾无衬线体 → 中文字体/衬线体
  📂 雅宋 → 中文字体/标题字
  📂 切角黑体 → 中文字体/标题字
  📂 tmp - zyh1102-fonts-tmp - fonts-master - HelveticaNeueLTPro-XBlkCn → 中文字体/标题字
  ✓ 第 11 页: 成功 20, 跳过 0, 失败 0 (330.7s)
  📄 第 12 页: 20 个需要处理
  📂 Helvetica Neue LT Pro – Ultra Light → 中文字体/标题字
  📂 Helvetica Neue LT Pro XBlack Condensed Oblique → 中文字体/标题字
  📂 tmp - zyh1102-fonts-tmp - fonts-master - HelveticaNeueLTPro-UltLt → 中文字体/标题字
  📂 tmp - zyh1102-fonts-tmp - fonts-master - HelveticaNeueLTPro-UltLtExO → 中文字体/标题字
  📂 Helvetica Neue LT Pro Thin → 中文字体/标题字
  📂 Helvetica Neue LT Pro 45 Light Oblique → 中文字体/衬线体
  📂 tmp - zyh1102-fonts-tmp - fonts-master - HelveticaNeueLTPro-UltLtCn → 中文字体/标题字
  📂 Helvetica Neue LT Pro - Thin Extended → 中文字体/标题字
  📂 锐意手书体 → 中文字体/手写体
  📂 Helvetica Neue LT Pro Thin Condensed → 中文字体/标题字
  📂 tmp - zyh1102-fonts-tmp - fonts-master - HelveticaNeueLTPro-MdCn → 中文字体/正文字
  📂 Helvetica Neue LT Pro Md → 中文字体/正文字
  📂 Helvetica Neue Medium Extended Oblique → 中文字体/正文字
  📂 Helvetica Neue LT Pro Light Extended Oblique → 中文字体/标题字
  📂 Helvetica Neue LT Pro Light Condensed → 中文字体/正文字
  📂 HelveticaNeueLTPro-MdCnO → 中文字体/标题字
  📂 Helvetica Neue Thin Italic (字体预览变体) → 中文字体/无衬线体
  📂 tmp - zyh1102-fonts-tmp - fonts-master - HelveticaNeueLTPro-HvIt → 中文字体/标题字
  📂 Helvetica Neue LT Pro Light → 中文字体/正文字
  📂 Helvetica Neue LT Pro 75 Black Italic → 中文字体/标题字
  ✓ 第 12 页: 成功 20, 跳过 0, 失败 0 (357.4s)
  📄 第 13 页: 20 个需要处理
  📂 Helvetica Neue LT Pro Italic → 中文字体/正文字
  📂 Helvetica Neue LT Pro 45 Light → 中文字体/正文字
  📂 Helvetica Neue LT Pro - Heavy Extended → 中文字体/标题字
  📂 Helvetica Neue LT Pro 65 Medium Oblique → 中文字体/标题字
  📂 Helvetica Neue Light Condensed Oblique → 中文字体/正文字
  📂 tmp - zyh1102-fonts-tmp - fonts-master - HelveticaNeueLTPro-BlkExO → 中文字体/标题字
  📂 Helvetica Neue LT Pro 65 Heavy → 中文字体/标题字
  📂 Helvetica Neue LT Pro Black Extended → 中文字体/标题字
  📂 tmp - zyh1102-fonts-tmp - fonts-master - HelveticaNeueLTPro-ThIt → 中文字体/正文字
  📂 tmp - zyh1102-fonts-tmp - fonts-master - HelveticaNeueLTPro-UltLtIt → 中文字体/衬线体
  📂 Helvetica Neue LT Pro - Black → 中文字体/标题字
  📂 Helvetica Neue Light Compressed Oblique → 中文字体/标题字
  📂 Helvetica Neue LT Pro Bold Condensed → 中文字体/标题字
  📂 Helvetica Neue LT Pro Black Condensed (HNLTP BlkCn) → 中文字体/标题字
  📂 Helvetica Neue LT Pro 55 Th Cn Oblique → 中文字体/标题字
  📂 Helvetica Neue Light → 中文字体/正文字
  📂 tmp - zyh1102-fonts-tmp - fonts-master - HelveticaNeueLTPro-BdIt → 中文字体/其他
  📂 Helvetica Neue LT Pro Roman → 中文字体/正文字
  📂 tmp - zyh1102-fonts-tmp - fonts-master - HelveticaNeueLTPro-BdExO → 中文字体/正文字
  📂 Helvetica Neue Extended Black Condensed → 中文字体/标题字
  ✓ 第 13 页: 成功 20, 跳过 0, 失败 0 (387.7s)
  📄 第 14 页: 20 个需要处理
  📂 字体模板 → 中文字体/正文字
  📂 "这是一款极其经典的现代主义无衬线字体，是Helvetica家族中的中等字重（Medium）版本。其设计源自瑞士国际主义风格，追求极致的理性、中性与功能主义美学。笔画粗细高度均匀一致，起笔与收笔处理得干净利落，转角处呈现微妙的圆润过渡，完全摒弃了任何装饰性元素，呈现出一种冷静而精准的数学美感。字形比例均衡，x字高适中，字怀空间开放，使其在任何尺寸下都具有卓越的清晰度与 → 中文字体/正文字
  📂 Helvetica Neue Bold Condensed → 中文字体/标题字
  📂 Helvetica Neue LT Pro Bold Condensed Oblique → 中文字体/标题字
  📂 tmp - zyh1102-fonts-tmp - fonts-master - helveticaneue-lightitalic → 中文字体/正文字
  📂 tmp - zyh1102-fonts-tmp - fonts-master - HelveticaNeueLTPro-MdEx → 中文字体/标题字
  📂 Helvetica Neue LT Pro 130 Light → 中文字体/正文字
  📂 Helvetica Neue Heavy → 中文字体/标题字
  📂 黑体-半粗体 → 中文字体/正文字
  📂 Helvetica Neue LT Pro Heavy Extended → 中文字体/标题字
  📂 Helvetica Neue Bold Extended → 中文字体/标题字
  📂 Helvetica Neue Black Italic → 中文字体/标题字
  📂 Helvetica Neue LT Pro Heavy Condensed → 中文字体/标题字
  📂 Helvetica Neue Black Extended → 中文字体/标题字
  📂 GiddyupStd → 中文字体/装饰体
  📂 Helvetica Neue LT Pro ExtraLight → 中文字体/衬线体
  📂 Giacomo Black → 中文字体/标题字
  📂 Helvetica Neue Black Condensed → 中文字体/标题字
  📂 Gadugi → 中文字体/无衬线体
  📂 方正清宋 → 中文字体/衬线体
  ✓ 第 14 页: 成功 20, 跳过 0, 失败 0 (414.8s)
  📄 第 15 页: 20 个需要处理
  📂 Georgia Bold → 中文字体/衬线体
  📂 Helvetica Neue LT Pro 55 Roman → 中文字体/标题字
  📂 Georgia Italic → 中文字体/衬线体
  📂 HelveticaNeueLTPro-BlkIt → 中文字体/标题字
  📂 Gadugi Bold → 中文字体/标题字
  📂 "这是一款极具冲击力和现代感的压缩斜体无衬线字体，属于Helvetica家族的高辨识度专业变体。其核心结构特征表现为极粗（Black）且高度均匀的笔画，没有任何粗细变化，起笔收笔平直利落，转角处理干净锐利，呈现出坚实的几何感。字母宽度被大幅压缩，形成非常紧凑、修长的字形比例，x字高较高，使得字母在狭窄空间内显得饱满。整体字重极粗，重心居中稳定，但由于笔画极粗且字形狭窄，字内空间（字怀）非常封闭，例如字母“O”、“e”的内腔几乎被挤压。该字体的设计风格现代、硬朗、严肃，约12度的右倾斜体设计赋予了它强烈的速度感、动态感和前进的态势。这款字体最适合用于需要瞬间抓住眼球、传递力量与速度感的场景，如科技产品发布会主视觉、运动品牌Logo、汽车广告、时尚杂志大标题、电竞游戏界面、电商大促主标题或各类需要展现硬核力量与现代动感的标题设计。它与常规Helvetica或Arial相比，最大的区别在于其极端的压缩比和厚重的笔画，营造出无与伦比的视觉重量和紧凑 → 中文字体/标题字
  📂 "这是一款具有强烈现代几何感的无衬线字体。其核心结构特征为笔画粗细均匀，无衬线装饰，呈现出干净、利落的视觉效果。拉丁字母的几何特征非常显著：圆形字符（如'O', 'o'）近似于正圆，而带有尖角的字符（如'A', 'M', 'V'）顶角处理锐利，形成鲜明的对比。字形整体偏向窄体，结构紧凑，但拥有较高的x字高，这保证了在较小字号下也具有良好的可读性和开放感。转角处处理极为平滑，赋予字体一丝柔和与亲和力，平衡了纯粹几何感可能带来的冷硬。中文部分遵循了笔画均匀、结构方正的现代黑体（黑体）设计原则，与拉丁字母在气质和视觉权重上达成和谐统一。这种干净、专业、科技感强且不失友好的风格，使其非常适合用于科技产品界面（UI）、品牌标识（Logo）、数字媒体 → 中文字体/正文字
  📂 Helvetica Neue LT Pro Bold Extended → 中文字体/标题字
  📂 tmp - zyh1102-fonts-tmp - fonts-master - HelveticaNeueLTPro-Bd → 中文字体/标题字
  📂 FZZJ 清秀新致体 → 中文字体/衬线体
  📂 思源黑体-中等 → 中文字体/正文字
  📂 几何等线体 → 中文字体/正文字
  📂 方正锐宋体 → 中文字体/标题字
  📂 Helvetica Neue Heavy Italic → 中文字体/标题字
  📂 Helvetica Neue Bold Italic → 中文字体/标题字
  📂 Helvetica Neue Bold → 中文字体/无衬线体
  📂 方正黑体等宽 → 中文字体/正文字
  📂 Helvetica Neue Black → 中文字体/标题字
  📂 Hakuyo 星曙 → 中文字体/无衬线体
  📂 FZY4JW → 中文字体/标题字
  ✓ 第 15 页: 成功 20, 跳过 0, 失败 0 (441.5s)
  📄 第 16 页: 20 个需要处理
  📂 菱星 (LingXing Sans) → 中文字体/标题字
  📂 Georgiaz 中文扩展版 → 中文字体/正文字
  📂 几何等线无衬线中英文混排体 → 中文字体/无衬线体
  📂 Georgia → 中文字体/衬线体
  📂 Gabriola → 中文字体/装饰体
  📂 清韵黑体 → 中文字体/正文字
  📂 FZZHJW → 中文字体/无衬线体
  📂 精简几何无衬线 → 中文字体/无衬线体
  📂 FZYTK黑体 → 中文字体/正文字
  📂 FZWenQuanYi Zen Hei Light → 中文字体/正文字
  📂 FZYBXSJW → 中文字体/正文字
  📂 智圆体 → 中文字体/正文字
  📂 字体模板 → 中文字体/衬线体
  📂 FZSTJW（暂定名） → 中文字体/正文字
  📂 黑体与细等线混合体 → 中文字体/正文字
  📂 现代Didone标题体 → 中文字体/标题字
  📂 方正手迹-正文 → 中文字体/手写体
  📂 方正悠黑 → 中文字体/正文字
  📂 方正宋刻本秀楷 → 中文字体/正文字
  📂 FZLXTJW手写体 → 中文字体/手写体
  ✓ 第 16 页: 成功 20, 跳过 0, 失败 0 (468.4s)
  📄 第 17 页: 20 个需要处理
  📂 FZLTCHJW_0 → 中文字体/正文字
  📁 创建: 中文字体/像素体
  📂 字体模板 → 中文字体/像素体
  📂 字体模板 → 中文字体/标题字
  📂 方正新报宋 → 中文字体/衬线体
  📂 FZSZJW（方正手迹吴体） → 中文字体/装饰体
  📂 "这是一款将传统中文宋体与现代西文衬线体高度融合的开源字体。其最显著的结构特征是强烈的笔画粗细对比，横笔纤细，竖笔粗壮，笔画起笔与收笔处具有精致的装饰性顿角（衬线），赋予了字形明确的骨架与节奏感。中文字形方正，重心居中偏稳，字面率适中，中宫舒展，确保了 → 中文字体/衬线体
  📂 方正兰亭基础黑 → 中文字体/正文字
  📂 方正手迹体 → 中文字体/手写体
  📂 "这是一款充满活力、笔触圆润的卡通风格字体。从结构上看，它属于无衬线体，所有笔画——包括起笔、收笔和转角——都经过了非常显著且统一的圆角处理，形成了类似“胶囊”或“软糖”般的饱满视觉效果。字体笔画粗细高度均匀，没有明显的粗细对比，结构饱满，字形比例适中，字面率较高，确保了在小尺寸下的清晰度。整体重心居中，字内空间开阔，使得排列时显得轻松、透气，不拥挤。在风格上，它完美诠释了童趣与友好，情感调性极为活泼、亲切、可爱，视觉上软萌而富有弹性，彻底消除了锐利几何感，带来一种轻松愉悦 → 中文字体/衬线体
  📂 tmp - zyh1102-fonts-tmp - fonts-master - FZLTTHJW → 中文字体/其他
  📂 瑞物黑体 → 中文字体/正文字
  📂 方正黑体简体-粗 → 中文字体/正文字
  📂 方正兰亭粗黑简体 → 中文字体/标题字
  📂 方正至黑 → 中文字体/正文字
  📂 手写无衬线体 → 中文字体/手写体
  📂 基于思源宋体的优雅衬线体 → 中文字体/正文字
  📂 FZMHJW → 中文字体/标题字
  📂 悠然圆体 → 中文字体/装饰体
  📂 方正立特黑简体 → 中文字体/无衬线体
  📂 FZCQJW → 中文字体/标题字
  ✓ 第 17 页: 成功 20, 跳过 0, 失败 0 (496.8s)
  📄 第 18 页: 20 个需要处理
  📂 tmp - zyh1102-fonts-tmp - fonts-master - FZLSJW → 中文字体/其他
  📂 "这是一款视觉冲击力极强的现代装饰字体，其核心特征在于中文笔画所呈现的强烈刀刻感与英文几何断笔设计的结合。从结构上看，中英文 → 中文字体/装饰体
  📂 FZCCHJW粗体 → 中文字体/标题字
  📂 圆角黑体粗体 → 中文字体/标题字
  📂 悠然手写体 → 中文字体/标题字
  📂 FZBSJW → 中文字体/标题字
  📂 Geometric Sans Light → 中文字体/正文字
  📂 思源黑体 → 中文字体/正文字
  📂 锋锐极细体 → 中文字体/标题字
  📂 方正黑板报简 → 中文字体/标题字
  📂 "这是一款经典的几何无衬线体（Geometric Sans-serif）——Futura LT Condensed Light Oblique。其最核心的结构特征在于三者的独特组合：1) **压缩（Condensed）比例**：字形窄长，在有限的水平空间内能容纳更多文字，节省版面，形成独特的纵向拉伸感。2) **轻字重（Light）**：笔画纤细均匀，视觉重量极轻，赋予字体优雅、精致、轻盈的气质。3) **斜体（Oblique）**：字形向右倾斜约12度，为静态的几何结构注入了动感和前进感。字形结构严谨，基于圆形、三角形等几何图形构建，笔画起笔收笔均为 → 中文字体/标题字
  📂 tmp - zyh1102-fonts-tmp - fonts-master - Futura LT Condensed Medium → 中文字体/标题字
  📂 Futura LT Condensed Bold → 中文字体/标题字
  📂 Framdit → 中文字体/装饰体
  📂 Futura LT Book → 中文字体/正文字
  📂 方正兰亭圆体 → 中文字体/正文字
  📂 Ebrima Bold → 中文字体/标题字
  📂 方圆空心体 → 中文字体/装饰体
  📂 Didot → 中文字体/标题字
  📂 字体模板 → 中文字体/衬线体
  ✓ 第 18 页: 成功 20, 跳过 0, 失败 0 (523.8s)
  📄 第 19 页: 20 个需要处理
  📂 Didot HTF B64 Bold Italic → 中文字体/衬线体
  📂 字体模板 → 中文字体/正文字
  📂 DenglSans → 中文字体/正文字
  📂 方正大黑简体 → 中文字体/标题字
  📂 字体模板 → 中文字体/衬线体
  📂 Futura LT Medium → 中文字体/正文字
  📂 Courier Bold → 中文字体/衬线体
  📂 FZCHSJW粗衬线标题体 → 中文字体/标题字
  📂 笔刷手写体 → 中文字体/手写体
  📂 tmp - zyh1102-fonts-tmp - fonts-master - Futura LT Light Oblique → 中文字体/标题字
  📂 Corbelli（无衬线体版本） → 中文字体/正文字
  📂 方正标雅宋（FZBWKSJW） → 中文字体/衬线体
  📂 tmp - zyh1102-fonts-tmp - fonts-master - Futura LT Extra Bold → 中文字体/标题字
  📂 Futura LT Condensed Extra Bold → 中文字体/标题字
  📂 "这是一款由微软设计、专为现代数字排版优化的无衬线粗体字体（Corbel Bold）。其最显著的特征在于，笔画整体呈现等宽均匀的几何感，但在所有转角和末端都采用了微妙的圆润化处理，如同温润的触感，巧妙中和了纯粹的锐利，赋予字体一种内敛的科技感和人文温度。 → 中文字体/正文字
  📂 Futura Medium Oblique → 中文字体/正文字
  📂 tmp - zyh1102-fonts-tmp - fonts-master - Futura LT Condensed Medium Oblique → 中文字体/标题字
  📂 tmp - zyh1102-fonts-tmp - fonts-master - Futura LT Heavy → 中文字体/其他
  📂 Constantia → 中文字体/衬线体
  📂 Cooper Black Std Italic → 中文字体/标题字
  ✓ 第 19 页: 成功 20, 跳过 0, 失败 0 (551.3s)
  📄 第 20 页: 20 个需要处理
  📂 tmp - zyh1102-fonts-tmp - fonts-master - Futura LT Condensed Bold Oblique → 中文字体/标题字
  📂 tmp - zyh1102-fonts-tmp - fonts-master - Futura LT Bold → 中文字体/标题字
  📂 Futura LT Condensed Light → 中文字体/无衬线体
  📂 Futura LT Extra Bold Oblique → 中文字体/标题字
  📂 tmp - zyh1102-fonts-tmp - fonts-master - Futura LT Condensed Extra Bold Oblique → 中文字体/标题字
  📂 字体模板 → 中文字体/正文字
  📂 Comicz → 中文字体/正文字
  📂 Futura风格几何无衬线字体 → 中文字体/衬线体
  📂 Consolai → 中文字体/其他
  📂 Framd → 中文字体/衬线体
  📂 Futura LT Bold Oblique → 中文字体/衬线体
  ✓ 第 20 页: 成功 11, 跳过 0, 失败 9 (568.8s)

  ⏳ 进度: 已处理 391 个, 文件夹 NaN 个, 移动 NaN 个 (569.3s)

  ✗ 第 21 页失败: fetch failed
  ✗ 第 22 页失败: fetch failed
  ✗ 第 23 页失败: fetch failed
  ✗ 第 24 页失败: fetch failed
  ✗ 第 25 页失败: fetch failed
  📄 第 26 页: 20 个需要处理
  📂 旗黑等线体 → 中文字体/等线体
  📂 tmp - zyh1102-fonts-tmp - fonts-master - 迷你简菱心 → 中文字体/正文字
  📂 蒙纳超刚黑 → 中文字体/标题字
  📂 tmp - zyh1102-fonts-tmp - fonts-master - 苹方-简 细体 → 中文字体/正文字
  📂 tmp - zyh1102-fonts-tmp - fonts-master - 兰亭细黑 GBK → 中文字体/正文字
  📂 tmp - zyh1102-fonts-tmp - fonts-master - 金梅新毛笔楷书 → 中文字体/装饰体
  📂 兰亭特黑扁简 GBK → 中文字体/标题字
  📂 MiSans → 中文字体/正文字
  📂 优设正文黑 → 中文字体/正文字
  📂 华康俪金黑W8(P) → 中文字体/标题字
  📂 悠然体 → 中文字体/正文字
  📂 涂鸦装饰体 → 中文字体/装饰体
  📂 汉鼎简大黑 → 中文字体/正文字
  📂 "这是一款现代感十足的几何无衬线字体，整体风格简洁利落且富有视觉冲击力。从结构特征来看，该字体笔画呈现中等偏粗的字重，粗细变化相对平缓但并非完全等线，笔画起收笔处理平滑利落，转角处带有轻微的圆润化处理而非完全直角方正，字形比例适中饱满，x字高较高，字面率较大，整体字怀（字内空间）呈现开放状态，确保了良好的识别度 → 中文字体/标题字
  📂 tmp - zyh1102-fonts-tmp - fonts-master - 兰亭特黑长简 GBK → 中文字体/标题字
  📂 思源黑体 / Noto Sans CJK → 中文字体/正文字
  📂 方正正准黑简体 → 中文字体/正文字
  📂 tmp - zyh1102-fonts-tmp - fonts-master - 方正正大黑简体 → 中文字体/标题字
  📂 MiSans Mono → 中文字体/无衬线体
  📂 方正正中黑简体 → 中文字体/其他
  ✓ 第 26 页: 成功 20, 跳过 0, 失败 0 (614.0s)
  📄 第 27 页: 20 个需要处理
  📂 思源黑体 → 中文字体/正文字
  📂 方正正粗黑简体 → 中文字体/其他
  📂 方正像素24 → 中文字体/装饰体
  📂 菱心粗体 → 中文字体/标题字
  📂 字体模板 → 中文字体/正文字
  📂 tmp - zyh1102-fonts-tmp - fonts-master - 韩绍杰邯郸体 → 中文字体/标题字
  📂 方正兰亭黑 → 中文字体/无衬线体
  📂 tmp - zyh1102-fonts-tmp - fonts-master - 方正细谭黑简体 → 中文字体/标题字
  📂 清刻本悦宋 → 中文字体/衬线体
  📂 tmp - zyh1102-fonts-tmp - fonts-master - 方正品尚准黑 → 中文字体/正文字
  📂 方正正纤黑简体 → 中文字体/正文字
  📂 方正品尚细黑简体 → 中文字体/正文字
  📂 方正兰亭黑 → 中文字体/正文字
  📂 小米无衬线 → 中文字体/衬线体
  📂 方正品尚粗黑简体 → 中文字体/标题字
  📂 方正兰亭黑 → 中文字体/正文字
  📂 思源黑体/Source Han Sans → 中文字体/正文字
  📂 方正兰亭纤黑简体 → 中文字体/正文字
  📂 方正像素14 → 中文字体/等线体
  📂 方正兰亭细黑_GBK → 中文字体/正文字
  ✓ 第 27 页: 成功 20, 跳过 0, 失败 0 (640.7s)
  📄 第 28 页: 20 个需要处理
  📂 "这是一款充满力量感与视觉张力的现代无衬线简体中文字体。其核心结构特征是笔画极为粗壮、厚重，几乎达到极粗（Black）的字重级别，且所有笔画的视觉粗细高度一致，没有明显的传统粗细对比。字形方正宽体，字面率极高，字符内部空间（字怀）被粗壮的笔画挤压，但仍保持清晰的识别度，整体重心稳定居中。笔画的起笔、收笔及转角处理极其干净利落，转折处并非简单的圆角或直角，而是带有一种微妙的、紧绷的几何张力，呈现出锐利、硬朗且充满现代工业感的风格。这种设计赋予字体极强的存在感和前卫气质。因此， → 中文字体/标题字
  📂 "这是一款视觉冲击力极强的现代无衬线标题字体，其最核心的特征是“特黑”与“长”的结合：笔画极为粗壮厚重，尤其是竖画，而字形则被纵向拉伸，形成独特的高窄比例，而非常见的宽体设计。字体的所有转角、起笔和收笔均处理为干净利落的直角，没有任何圆润或衬线装饰，呈现出纯粹的几何感和冰冷的工业美学。由于笔画间负空间极度紧凑，字怀封闭，因此具有强烈的视觉压迫感和稳固感，但不适合小字号或长篇 → 中文字体/标题字
  📂 tmp - zyh1102-fonts-tmp - fonts-master - 方正品尚纤黑简体 → 中文字体/标题字
  📂 方正兰亭刊黑 → 中文字体/其他
  📂 思源黑体 Regular → 中文字体/正文字
  📂 tmp - zyh1102-fonts-tmp - fonts-master - 方正胖娃简体 → 中文字体/其他
  📂 未知字体（预览图与文件名不符） → 中文字体/正文字
  📂 方正兰亭黑 → 中文字体/正文字
  📂 tmp - zyh1102-fonts-tmp - fonts-master - 方正兰亭黑扁 → 中文字体/正文字
  📂 方正兰亭纤黑 → 中文字体/正文字
  📂 方正兰亭粗黑 → 中文字体/标题字
  📂 方正剪纸体 → 中文字体/标题字
  📂 方正黄草 → 中文字体/手写体
  📂 方正黑体 → 中文字体/正文字
  📂 方正兰亭特黑_GBK → 中文字体/标题字
  📂 方正大草简体（毛泽东书法字体） → 中文字体/手写体
  📂 Geometric Sans-Serif → 中文字体/正文字
  📂 方正兰亭黑长 → 中文字体/正文字
  📂 方正大黑_GBK → 中文字体/标题字
  📂 方正基础像素 → 中文字体/等线体
  ✓ 第 28 页: 成功 20, 跳过 0, 失败 0 (667.2s)
  📄 第 29 页: 20 个需要处理
  📂 tmp - zyh1102-fonts-tmp - fonts-master - 方正粗谭黑简体 → 中文字体/标题字
  📂 方正粗圆 Bold → 中文字体/正文字
  📂 方正粗倩体 → 中文字体/标题字
  📂 方圆圆体几何 → 中文字体/标题字
  📂 残破xi柏青体3 → 中文字体/装饰体
  📂 方正超粗黑 → 中文字体/标题字
  📂 冬青黑体 W3 → 中文字体/正文字
  📂 Twentieth Century MT → 中文字体/正文字
  📂 "这是一款融合仿宋骨架与楷书笔意的古典衬线字体。其结构特征鲜明：英文部分呈现高对比衬线特征 → 中文字体/衬线体
  📂 楷体_GB2312 → 中文字体/正文字
  📂 "这是一款现代几何风格的无衬线等宽字体，具有高度的理性与科技感。其最显著的特征在于笔画粗细均匀一致，起笔收笔均为干净利落的直角或标准弧度，没有多余的装饰。字母与数字的结构高度几何化，几乎完全由直线、正圆或标准圆弧构成，例如大写字母“A”的顶部为标准尖角，“Q”的尾巴是简洁的直线，“0”则为标准的正圆或椭圆。转角处理锐利分明，体现出强烈的机械切割感和数字化特征。中文字体部分（如预览图中的“你好世界”等）同样延续了这种风格，笔画均匀，结构清晰方正，部分笔画连接处有轻微的“像素感”或“机械切割感”。字体整体宽窄 → 中文字体/正文字
  📂 黑体简 → 中文字体/正文字
  📂 纤细等线无衬线体 → 中文字体/衬线体
  📂 Geometric Sans Pro SC → 中文字体/无衬线体
  📂 等线宽黑体 → 中文字体/正文字
  📂 几何等线体 → 中文字体/无衬线体
  📂 思源黑体细节版 → 中文字体/正文字
  📂 华文宋体 → 中文字体/正文字
  📂 思源黑体 细体(ExtraLight) → 中文字体/标题字
  📂 GWEI Geometric Sans → 中文字体/正文字
  ✓ 第 29 页: 成功 20, 跳过 0, 失败 0 (693.8s)
  📄 第 30 页: 20 个需要处理
  📂 GT_Y1 → 中文字体/正文字
  📂 GT-流水黑体 → 中文字体/正文字
  📂 Geometric Modern Sans → 中文字体/标题字
  📂 黑体-现代简 → 中文字体/正文字
  📂 秩序体 → 中文字体/等线体
  📂 方正清晰等线 → 中文字体/正文字
  📂 Greek Serif Classic → 中文字体/衬线体
  📂 Geometric Open Sans → 中文字体/正文字
  📂 清朗黑体 → 中文字体/正文字
  📂 Gothic I → 中文字体/正文字
  📂 GPOP03E → 中文字体/正文字
  📁 创建: 中文字体/哥特体
  📂 哥特体（GOTHICE） → 中文字体/哥特体
  📂 几何人文无衬线体 → 中文字体/正文字
  📂 GOTHICB → 中文字体/无衬线体
  📂 等宽等线体GMIN00H → 中文字体/无衬线体
  📂 "这是一款现代感极强的几何无衬线字体，其最核心的特征在于笔画粗细高度均匀，近乎等线，呈现出一种冷静、精确的工业美学。字体结构非常严谨，所有字母的转角（如‘a’的下部弧线与竖笔衔接处）都处理得极为干净利落，几乎没有曲线过渡，呈现出硬朗的直线切割感。字母‘O’接近正圆，‘M’和‘W’的内部顶点尖锐如几何折角，整体字形方正紧凑，小写字母的x字高较高，保证了良好的可读性。字面率适中，重心稳定居 → 中文字体/正文字
  📂 GMHE圆润体 → 中文字体/正文字
  📂 几何无衬线体 → 中文字体/正文字
  📂 GHEI 无衬线体 → 中文字体/正文字
  📂 Modern Geometric Sans SC → 中文字体/正文字
  ✓ 第 30 页: 成功 20, 跳过 0, 失败 0 (722.7s)
  📄 第 31 页: 20 个需要处理
  📂 现代几何等线体 → 中文字体/等线体
  📂 GGTR00U等宽科技体 → 中文字体/无衬线体
  📂 GDIK00B → 中文字体/无衬线体
  📂 Geometric Sans → 中文字体/正文字
  📂 GCHW00U 等线无衬线体 → 中文字体/正文字
  📂 Cortoba (CAD字体库命名: GARR46) → 中文字体/衬线体
  📂 Garamond-like → 中文字体/衬线体
  📂 GARR66 → 中文字体/正文字
  📂 "这是一款基于几何化线条构建的现代极简无衬线字体，整体呈现出高度理性与功能性的视觉特质。其核心结构特征为笔画粗细高度均匀，几乎无任何粗细变化，起笔、收笔与转角均处理为干净的直角或硬朗的切线，摒弃了所有圆角与装饰性元素。字形比例偏窄长，x字高适中，这赋予了字体一定的纵向伸展感。其重心稳定，字怀（字内空间）开阔均匀，确保了即使在小字号下也具有极高的辨识度。英文大写字母与数字（如0-9）的高大处理尤为突出，强化了其技术与工程属性。这款字体在情感调性上显得冷静、专业且高效，特别适合需要传递精确、严谨信息的场景。它非常适合作为技术文档、数据报表、产品说明书、UI界面（尤其是工具类应用）、工程图纸标注以及科技类网站的正文排版字体，是 → 中文字体/无衬线体
  📂 GARAIT → 中文字体/衬线体
  📂 现代罗马黑体 → 中文字体/标题字
  📂 您主要想用它做什么？（标题、正文、Logo等） → 中文字体/其他
  📂 CAD字体库(填充图案) - CAD字体库大全(填充图案大全 共7633个) - CAD字体库大全（4752个） - FZXIANGLFW → 中文字体/其他
  📂 FZXH1FW → 中文字体/无衬线体
  📂 FZWBIW（方正中黑简体） → 中文字体/标题字
  📂 FZXBSJW → 中文字体/标题字
  📂 几何无衬线体（FZTJLSJW） → 中文字体/衬线体
  📂 衬线与黑体组合标题字 → 中文字体/标题字
  📂 宋体国标 → 中文字体/衬线体
  📂 FZSTFW → 中文字体/装饰体
  ✓ 第 31 页: 成功 20, 跳过 0, 失败 0 (749.4s)
  📄 第 32 页: 20 个需要处理
  📂 FZPT-厚重装饰体 → 中文字体/标题字
  📂 方正CAD黑体 → 中文字体/正文字
  📂 兰亭轻松体 → 中文字体/装饰体
  📂 FZLBFW (方正兰亭黑) → 中文字体/正文字
  📂 FZMHJW CAD工程字体 → 中文字体/衬线体
  📂 FZK 楷宋混排 → 中文字体/衬线体
  📂 方正锯齿粗体 → 中文字体/标题字
  📂 FZHPJW (CAD双线装饰体) → 中文字体/装饰体
  📂 DIN Rounded → 中文字体/正文字
  📂 FZHTJW → 中文字体/无衬线体
  📂 "等宽体, 无衬线体, 细体, 现代, 极简, 科技, 几何, 工程制图, CAD字体, 标题, 正文, Logo, UI, 网页, 印刷, 工程, 建筑, 机械, 科技, 教育, 专业, 冷静, 高效 → 中文字体/衬线体
  📂 "黑体, 无衬线体, 粗体, 标题字, 方正字体, 等 → 中文字体/标题字
  📂 CAD字体库(填充图案) - CAD字体库大全(填充图案大全 共7633个) - CAD字体库大全（4752个） - FZDBSJW → 中文字体/其他
  📂 黑体对比体 → 中文字体/标题字
  📂 均匀几何无衬线体（含中文） → 中文字体/正文字
  📂 圆角无衬线体 → 中文字体/衬线体
  📂 Geometrica → 中文字体/衬线体
  📂 华文仿宋 → 中文字体/衬线体
  📂 高对比度装饰性衬线体（DUTCHB） → 中文字体/标题字
  📂 平直衬线等宽体 → 中文字体/正文字
  ✓ 第 32 页: 成功 20, 跳过 0, 失败 0 (776.2s)
  📄 第 33 页: 20 个需要处理
  📂 DUTCHB → 中文字体/衬线体
  📂 EURR → 中文字体/衬线体
  📂 "这是一款现代感十足、几何构型严格的无衬线字体。其笔画粗细高度均匀，横平竖直，转角处处理为干净利落的直角或精确的圆弧，没有任何多余的装饰或衬线。字形比例方正稳重，x字高适中，字重中等，整体重心平稳，内部空间开阔均衡，带来了极佳的清晰度和易读性。风格上，它融合了包豪斯的理性主义与当代极简设计，情感调性冷静、客观且友好，视觉特征圆润与锐利并存——如字母“O”的完美圆形与“M”尖锐的外角形成对比。独特之处在于其严格的几何构型（如圆形、直线）、字母“G”的特殊横杠处理，以及为适应中文而 → 中文字体/正文字
  📂 锋锐衬线与现代黑体混合体 → 中文字体/正文字
  📂 DOUR66 → 中文字体/标题字
  📂 现代均匀体（或：细黑体） → 中文字体/正文字
  📂 思源黑体 → 中文字体/正文字
  📂 几何等线体 → 中文字体/衬线体
  📂 "等线体, 无衬线体, 等宽字体, 几何感, 现代设计, 技术感, → 中文字体/衬线体
  📂 DIN Pro → 中文字体/正文字
  📂 几何等宽中粗黑体 → 中文字体/正文字
  📂 Courier → 中文字体/衬线体
  📂 Geometric Sans Serif Regular → 中文字体/正文字
  📂 COURBD → 中文字体/等线体
  📂 Countryside → 中文字体/手写体
  📂 CAD等线黑体（COUR45） → 中文字体/正文字
  📂 Comic BD → 中文字体/装饰体
  📂 字体模板 → 中文字体/衬线体
  📂 COPRGTB → 中文字体/衬线体
  📂 Bodoni Moda / 现代衬线体 → 中文字体/标题字
  ✓ 第 33 页: 成功 20, 跳过 0, 失败 0 (803.7s)
  📄 第 34 页: 20 个需要处理
  📂 Clarendon-Style Bold Serif → 中文字体/标题字
  📂 Neo Grotesk CNTR66W → 中文字体/标题字
  📂 细语倾斜体 → 中文字体/正文字
  📂 CNTR46W → 中文字体/正文字
  📂 Times Roman Black (CGTR65粗衬线体) → 中文字体/标题字
  📂 现代典雅混排体 → 中文字体/衬线体
  📂 "这是一款极具优雅气质的经典高对比度斜体衬线字体。其最显著的结构特征是笔画拥有极端的粗细对比，纤细如发丝的横笔与强劲的主笔形成戏剧性张力，起笔收笔处带有精致的喇叭口装饰，衬线呈现柔和而自然的弧线。字形比例适中，x字高较高，使得文本在保持古典风韵的同时具备良好的辨识度。整体重心平稳，字内空间开放。风格上，它散发着古典、正式且精致的情感调性，倾斜的体态为字体注入了一丝动态与流畅感，视觉上锐利而优雅。特别适合用于需要 → 中文字体/衬线体
  📂 CGTR66 → 中文字体/标题字
  📂 思源黑体/Source Han Sans (基于视觉推断) → 中文字体/正文字
  📂 CGOR66无衬线等线体 → 中文字体/无衬线体
  📂 几何直角体 → 中文字体/正文字
  📂 方正黑体_GBK → 中文字体/正文字
  📂 思源黑体 Regular (Source Han Sans) → 中文字体/正文字
  📂 Geometric Sans → 中文字体/正文字
  📂 Bookman Old Style Bold Italic → 韩文字体/标题字
  📂 Modern Sans → 中文字体/正文字
  📂 Bookos → 韩文字体/衬线体
  📂 AVG Equiline → 中文字体/正文字
  📂 Avenir Next LT Pro → 中文字体/正文字
  📂 BGOTHM → 中文字体/正文字
  ✓ 第 34 页: 成功 20, 跳过 0, 失败 0 (830.6s)
  📄 第 35 页: 20 个需要处理
  📂 ARIR65 (现代无衬线等宽体) → 中文字体/无衬线体
  📂 Noto Sans SC → 中文字体/无衬线体
  📂 "该字体为一款典型的无衬线体（Sans-serif）。其英文字母结构极为简洁规整，笔画粗细完全均匀，起笔与收笔均为平直切口，无任何装饰性衬线或笔画变化，转角处理以锐利的直角为主。字形比例偏中性，x字高适中。中文字体采用黑体风格，与英文部分的风格高度统一，笔画横平竖直，结构方正，布白均匀。整体设计风格现代、极简且高度理性，情感调性上呈现出冷静、严肃、客观和科技感的特质。作为AutoCAD等工程绘图软件中常用于填充图案 → 中文字体/正文字
  📂 Aris Sans → 中文字体/正文字
  📂 Arial Narrow Italic → 中文字体/标题字
  📂 无衬线几何等宽体 → 中文字体/正文字
  📂 ARBLI___(Arial Black Italic变体) → 中文字体/标题字
  📂 Arial Black (ARIALBD) → 中文字体/标题字
  📂 CAD专用衬线体 Antique Olive Bold (兼容中文) → 中文字体/正文字
  📂 ANTR45W → 中文字体/衬线体
  📂 粗衬线体 Alpha Block → 中文字体/衬线体
  📂 ALBR85W → 中文字体/标题字
  📂 ALBR → 中文字体/标题字
  📂 EnjoytheRide → 中文字体/手写体
  📂 "这是一款模拟粗笔刷或马克笔手写效果的无衬线字体，具有强烈的手工感和视觉张力。其核心特征在于笔画粗细对比极为强烈：主笔画厚重饱满，而一些连接或收尾笔画则突然收细，形成鲜明的节奏感。字母结构修长，重心居中，字形比例不完全统一，部分字母（如Z、Q）的倾斜与拉长处理增加了动感与随意性。转角处兼具锐利与微圆的混合质感，起笔收笔干脆利落，仿佛一挥而就。字体整体风格现代、随性、充满活力，情感调性活泼且富有艺术表现力，带有一种不拘一格的自由气息。非常适合用于需要突出个性、创意与手工温度的设计场景，如潮流品牌的Logo、艺术展览海报、咖啡馆菜单标题、社交媒体创意配图、文创产品包装以及运动相关的视觉设计。作为一款适合XX场景的创意字体， → 中文字体/无衬线体
  📂 HelloBeautiful → 中文字体/无衬线体
  📂 范笑歌行楷手写体 → 中文字体/手写体
  📂 段宁毛笔行书 → 中文字体/手写体
  📂 方正羽怒冲冠 → 中文字体/标题字
  📂 J016-樱花 → 中文字体/手写体
  ✓ 第 35 页: 成功 20, 跳过 0, 失败 0 (859.8s)
  📄 第 36 页: 20 个需要处理
  📂 钟齐志莽行书 → 中文字体/其他
  📂 孙过庭书谱体 → 中文字体/手写体
  📂 腾祥相思繁体 → 中文字体/装饰体
  📂 黄彦文彩笔体 → 中文字体/手写体
  📂 简娃娃篆 → 中文字体/装饰体
  📂 简清韵 → 中文字体/标题字
  📂 汉仪星宇体简 → 中文字体/装饰体
  📂 隼風侍郎 (J018-隼風) → 中文字体/其他
  📂 HYRunYuan-65W → 中文字体/正文字
  📂 腾祥金砖黑简 → 中文字体/标题字
  📂 中山行书百年纪念版 → 中文字体/手写体
  📂 仿宋_GB2312 → 中文字体/正文字
  📂 锐角无衬线等宽字体 → 中文字体/无衬线体
  📂 浮生未歇无衬线体 → 中文字体/衬线体
  📂 仿宋_GB2312 → 中文字体/衬线体
  📂 简黑无衬线体 → 中文字体/正文字
  📂 黑体 SJ → 中文字体/正文字
  📂 黑体52 - 现代等线技术体 → 中文字体/正文字
  📂 蓝图几何 → 中文字体/衬线体
  📂 几何无衬线体 → 中文字体/装饰体
  ✓ 第 36 页: 成功 20, 跳过 0, 失败 0 (887.8s)
  📄 第 37 页: 20 个需要处理
  📂 几何圆角体 → 中文字体/正文字
  📂 几何无衬线 Regular → 中文字体/正文字
  📂 几何匀线体 → 中文字体/正文字
  📂 迷你简柏青 → 中文字体/衬线体
  📂 思源黑体简 → 中文字体/正文字
  📂 Modern Serif Pro (现代衬线专业体) → 中文字体/标题字
  📂 圆转黑体 → 中文字体/正文字
  📂 圆润无衬线字体 → 中文字体/正文字
  📂 字体模板 → 中文字体/标题字
  📂 部分中文字体预览图 - 部分中文字体预览图 - 老哥俩 - 丛台-范文强燕赵体 → 中文字体/标题字
  📂 部分中文字体预览图 - 部分中文字体预览图 - 浪迹天涯2 - 毛泽东字体 → 中文字体/手写体
  📂 "这是一款高度几何化、笔画完全等宽的现代无衬线体。其最核心的结构特征是笔画粗细绝对均匀，起笔收笔平直无装饰，转角处理为干净的直角或流畅的圆角，呈现出极致的规整与秩序感。字形结构方正中立，x字高较高，字内空间（字怀）开放清晰，重心平稳。情感调性上，它理性、克制、专业，完全摒弃了手写感和情感表达，传递出强烈的科技感、功能主义与现代极简美学。字体的每一个部分都仿佛经过精密计算，视觉上干净利落， → 中文字体/衬线体
  📂 CAD Sans → 中文字体/无衬线体
  📂 简悦手写体 → 中文字体/手写体
  📂 GT_KT细等线体 → 中文字体/正文字
  📂 现代黑体几何体 → 中文字体/正文字
  📂 章草 → 中文字体/标题字
  📂 "这是一款极具视觉张力和艺术表现力的中英文双模式混合字体。其核心特征在于英文部分采用经典粗衬线体（Slab Serif），笔画极其粗壮有力，衬线尖锐突出，结构方正严谨，呈现出现代工业感与庄重权威感；中文部分则为极具个性的毛笔狂草书法字体，笔画连绵飞动，墨色浓淡枯湿变化丰富，结构自由洒脱，充满 → 中文字体/标题字
  📂 "这是一款极具现代感与几何感的无衬线字体，其核心特征在于笔画粗细绝对均匀，呈现出极致的干净与纯粹。字形结构高度规整，略显宽幅，重心稳定，x字高适中，确保了优秀的屏幕可读性与信息传达效率。该字体最显著的风格特征是所有转角（如‘H’、‘L’、‘E’、‘Z’等字母）都被处理成极其锐利的直角或近乎直角的锐角，线条如刀锋般利落，赋予字体一种冷静、精确、甚至带有一丝机械感的视觉印象，整体风格简约而硬朗，充满了理性与秩序感。它非常适合用于科技品牌识别、数字产品UI界面、技术文档标题、扁平化风格海报、极简主义网页设计以及需要强调精确性与现代感的各种专业领域，能有效营造出高效、可靠、前卫的视觉氛围。作为一款高可读性的几何字体，它也十分适合在移动端应用、电商平台信息展示及 → 中文字体/衬线体
  📂 Geometric Cut Sans → 中文字体/正文字
  ✓ 第 37 页: 成功 20, 跳过 0, 失败 0 (917.2s)
  📄 第 38 页: 20 个需要处理
  📂 文悦古典明朝体 → 中文字体/衬线体
  📂 GSKA00B 几何等线体 → 中文字体/无衬线体
  📂 思源黑体 (Noto Sans) → 中文字体/正文字
  📂 几何无衬线标题体 → 中文字体/标题字
  📂 "这是一款高度几何化的现代无衬线字体。其核心结构特征是笔画粗细高度均匀，横画与竖画的粗细差异极小，整体呈现一致的视觉重量。字形方正，结构严谨，中宫饱满且开放，字面率较高，为阅读提供了舒适的内部空间。重心稳定居中，确保了字列排版时的平稳与秩序感。设计风格极致简约、理性且富有科技感，情感调性严肃、中立、可靠。起笔、收笔以及所有转角均采用直切处理，没有任何圆角或装饰，线条利落干净。它完美平衡了高清晰易读性与现代工业美学，非常适合用于需要传递专业、严谨、冷静信息的场景。这是一款经典的黑体风格字体，适合科技行业UI设计、金融报告正文、教育类印刷品、网页内容排版、APP界面以及任何追求极简、专业视觉风格的设计项目。其规整 → 中文字体/正文字
  📂 Greeks Elegant Thin (Greek Font Family) → 中文字体/无衬线体
  📂 思源极简等宽体 → 中文字体/无衬线体
  📂 哥特无衬线双体 → 中文字体/正文字
  📂 凛冬 → 中文字体/衬线体
  📂 书体坊赵九江钢笔行书 → 中文字体/手写体
  📂 GothicG → 中文字体/标题字
  📂 GOTHICI → 中文字体/衬线体
  📂 Gothic Bold Geometric Sans → 中文字体/标题字
  📂 几何等宽无衬线体 → 中文字体/正文字
  📂 锐界几何无衬线体 → 中文字体/标题字
  📂 Gothic Sans SC → 中文字体/正文字
  📂 汉仪小麦体简 → 中文字体/标题字
  📂 几何无衬线体（Geometric Sans） → 中文字体/衬线体
  📂 Consolas → 中文字体/无衬线体
  📂 "这是一款现代人文无衬线字体，其核心特征在于笔画粗细存在微妙而克制的变化，兼具几何的规整与人文的柔和。英文部分，字母形态开阔，x字高适中，笔画的起笔和收笔处有轻微的粗细过渡，增强了可读性和友好感。中文部分结构严谨，横平竖直，但 → 中文字体/无衬线体
  ✓ 第 38 页: 成功 20, 跳过 0, 失败 0 (944.9s)
  📄 第 39 页: 20 个需要处理
  📂 GHEI01H → 中文字体/正文字
  📂 行楷无衬线双语体 → 中文字体/手写体
  📂 向佳红毛笔行书 → 中文字体/手写体
  📂 Glow Gothic → 中文字体/正文字
  📂 Rounded Geometric Sans → 中文字体/正文字
  📂 CAD字体库(填充图案) - CAD字体库大全(填充图案大全 共7633个) - CAD字体库大全（4752个） - GGTR00M → 中文字体/其他
  📂 CAD单线等宽字体 → 中文字体/等线体
  📂 爆炸体-蹂躏太行 → 中文字体/标题字
  📂 几何圆润无衬线体 → 中文字体/正文字
  📂 均匀无衬线等线体 → 中文字体/正文字
  📂 蔡云汉行楷 → 中文字体/手写体
  📂 J045-神奇墨水字体TanukiMagic → 中文字体/标题字
  📂 醉生梦死-米芾体 → 中文字体/手写体
  📂 GARR65 → 中文字体/衬线体
  📂 GARR45 → 中文字体/正文字
  📂 加里福尼亚衬线 → 中文字体/衬线体
  📂 方正风雅宋 → 中文字体/装饰体
  📂 罗西钢笔行楷 → 中文字体/手写体
  📂 GARABD → 中文字体/衬线体
  📂 锐黑极粗体 → 中文字体/标题字
  ✓ 第 39 页: 成功 20, 跳过 0, 失败 0 (974.2s)
  📄 第 40 页: 20 个需要处理
  📂 FZXJW (方正简中无衬线等线体) → 中文字体/无衬线体
  📂 未命名 → 中文字体/正文字
  📂 CAD字体库（填充图案）- FZXH1JW → 中文字体/无衬线体
  📂 几何无衬线等线体 → 中文字体/正文字
  📂 方正中黑简体 → 中文字体/正文字
  📂 CAD字体库(填充图案) - CAD字体库大全(填充图案大全 共7633个) - CAD字体库大全（4752个） - FZXBSFW → 中文字体/其他
  📂 FZWBFW衬线体 → 中文字体/衬线体
  📂 丝缕手写体 (FZTJLSFW) → 中文字体/手写体
  📂 几何圆润无衬线体 → 中文字体/衬线体
  📂 锐宋 (RuiSong) → 中文字体/衬线体
  📂 一代宗师 → 中文字体/手写体
  📂 方正手迹体 → 中文字体/标题字
  📂 "这是一款根植于中国传统毛笔草书艺术，并融入现代字体设计理念的优雅手写体。其结构特征鲜明：笔画粗细对比强烈，完美再现了毛笔书写时的提按顿挫与自然节奏；转角处理圆润流畅，毫无生硬感；字形在保持草书连贯性的同时，对中文字形进行了适度规范化，使其在保持艺术感的同时具备良好的识别性。整体字重中等偏粗，视觉重心稳定，字内空间开阔疏朗，赋予字体一种洒脱、大气的气质。设计风格古典而雅致，情感调 → 中文字体/手写体
  📂 几何锋锐黑体 → 中文字体/标题字
  📂 锐丽明体 → 中文字体/标题字
  📂 FZSerif-CN → 中文字体/衬线体
  📂 详情页字体预览 - 部分中文字体预览图 - 无怨无悔 - c259-书体坊兰亭体I → 中文字体/手写体
  📂 汉仪跳跳体简 → 中文字体/其他
  📂 方正方角等宽体 → 中文字体/无衬线体
  📂 方正隶书简体 → 中文字体/等线体
  ✓ 第 40 页: 成功 20, 跳过 0, 失败 0 (1001.0s)

  ⏳ 进度: 已处理 691 个, 文件夹 NaN 个, 移动 NaN 个 (1001.5s)

  📄 第 41 页: 20 个需要处理
  📂 圆润无衬线体-黑 → 中文字体/正文字
  📂 书体坊赵九江钢笔行书 → 中文字体/手写体
  📂 详情页字体预览 - 部分中文字体预览图 - 天罗地网 - 白舟白雨書体 → 中文字体/标题字
  📂 FZL2JW（基于几何无衬线特征） → 中文字体/正文字
  📂 锐线几何体 → 中文字体/装饰体
  📂 魚石行書 → 中文字体/手写体
  📂 仿宋类衬线体 → 中文字体/衬线体
  📂 华丽装饰衬线体 → 中文字体/装饰体
  📂 几何楷体 → 中文字体/手写体
  📂 方正粗黑体 → 中文字体/标题字
  📂 沙孟海行书体 → 中文字体/手写体
  📂 FZHTFW → 中文字体/正文字
  📂 字酷堂清楷体 → 中文字体/手写体
  📂 FZH4FW 方正大黑体 → 中文字体/标题字
  📂 FZFSFW → 中文字体/无衬线体
  📂 日文毛笔 → 中文字体/正文字
  📂 几何无衬线体 → 中文字体/衬线体
  📂 仿宋大黑体 (FZDHTFW) → 中文字体/正文字
  📂 华文中宋 (STZhongsong) / 方正粗宋体 (FZCuSong) → 中文字体/衬线体
  📂 方正兰亭黑 → 中文字体/正文字
  ✓ 第 41 页: 成功 20, 跳过 0, 失败 0 (1028.0s)
  📄 第 42 页: 20 个需要处理
  📂 蒙納喜宴體簡 → 中文字体/手写体
  📂 FZCYFW → 中文字体/其他
  📂 厚黑几何体 → 中文字体/标题字
  📂 默陌黑体 → 中文字体/正文字
  📂 仿宋_GBK → 中文字体/衬线体
  📂 方正中等线体 → 中文字体/正文字
  📂 FTB等线体（CAD风格） → 中文字体/等线体
  📂 田英章毛笔楷书 → 中文字体/手写体
  📂 详情页字体预览 - 部分中文字体预览图 - 浪漫爱情 - 蔡云汉繁体行书书法字体 → 中文字体/手写体
  📂 DUTCHI → 中文字体/衬线体
  📂 EURRO → 中文字体/标题字
  📂 禹卫书法行书繁体 → 中文字体/手写体
  📂 金梅圆 → 中文字体/无衬线体
  📂 Dutch Bi Serif → 中文字体/衬线体
  📂 DUTCH → 中文字体/衬线体
  📂 欧太楷体 细 → 中文字体/正文字
  📂 DOUR65 → 中文字体/标题字
  📂 DOUR45 无衬线工程字体 → 中文字体/衬线体
  📂 思源黑体 (Source Han Sans / Noto Sans CJK) Regular → 中文字体/正文字
  📂 几何人文无衬线 → 中文字体/正文字
  ✓ 第 42 页: 成功 20, 跳过 0, 失败 0 (1054.9s)
  📄 第 43 页: 20 个需要处理
  📂 "DFTT-K5是一款将几何无衬线骨架与全局圆润转角巧妙融合的现代中文字体。其笔画线条均匀纤细，粗细一致，起笔收笔干脆利落，无任何装饰性末端。字形结构严谨，采用标准的中性比例，x字高适中，字面率均衡，整体重心平稳居中。最独特的特征在于，所有笔画转角处，无论是西文如C、S、Q的弧线，还是汉字中‘口’、‘国’等字的折角，都处理得 → 中文字体/正文字
  📂 "这是一款源自唐代书法家颜真卿楷书风格的数字化字体。其结构特征鲜明，笔画丰腴雄 → 中文字体/其他
  📂 详情页字体预览 - 部分中文字体预览图 - 古诗 - 国祥手写体 → 中文字体/手写体
  📂 DFTT-B7 Geometric Blend → 中文字体/正文字
  📂 汉仪全唐诗繁 → 中文字体/衬线体
  📂 德彪钢笔行书体 → 中文字体/手写体
  📂 DF几何无衬线体 → 中文字体/正文字
  📂 "思源宋体, 衬线字体, 细体, 现代宋体, 印刷字体, → 中文字体/衬线体
  📂 有泽行书 → 中文字体/手写体
  📂 圆润几何无衬线体 → 中文字体/正文字
  📂 超世纪细毛楷 → 中文字体/手写体
  📂 CAD字体库(填充图案) - CAD字体库大全(填充图案大全 共7633个) - CAD字体库大全（4752个） - COURBI → 中文字体/衬线体
  📂 几何极简黑体 → 中文字体/正文字
  📂 几何无衬线中英文等宽体 → 中文字体/正文字
  📂 CAD字体库(填充图案) - CAD字体库大全(填充图案大全 共7633个) - CAD字体库大全（4752个） - CORSIVA → 中文字体/其他
  📂 Courier CAD → 中文字体/衬线体
  📂 CAD字体库(填充图案) - CAD字体库大全(填充图案大全 共7633个) - CAD字体库大全（4752个） - COUR46 → 中文字体/其他
  📂 稚拙手写衬线 → 中文字体/手写体
  📂 "这是一款经典、正式且具有鲜明铜版印刷风格的衬线字体，其最核心的视觉冲击力源于极端且清晰的笔画粗细对比：垂直笔画粗壮有力，而水平笔画、连接处及衬线则处理得极为纤细优雅。字形比例整体偏宽，结构舒展大气，赋予文本沉稳而不局促的节奏感。其衬线造型尤为独特，呈现为锐利、精致的直线尖角，而非传统的弧形或粗衬线，转角处理干净利落，带有强烈的古典雕版印刷韵味。字重偏粗，重心平稳适中，字内空间（字怀）开阔，确保了即便在复杂排版中也具备良好的可读性。整体风格散发着权威、高端、专业和精致的气息，非常适合用于需要传达历史感、信任感或奢华感的严肃场景，例如学术出版物、金融报告、法律文书、经典书籍排版、高端品牌Logo、正式邀请函与证书设计。在现代应用中，它也是时尚杂志标题、奢侈品包装、品牌VI系统 → 中文字体/衬线体
  📂 CAD字体库(填充图案) - CAD字体库大全(填充图案大全 共7633个) - CAD字体库大全（4752个） - COMIC → 中文字体/其他
  ✓ 第 43 页: 成功 20, 跳过 0, 失败 0 (1083.5s)
  📄 第 44 页: 20 个需要处理
  📂 现代几何无衬线体 → 中文字体/正文字
  📂 COMPI → 中文字体/正文字
  📂 CNTR65W → 中文字体/无衬线体
  📂 Cormorant Garamond → 中文字体/装饰体
  📂 CLAR67 → 中文字体/标题字
  📂 "这是一款现代感十足的无衬线字体，其设计在几何结构与圆润细节之间取得了出色的平衡。字体笔画粗细均匀一致，没有明显的对比变化，字形结构清晰、严谨，字面率适中，既不过分舒展也不显拥挤，确保了极佳的易读性。最显著的特征在于其笔画末端和转角处均采用了光滑的圆形或弧形处理，例如字母“g”的收笔、“j”和“y”的尾部、数字“0”的两端以及中文字符的转折处，都呈现出柔和的圆弧，有效中和了几何形态的冷峻感，增添了亲和力。该字体情感调性专业而友好，视觉特征整洁、柔和，整体风格极简且富有现代气息。它非常适合用于科技公司官网、移动应用界面、在线教育平台等需要清晰传达信息的数字屏幕场景，也适用于企业 → 中文字体/正文字
  📂 "这是一款源自CAD工程环境的特殊衬线字体，具有极强的视觉识别度和雕塑感。其最显著的特征是笔画处理：所有笔画（尤其是衬线部分）均呈现出一种锐利的“凿刻”或“楔形”末端，如同用凿子在石材或金属上切割而成，线条粗壮有力，起笔收笔均为尖锐的斜角或直角，转角方硬，毫无圆润 → 中文字体/衬线体
  📂 CNTR45W Sans → 中文字体/无衬线体
  📂 CGT Modern Sans → 中文字体/衬线体
  📂 几何圆润无衬线体 → 中文字体/正文字
  📂 CGTR45W宽明体 → 中文字体/衬线体
  📂 CAD字体库(填充图案) - CAD字体库大全(填充图案大全 共7633个) - CAD字体库大全（4752个） - CGTR65W → 中文字体/衬线体
  📂 详情页字体预览 - 部分中文字体预览图 - 败家子 - 陈继世-硬笔行书 → 中文字体/手写体
  📂 CGOR46W → 中文字体/正文字
  📂 "这是一款极具现代感与温暖几何特征的圆角无衬线字体。其核心结构特征在于笔画粗细均匀、几何感强烈，同时转角处均采用了精细的圆润化处理，赋予了字体柔和、友好的气质。拉丁字母中的‘O’被设计为正圆形，‘G’的横线与弧线衔接流畅，小写字母如‘a’、‘g’的字腔开放，字形比例接近正方形，重心稳定居中，字面率适中。整体字重介于常规与中粗之间，视觉呈现清晰饱满。其情感调性友好而专业，既保留了几何字体的规整与秩序感，又通过圆角处理消除了尖锐与冷硬，呈现出一种科技与人文相结合的独特气质。该字体特别适合需要兼顾现代感、亲和力与清晰度的各类设计场景，如科技公司品牌标识、UI → 中文字体/无衬线体
  📂 CGOR65W → 中文字体/无衬线体
  📂 黑体SimHei → 中文字体/正文字
  📂 圆润无衬线体 → 中文字体/正文字
  📂 MiSans → 中文字体/标题字
  📂 硬笔行书体 → 中文字体/手写体
  ✓ 第 44 页: 成功 20, 跳过 0, 失败 0 (1112.0s)
  📄 第 45 页: 20 个需要处理
  📂 CGOR45W → 中文字体/正文字
  📂 CAD字体库(填充图案) - CAD字体库大全(填充图案大全 共7633个) - CAD字体库大全（4752个） - CALIST → 中文字体/衬线体
  📂 "这是一款将古典衬线风骨与现代精密度完美融合的衬线字体。其最显著的结构特征在于锐利清晰的衬线设计，以及主笔画与发丝笔画之间极为强烈的粗细对比，营造出强烈的视觉节奏。字形比例经典匀称，小写字母如‘a’, ‘g’结构饱满且细节丰富，具有典型的人文主义衬线特征，赋予字体一种优雅的生命力。整体字重适中，重心平稳，字内空间（字怀）开放适中，确保了极高的可读性。设计风格上，它既保留了传统衬线体的庄重与权威感，又通过其精准、整洁的线条处理呈现出强烈的现代气息，整体调性优雅、严肃且极具专业可信度。这款字体非常适合用于需要体现品质感、历史积淀或正式感的场景，如书籍与学术出版物的正文排版、高端品牌标识 → 韩文字体/衬线体
  📂 BGOTHL - CAD专用等宽工程字体 → 中文字体/正文字
  📂 现代无衬线中文字体（AVKV） → 中文字体/正文字
  📂 BKANT (Bauhaus Antiqua) → 中文字体/衬线体
  📂 Bookman Bold → 韩文字体/衬线体
  📂 简悦无衬线体 → 中文字体/衬线体
  📂 "这是一款极具视觉冲击力的极粗斜体无衬线字体。其结构特征极为突出：笔画粗细均匀且达到极粗字重级别，起笔收笔及所有转角均处理为方直的锐利直角，几乎无曲线过渡，呈现出高度的几何化特征。字形宽大饱满，字面率极高，x字高较大，重心略微偏高，内部空间（如 → 中文字体/无衬线体
  📂 CAD字体库-ARIALN（英文Arial Narrow + 中文替代字体） → 中文字体/无衬线体
  📂 "这是一款视觉冲击力极强的现代无衬线粗体字体，英文名为Arial Black。其最显著的结构特征是笔画极其粗壮，字重属于极粗等级。英文部分笔画粗细均匀，起笔收笔平直，转角处理利落，呈现出强烈的几何感与方正感。圆形字母（如O、C、G）设计得非常饱满，字面率高，字内空间适中。该字体风格严肃、硬朗、充满力量感与自信，情感调性专业且极具张力。它特别适合作为标题字体使用，是科技、金融、运动、汽车等行业进行大型海报、 → 中文字体/标题字
  📂 均匀无衬线体-ARIR → 中文字体/正文字
  📂 今昔豪龙等线体 → 中文字体/正文字
  📂 Arial Bold Italic → 中文字体/正文字
  📂 Arial → 中文字体/正文字
  📂 ANTR66W → 中文字体/正文字
  📂 ANTR46W → 中文字体/等线体
  📂 Antiqua Bold → 中文字体/标题字
  📂 Antiqua → 中文字体/衬线体
  📂 思源黑体 Regular → 中文字体/正文字
  ✓ 第 45 页: 成功 20, 跳过 0, 失败 0 (1141.3s)
  📄 第 46 页: 20 个需要处理
  📂 思源等线体 (Source Han Sans / Noto Sans CJK) Regular → 中文字体/衬线体
  📂 字体库 - 详情页字体预览 - HelloBeautiful - HelloBeautiful-Swashes → 中文字体/手写体
  📂 CAD字体库(填充图案) - CAD字体库大全(填充图案大全 共7633个) - CAD字体库大全（4752个） - ALBR55W → 中文字体/其他
  📂 ALBR85 → 中文字体/正文字
  📂 ABALC 点阵等宽字体 → 中文字体/等线体
  📂 D: - 字体库 - 详情页字体预览 - 庞门正道标题体 → 中文字体/标题字
  📂 字体库 - 详情页字体预览 - EnjoytheRide 英文字体 - EnjoytheRide-Swashes-Regular → 中文字体/其他
  📂 你好世界无衬线体 → 中文字体/正文字
  📂 罗西钢笔行楷 → 中文字体/手写体
  📂 米芾体 → 中文字体/标题字
  📂 部分中文字体预览22 - 部分中文字体预览22 - 虎啸山河 - 李旭科毛笔行书 → 中文字体/其他
  📂 部分中文字体预览图 - 部分中文字体预览图 - 永日壹欹枕 - 康熙字典體 → 中文字体/正文字
  📂 部分中文字体预览22 - 部分中文字体预览22 - 高逼格的女郎 - J028-大髭115 → 中文字体/其他
  📂 中式毛笔书法字体 → 中文字体/其他
  📂 "这是一款具有浓郁传统书法韵味的行书手写字体。从结构上看，其笔画呈现出自然的毛笔书写质感，粗细变化丰富且富有节奏感。起笔、收笔和转折处圆润流畅，无生硬的直角，可见明显的笔锋和牵丝连带。字形结构舒展，中宫相对放松，字怀开放，使得整体视觉效果既连贯流动又不显拥挤。重心平稳，字面率适中，保证了良好的识别性。在风格上，它完美融合了书法的艺术性与字体的规整度， → 中文字体/手写体
  📂 部分中文字体预览22 - 部分中文字体预览22 - 爱莲说 - TypeLand 康煕字典體试用版 → 中文字体/其他
  📂 Nunito或类似几何圆体 → 中文字体/正文字
  📂 一代宗师 → 中文字体/手写体
  📂 详情页字体预览 - 部分中文字体预览22 - 一起走過的日子 - 味毛笔字体 → 中文字体/其他
  📂 无衬线几何黑体 → 中文字体/正文字
  ✓ 第 46 页: 成功 20, 跳过 0, 失败 0 (1168.1s)
  📄 第 47 页: 20 个需要处理
  📂 部分中文字体预览图 - 部分中文字体预览图 - 想念天真善良的你 - 汉仪跳跳体简 → 中文字体/其他
  📂 钟齐李洤标准草书 → 中文字体/手写体
  📂 字体模板 → 中文字体/其他
  📂 部分中文字体预览图 - 部分中文字体预览图 - 偷偷写情书 - 书体坊赵九江钢笔行书 → 中文字体/其他
  📂 今昔黑体 → 中文字体/正文字
  📂 "这是一款极具视觉冲击力和艺术表现力的日系手写字体，整体风格奔放、自由，充满了动态的书写张力。其最显著的结构特征是模拟毛笔在粗糙纸面上快速挥洒产生的“飞白”或“枯笔”效果，笔画边缘呈现不规则的毛刺与断裂，形成强烈的视觉肌理。笔画粗细变化极其剧烈，起笔收笔锋利果断，转角处充满力量感。字体字形比例偏宽，重心偏高，赋予字符一种昂扬的姿态。内部空间（字怀）相对开放，有效避免了复杂笔画带来的拥挤感。风格上，它完美融合了传统书法的骨力、现代设计的构成感以及手写的随性气息，情感调性硬 → 中文字体/手写体
  📂 部分中文字体预览图 - 部分中文字体预览图 - 书香门第 - 魚石行書 → 中文字体/其他
  📂 C299-苏新诗古印宋简 → 中文字体/衬线体
  📂 等宽等线体 → 中文字体/无衬线体
  📂 "这是一款源自书法大师沙孟海作品的经典行楷书法字体。其核心特征在于极具真实感的毛笔书写质感：笔画粗细对比极其强烈，起笔收笔的顿挫、提按以及行笔过程中的飞白效果均被精细还原。字形结构稳健宽博，布局在严谨中富有行书的流动感与节奏感。字体风格沉稳大气 → 中文字体/手写体
  📂 思源细体 / Source Han Sans ExtraLight → 中文字体/正文字
  📂 汉仪尚巍手书W（中文）与几何无衬线体（英文）组合预览 → 中文字体/衬线体
  📂 禹卫书法行书简体 → 中文字体/手写体
  📂 毛笔行书体 → 中文字体/手写体
  📂 字酷堂清楷体 → 中文字体/正文字
  📂 现代无衬线黑体 → 中文字体/正文字
  📂 思源黑体风格几何无衬线体 → 中文字体/正文字
  📂 思源黑体-中黑 → 中文字体/正文字
  📂 "这是一款融合传统书法韵味与现代设计感的中文标题字体，核心特征是笔画边缘带有强烈的、模拟毛笔飞白与墨渍飞溅的视觉效果。其笔画粗细对比鲜明，主笔画厚重有力，而飞溅的“墨点”与“毛边”则增添了动感与不羁 → 中文字体/标题字
  📂 手写印象体 → 中文字体/手写体
  ✓ 第 47 页: 成功 20, 跳过 0, 失败 0 (1197.2s)
  📄 第 48 页: 20 个需要处理
  📂 几何中黑体 → 中文字体/正文字
  📂 蒙纳喜宴体简体 → 中文字体/手写体
  📂 详情页字体预览 - 部分中文字体预览22 - 奔跑吧 - 禹卫书法行书简体 → 中文字体/手写体
  📂 中易黑体 (ZhongYiHeiTi) / 思源黑体 (Source Han Sans) 类 → 中文字体/正文字
  📂 部分中文字体预览图 - 部分中文字体预览图 - 毛笔楷书 - 田英章毛笔楷书 → 中文字体/手写体
  📂 Arenq → 中文字体/标题字
  📂 简约黑体 → 中文字体/正文字
  📂 切角无衬线体 → 中文字体/装饰体
  📂 禹卫书法行书繁体 → 中文字体/手写体
  📂 详情页字体预览 - 部分英文字体预览图 - 6 hold love - Staccat0 → 中文字体/手写体
  📂 ATViCE Bold → 中文字体/标题字
  📂 详情页字体预览 - 部分英文字体预览图 - 26 posble - Elrotex → 中文字体/手写体
  📂 部分中文字体预览图 - 部分中文字体预览图 - 楷書字 - J001-A-OTF-OutaiKaiStd-Light → 中文字体/手写体
  📂 Carosello → 中文字体/手写体
  📂 现代几何无衬线体 → 中文字体/正文字
  📂 Impact → 中文字体/标题字
  📂 书体坊颜体 → 中文字体/衬线体
  📂 Addictype → 中文字体/其他
  📂 部分中文字体预览图 - 部分中文字体预览图 - 古诗3 - 汉仪全唐诗繁 → 中文字体/衬线体
  📂 COWBOY BASE05 → 中文字体/标题字
  ✓ 第 48 页: 成功 20, 跳过 0, 失败 0 (1224.2s)
  📄 第 49 页: 20 个需要处理
  📂 321Perfect → 中文字体/其他
  📂 思源黑体 (Source Han Sans) 或类似开源中文字体（如 Noto Sans CJK） → 中文字体/正文字
  📂 字体模板 → 中文字体/其他
  📂 LinkinPark → 中文字体/标题字
  📂 CAMPBELL Regular → 中文字体/标题字
  📂 字体模板 → 中文字体/手写体
  📂 部分中文字体预览图 - 部分中文字体预览图 - 钢笔写情书 - 萌妹子体 → 中文字体/其他
  📂 德彪钢笔行书字库 → 中文字体/手写体
  📂 Saira Condensed Thin - 现代几何等线窄体极细字重 → 中文字体/标题字
  📂 商用字体包270款 - 商用字体包270款 - 003-英文可商用字体-87款 - SourceSerifPro-SemiBold → 中文字体/衬线体
  📂 商用字体包270款 - 商用字体包270款 - 003-英文可商用字体-87款 - Seaside Resort NF → 中文字体/装饰体
  📂 有泽行书（德高望重系列） → 中文字体/手写体
  📂 商用字体包270款 - 商用字体包270款 - 003-英文可商用字体-87款 - Rubik-Black → 中文字体/标题字
  📂 "这是一款设计均衡、具有现代几何感的无衬线字体。其核心特征是笔画粗细高度均匀，结构清晰规整，展现出典型的无衬线体特征。字形比例标准，x字高适中且字面率较大，确保了在中小尺寸下极高的可读性。独特之处在于，其字母的转 → 中文字体/衬线体
  📂 商用字体包270款 - 商用字体包270款 - 003-英文可商用字体-87款 - Roboto Thin → 中文字体/标题字
  📂 C276-超世纪细毛楷 → 中文字体/正文字
  📂 Roboto-Regular → 中文字体/正文字
  📂 稚行书体 → 中文字体/手写体
  📂 禹卫书法隶书简体 → 中文字体/装饰体
  📁 创建: 日文字体/其他
  📂 PostNoBills Jaffna Bold → 日文字体/其他
  ✓ 第 49 页: 成功 20, 跳过 0, 失败 0 (1252.1s)
  📄 第 50 页: 20 个需要处理
  📂 Poiret One Regular → 中文字体/装饰体
  📂 Pacifico → 中文字体/其他
  📂 Muli Light Italic → 中文字体/正文字
  📂 谭体无衬线正文字体 → 中文字体/正文字
  📂 商用字体包270款 - 商用字体包270款 - 003-英文可商用字体-87款 - Nunito-Regular → 中文字体/正文字
  📂 Nexa Light → 中文字体/标题字
  📂 Montserrat Alternates Black Italic → 中文字体/标题字
  📂 几何方正无衬线体 → 中文字体/正文字
  📂 商用字体包270款 - 商用字体包270款 - 003-英文可商用字体-87款 - Montserrat-BlackItalic → 中文字体/其他
  📂 Muli ExtraBold Italic → 中文字体/标题字
  📂 商用字体包270款 - 商用字体包270款 - 003-英文可商用字体-87款 - Montserrat-Light → 中文字体/正文字
  📂 部分中文字体预览图 - 部分中文字体预览图 - 爱情故事 - 硬笔行书130106 → 中文字体/其他
  📂 Merak-Free → 中文字体/标题字
  📂 部分中文字体预览图 - 部分中文字体预览图 - 败家子 - 陈继世-硬笔行书 → 中文字体/其他
  📂 Kraskario Italic → 韩文字体/衬线体
  📂 商用字体包270款 - 商用字体包270款 - 003-英文可商用字体-87款 - GreatVibes-Regular → 中文字体/其他
  📂 详情页字体预览 - 部分中文字体预览图 - 中国制造 - c284-腾祥范笑歌楷书简 → 中文字体/正文字
  📂 详情页字体预览 - 部分中文字体预览图 - 醉生梦死2 - 段宁毛笔行书 → 中文字体/其他
  📂 Manuale Medium → 中文字体/衬线体
  📂 GemunuLibre Regular → 中文字体/其他
  ✓ 第 50 页: 成功 20, 跳过 0, 失败 0 (1279.6s)
  📄 第 51 页: 20 个需要处理
  📂 商用字体包270款 - 商用字体包270款 - 003-英文可商用字体-87款 - GemunuLibre-ExtraBold → 中文字体/标题字
  📂 极细几何空心体 → 中文字体/衬线体
  📂 详情页字体预览 - 部分中文字体预览图 - 樱花绽放 - J016-樱花 → 中文字体/装饰体
  📂 详情页字体预览 - 部分中文字体预览图 - 羽怒冲冠 - FZYuNuS-R-GB → 中文字体/标题字
  📂 钟齐陈伟勋硬笔行书体 → 中文字体/手写体
  📂 Fira Sans Condensed Thin → 中文字体/正文字
  📂 EncodeSansExpanded-Medium → 中文字体/无衬线体
  📂 DroidSans Bold → 中文字体/无衬线体
  📂 孙过庭书谱体 → 中文字体/手写体
  📂 Dolce Vita → 中文字体/装饰体
  📂 黄彦文行书字体 → 中文字体/其他
  📂 Cormorant Upright Light → 中文字体/衬线体
  📂 商用字体包270款 - 商用字体包270款 - 003-英文可商用字体-87款 - DancingScript-Regular → 中文字体/手写体
  📂 Dolce Vita Heavy → 中文字体/标题字
  📂 详情页字体预览 - 部分中文字体预览图 - 夏日乐悠悠 - 简清韵 → 中文字体/标题字
  📂 腾祥相思繁体 → 中文字体/衬线体
  📂 Cabin SemiBold Italic → 中文字体/正文字
  📂 Cormorant SC Light → 中文字体/衬线体
  📂 商用字体包270款 - 商用字体包270款 - 003-英文可商用字体-87款 - Cabin-Regular → 中文字体/正文字
  📂 "这是一款高度几何化的现代无衬线字体，整体风格干净、专业且富有科技感。其核心特征是笔画粗细高度均匀，字形结构在严格遵循几何基础的同时，于所有笔画的转角和末端细节处融入了精妙的微圆角处理，成功平衡了理性冷峻的结构感与亲和的人文温度。字体具有显著的等宽特性，字母、数字及符号的宽度一致，营造出严谨的秩序感和出色的屏幕显示效果。字形比例略偏窄，x字高充足，中宫饱满开放 → 中文字体/无衬线体
  ✓ 第 51 页: 成功 20, 跳过 0, 失败 0 (1311.7s)
  📄 第 52 页: 20 个需要处理
  📂 "这是一款极具现代感与几何设计感的英文装饰字体。字体采用无衬线结构，笔画粗细高度均匀，呈现出极强的机械感和精确性。字母整体呈方正形态，字面率高，重心居中，字内空间规整。其最显著的设计特征在于对标准无衬线字母进行了大胆的几何重构：如字母'A'采用纯三角形设计，去除了横杠；字母'N'的顶端被水平切平；字母'Q'的尾巴呈45度直线而非曲线；字母'Z'则带有独特的折线处理。这种处理赋予了字体一种冷静、硬朗且充满未来科技感的视觉调性。它非常适合用于科技品牌标识、现代感强的海报标题、先锋艺术展览的视觉设计、游戏UI中的科幻元素、以及任何需要强调极简、前卫与精准气质的场景。作为一款装饰性极强的字体，它 → 中文字体/无衬线体
  📂 J018-隼風 → 中文字体/正文字
  📂 汉仪星宇体简 → 中文字体/装饰体
  📂 Cabin Medium → 中文字体/无衬线体
  📂 商用字体包270款 - 商用字体包270款 - 003-英文可商用字体-87款 - Cabin-BoldItalic → 中文字体/标题字
  📂 Bangers → 中文字体/标题字
  📂 商用字体包270款 - 商用字体包270款 - 003-英文可商用字体-87款 - AsapCondensed-BoldItalic → 中文字体/标题字
  📂 汉仪润圆65W → 中文字体/无衬线体
  📂 Amaranth → 中文字体/标题字
  📂 Asap-BoldItalic → 中文字体/标题字
  📂 "这是一款现代感十足、兼具力量与亲和力的无衬线粗体字。其笔画粗细均匀，线条饱满有力，字重为粗体（Bold），赋予了字体强烈的视觉存在感。字形结构稳固，字母比例均衡，x字高适中，重心位置居中，确保了良好的稳定性和阅读舒适度。特别值得注意的是，其字腔（字内空间）设计得非常开放，如‘o’、‘e’、‘c’等字母的内部空间宽敞，这极大地 → 中文字体/无衬线体
  📂 Akrobat Black → 韩文字体/标题字
  📂 "这是一款融合了传统书法美学与现代设计感的字体，呈现出一种独特的‘中英双形态’特征。中文部分（以“你好世界”等字样为代表）具有典型的行书笔意：笔画流畅、连笔自然，粗细变化明显，起笔收笔带有毛笔的提按顿挫感，结构疏朗，重心略高，整体气韵生动、灵动飘逸。英文及数字部分则采用规整的衬线体（Serif）设计，笔画精致，粗细对比清晰，衬线尖锐挺 → 中文字体/衬线体
  📂 装甲明朝体 → 中文字体/标题字
  📂 腾祥金砖黑简 → 中文字体/标题字
  📂 思源黑体/Source Han Sans → 中文字体/正文字
  📂 "这是一款极具特色的现代书法风格字体，完美融合了无衬线体的几何规整与硬笔隶书的书法韵味。中文字体在方正稳重的骨架基础上，巧妙地融入了硬笔书法的笔触特征：横画起笔有轻微的顿笔，收笔处则呈现出自然的出锋效果，捺画也带有经典的隶书波磔感，整体既有黑体 → 中文字体/正文字
  📂 站酷意大利体02 → 中文字体/衬线体
  📂 "这是一款融合了现代极简主义与手写自然感的创意中英文字体。其结构特征显著，英文部分为规整的无衬线体，笔画粗细均匀，字形偏窄，结构紧凑；而中文部分笔画则带有微妙的粗 → 中文字体/衬线体
  📂 站酷高端黑 → 中文字体/标题字
  ✓ 第 52 页: 成功 20, 跳过 0, 失败 0 (1340.9s)
  📄 第 53 页: 20 个需要处理
  📂 站酷快乐体 → 中文字体/装饰体
  📂 商用字体包270款 - 002-其它类中文-可商用字体-126款 - 杨任东竹石体7款 - 杨任东竹石体-Regular → 中文字体/手写体
  📂 商用字体包270款 - 002-其它类中文-可商用字体-126款 - 杨任东竹石体7款 - 杨任东竹石体-Light → 中文字体/装饰体
  📂 清河書景 → 中文字体/无衬线体
  📂 杨任东竹石体 → 中文字体/正文字
  📂 详情页字体预览 - 部分中文字体预览图 - 柠檬茶水 - 迷你简柏青 → 中文字体/手写体
  📂 详情页字体预览 - 部分中文字体预览图 - 奇货可居 - 经典繁方篆 → 中文字体/其他
  📂 新蒂小丸子小学版 → 中文字体/装饰体
  📂 现代无衬线黑体（基于视觉特征） → 中文字体/正文字
  📂 文泉驿微米黑 → 中文字体/正文字
  📂 思源黑体 → 中文字体/正文字
  📂 字体模板 → 中文字体/其他
  📂 "这是一款融合传统书法笔触与现代设计感的衬线字体。其核心特征在于笔画具有强烈且优雅的粗细对比（横细竖粗），结构方正严谨，字形饱满。转角处理锐利，笔画末端（如点、撇、捺）带有精心设计的装饰性尖角，赋予字体古典韵味与现代力量感。字体的重心平稳，字内空间紧凑，整体呈现出一种庄重、典雅、有力的 → 中文字体/其他
  📂 文泉驿等宽微米黑 → 中文字体/正文字
  📂 毛泽东字体 → 中文字体/手写体
  📂 王汉宗综艺体繁 → 中文字体/标题字
  📂 迷你简陈频破-狂想曲 → 中文字体/其他
  📂 详情页字体预览 - 部分中文字体预览图 - 教书育人 - 毛泽东字体 → 中文字体/手写体
  📂 "这是一款典型的现代几何无衬线字体。其结构特征极为规整：笔画粗细高度均匀，呈现等线体特质；起笔与收笔处理直接利落，转角均为精准的直角或平直线条，带有强烈的几何感。字形比例偏方正，x字高较高，字内空间开放适中，确保了出色的阅读清晰度，尤其适合屏幕显示。整体风格极简、理性且富有科技感，情感调性严肃、硬朗、专业且可靠。视觉上具有强烈的规则性和秩序感，笔画结构紧凑，没有多余的装饰。由于其高可读性和现代感，非常适合作为UI界面 → 中文字体/无衬线体
  📂 王汉宗中明体注音体 → 中文字体/其他
  ✓ 第 53 页: 成功 20, 跳过 0, 失败 0 (1368.6s)
  📄 第 54 页: 20 个需要处理
  📂 详情页字体预览 - 部分中文字体预览图 - 江南美如画 - 章草 → 中文字体/手写体
  📂 Noto Sans SC → 中文字体/衬线体
  📂 商用字体包270款 - 002-其它类中文-可商用字体-126款 - 王汉宗自由字形42款 - 王汉宗中明体破音三 → 中文字体/衬线体
  📂 王汉宗中明体 → 中文字体/衬线体
  📂 等线体/无衬线体 → 中文字体/正文字
  📂 无界现代黑体 → 中文字体/正文字
  📂 思源黑体 Regular → 中文字体/正文字
  📂 详情页字体预览 - 部分中文字体预览图 - 古诗2 - 文悦古典明朝 → 中文字体/衬线体
  📂 王汉宗中楷体破音三 → 中文字体/手写体
  📂 详情页字体预览 - 部分中文字体预览图 - 钢笔行书 - 书体坊赵九江钢笔行书 → 中文字体/手写体
  📂 详情页字体预览 - 部分中文字体预览图 - 法式湿吻 - 字心坊李林哥特体简体中文 → 中文字体/哥特体
  📂 商用字体包270款 - 002-其它类中文-可商用字体-126款 - 王汉宗自由字形42款 - 王汉宗颜楷体繁 → 中文字体/手写体
  📂 详情页字体预览 - 部分中文字体预览图 - 道貌岸然 - 超世纪中古印 → 中文字体/其他
  📂 "这是一款笔画均匀纤细、字形圆润现代的无衬线字体。其结构特征鲜明：整体字重为细体（Light），笔画粗细完全一致，没有任何粗细变化，线条感极强。起笔、收笔及所有转角处均采用柔和的圆角处理，消除了尖锐感，赋予字体亲切、友好的视觉印象。字形比例适中，中文部分方正中略带舒展，英文x字高比例和谐，整体字面率较高，内部空间（字怀）开放通透，确保了良好的易读性。情感调性上，它兼具科技感的简洁与人文气息的柔和，视觉特征圆润、有机、舒展，无任何装饰性连笔。适合用于需要清晰传达信息又不失温度的 → 中文字体/无衬线体
  📂 现代几何无衬线体 → 中文字体/正文字
  📂 商用字体包270款 - 002-其它类中文-可商用字体-126款 - 王汉宗自由字形42款 - 王汉宗细明体繁 → 中文字体/其他
  📂 商用字体包270款 - 002-其它类中文-可商用字体-126款 - 王汉宗自由字形42款 - 王汉宗特圆体繁 → 中文字体/标题字
  📂 商用字体包270款 - 002-其它类中文-可商用字体-126款 - 王汉宗自由字形42款 - 王汉宗特明体-标准 → 中文字体/正文字
  📂 半天水 → 中文字体/标题字
  📂 王汉宗酷正海报 → 中文字体/标题字
  ✓ 第 54 页: 成功 20, 跳过 0, 失败 0 (1395.9s)
  📄 第 55 页: 20 个需要处理
  📂 详情页字体预览 - 部分中文字体预览图 - 春意盎然 - 汉仪小麦体简 → 中文字体/手写体
  📂 王汉宗空叠圆繁 → 中文字体/装饰体
  📂 详情页字体预览 - 部分中文字体预览图 - 乘风破浪 - 华文行楷 → 中文字体/标题字
  📂 商用字体包270款 - 002-其它类中文-可商用字体-126款 - 王汉宗自由字形42款 - 王汉宗仿宋体-标准 → 中文字体/手写体
  📂 向佳红毛笔行书 → 中文字体/手写体
  📂 王汉宗粗明体繁（WHTSongmingti） → 中文字体/标题字
  📂 蹂躏太行爆炸体 → 中文字体/装饰体
  📂 详情页字体预览 - 部分中文字体预览图 - 俺来啦 - C288-蔡云汉隶书书法字体 → 中文字体/手写体
  📂 王汉宗粗黑体实阴 → 中文字体/标题字
  📂 王汉宗超明体繁 → 中文字体/标题字
  📂 TanukiMagic 神奇墨水字体 → 中文字体/标题字
  📂 部分中文字体预览22 - 部分中文字体预览22 - 扬帆起航 - 华文行楷 → 中文字体/手写体
  📂 王汉宗波卡体-空阴 → 中文字体/装饰体
  📂 汉仪尚巍手书W → 中文字体/手写体
  📂 台湾明体 → 中文字体/衬线体
  📂 庞门正道标题体 → 中文字体/标题字
  📂 部分中文字体预览22 - 部分中文字体预览22 - 虎啸山河 - 李旭科书法 → 中文字体/手写体
  📂 黑体风格无衬线体 → 中文字体/正文字
  📂 现代中文无衬线体 → 中文字体/正文字
  📂 商用字体包270款 - 002-其它类中文-可商用字体-126款 - 思源宋体7款 - NotoSerifCJKsc-SemiBold → 中文字体/衬线体
  ✓ 第 55 页: 成功 20, 跳过 0, 失败 0 (1423.1s)
  📄 第 56 页: 20 个需要处理
  📂 思源黑体 → 中文字体/正文字
  📂 鲸海醉侯 → 中文字体/其他
  📂 部分中文字体预览22 - 部分中文字体预览22 - 颁奖盛典 - 中山行书百年纪念版 → 中文字体/手写体
  📂 禹卫书法行书简体 → 中文字体/其他
  📂 Noto Serif CJK SC Medium → 中文字体/衬线体
  📂 部分中文字体预览22 - 部分中文字体预览22 - 爱莲说 - 康熙字典体（完整版）TpldKhangXiDict1.023 → 中文字体/其他
  📂 Noto Serif CJK SC ExtraLight → 中文字体/衬线体
  📂 商用字体包270款 - 002-其它类中文-可商用字体-126款 - 思源宋体7款 - NotoSerifCJKsc-Black → 中文字体/标题字
  📂 Source Han Sans Normal → 中文字体/正文字
  📂 华文行楷 → 中文字体/标题字
  📂 商用字体包270款 - 002-其它类中文-可商用字体-126款 - 思源黑体7款 - SourceHanSansK-Light → 中文字体/正文字
  📂 汉仪尚巍手书W → 中文字体/手写体
  📂 详情页字体预览 - 部分中文字体预览22 - 凝心聚力 携手并进 - 庞门正道标题体 → 中文字体/标题字
  📂 思源黑体 ExtraLight → 中文字体/正文字
  📂 圆角无衬线体 - 通用高可读性字体 → 中文字体/正文字
  📂 虎啸山河 → 中文字体/标题字
  📂 几何现代体 → 中文字体/衬线体
  📂 "这是一款经典的现代无衬线字体，具有极高的普适性和可读性。字体结构上，笔画粗细均匀一致，无任何衬线装饰或末端处理，转角处处理锐利、利落，展现出强烈的几何感与秩序感。字形比例方正，重心居中稳定，字面率较高，使得单个字符在屏幕或印刷品上都显得饱满、清晰。其风格现代、极简、理性，情感调性严肃、专业、可靠，能有效传递信息而不带个人色彩。作为一款基础字体，它非常适合用于各类正文排版，如书籍、杂志、网页正文、APP界面、文档报告 → 中文字体/无衬线体
  📂 鲸海醉侯 → 中文字体/其他
  📂 思源黑体 (Source Han Sans CN) Medium → 中文字体/正文字
  ✓ 第 56 页: 成功 20, 跳过 0, 失败 0 (1449.8s)
  📄 第 57 页: 20 个需要处理
  📂 详情页字体预览 - 部分中文字体预览22 - 茶 终归这里 - 禹卫书法行书简体 → 中文字体/手写体
  📂 思源黑体 极粗 (Source Han Sans Heavy) → 中文字体/标题字
  📂 优雅现代体 → 中文字体/标题字
  📂 中山行书百年纪念版 → 中文字体/标题字
  📂 002-其它类中文-可商用字体-126款 - 思源黑体18款 - NotoSansCJK-思源黑体 Google自有版本 - NotoSansCJK-Regular → 中文字体/正文字
  📂 思源黑体 Bold → 中文字体/正文字
  📂 002-其它类中文-可商用字体-126款 - 思源黑体18款 - NotoSansCJK-思源黑体 Google自有版本 - NotoSansCJK-Light → 中文字体/正文字
  📂 思源黑体 Bold (Noto Sans CJK SC Bold) → 中文字体/正文字
  📂 详情页字体预览 - 部分英文字体预览图 - 7 KGTangled - KGTangledUpInYou → 中文字体/衬线体
  📂 "这是一款优雅而随性的英文手写体，其最大特点是模拟了真实钢笔或签字笔书写的自然质感。在结构上，字体为无衬线设计，笔画粗细变化显著，模拟了书写时的提按顿挫，转角圆润流畅。字形比例舒展，尤其是大写字母（如G、J、Q）的末端带有优雅的装饰性延伸，小写字母的尾部（如g、y、z）也呈现出自然的拖曳笔触，整体重心居中，字内空间开放，避免了拥挤感。风格上，它属于 → 中文字体/手写体
  📂 Opificio Neue → 中文字体/正文字
  📂 "这是一款极具视觉冲击力和破坏感的粗体无衬线字体预览，核心特征在于其强烈的人为做旧、斑驳、破碎效果。英文字母笔画粗壮，但边缘被处理成不规则的侵蚀、剥落和磨损痕迹，仿佛历经岁月侵蚀或故意破坏的工业风格。字体结构方正，字重为粗体，x字高较高，字内空间因破碎效果显得开放与封闭交织。整体设计风格融合了复古、工业与粗犷美学，情感调性硬朗、叛逆且带有破坏性的艺术感。其最突出的特征正是这种强烈的“Bad Grunge”做旧质感，赋予字体强烈的叙事性和场景感。这款字体极其适合用于需要表达力量、原始、复古或叛逆情绪的创意设计场景，如摇滚音乐节海报、极限运动品牌Logo、电影海报标题、游戏中的破坏性元素、 → 中文字体/无衬线体
  📂 商用字体包270款 - 002-其它类中文-可商用字体-126款 - 思源黑体18款 - 思源黑体旧字形 Regular → 中文字体/正文字
  📂 CraterFaceShrapnelBB → 中文字体/无衬线体
  📂 Goodshop Brushed → 中文字体/其他
  📂 "这是一款纤细优雅的现代无衬线中文字体，为思源黑体的旧字形Light版本。其结构特征鲜明：笔画极度均匀纤细，粗细变化几乎不可见；字重轻盈（Light），视觉压力极小；字形比例均衡，呈标准的方形结构；重心平稳居中，确保阅读流畅。字怀（字内空间）开放，内部留白充足，增强了清晰度与呼吸感。设计风格现代、极简、中性，情感调性优雅而专业，带有传统字形（旧字形）的细微书卷气，视觉感受干净、规整、几何化。其笔画末端处理利落，无多余装饰，保持了高度的克制与平衡 → 中文字体/正文字
  📂 书体坊颜体回 → 中文字体/标题字
  📂 Dearest Gothic → 中文字体/其他
  📂 Avenir Next → 中文字体/衬线体
  📂 "这是一款具有古典优雅气质的英文手写风格字体，其笔画设计模拟了流畅的书法或尖头画笔的书写效果，呈现出明显而自然的粗细对比，线条舒展。笔画的起笔和收笔处常带有优美的卷曲或钩状装饰，增强了字体的装饰性与艺术感。整体字形修长，字母重心居中，排列疏朗，字内空间开放，赋予单个字母独立的优雅姿态。其设计风格复古而浪漫，情感调性高贵、文艺，视觉上既流畅又富有动态美感。它非常适合用于婚礼请柬、品牌标志、高端产品包装、艺术展览海报以及任何需要传递精致、浪漫或个性化气息的标题设计。作为一款经典的婚礼字体或优雅风格 → 中文字体/手写体
  ✓ 第 57 页: 成功 20, 跳过 0, 失败 0 (1476.6s)
  📄 第 58 页: 20 个需要处理
  📂 SkyFall Done → 中文字体/标题字
  📂 Palm Beach → 中文字体/装饰体
  📂 12 Assassi → 中文字体/装饰体
  📂 YesevaOne-Regular → 中文字体/衬线体
  📂 赵九江钢笔行书 → 中文字体/手写体
  📂 Transformers Movie → 中文字体/装饰体
  📂 Ropa Sans Italic → 中文字体/正文字
  📂 书体坊郭小语钢笔楷体 → 中文字体/手写体
  📂 SigmarOne → 中文字体/标题字
  📂 商用字体包270款 - 商用字体包270款 - 003-英文可商用字体-87款 - Sansita-Black → 中文字体/标题字
  📂 Saira-Black → 中文字体/无衬线体
  📂 "这是一款融合了现代无衬线结构与手写流畅感的装饰字体，整体风格清新优雅。笔画以均匀的细线条为主，起笔收笔及转角处处理圆润柔和，摒弃了尖锐的棱角，赋予字体温和的视觉感受。字形结构修长，x字高适中，字内空间开放通透，呈现出轻盈舒展的姿态。字重介于常规与中粗之间，重心稳定居中。其最大的特点在于将工整的几何骨架与富有弹性的、带有微妙手写痕迹的笔画末端（如‘l’、‘t’等字母的钩形收笔）相结合，形成了独特的文艺气质。这款字体适合用于需要营造优雅、清新或文艺氛围的标题、Logo设计、海报、书籍封面、社交媒体图片及品牌包装，尤其适配文化、 → 中文字体/无衬线体
  📂 全字库正宋体 → 中文字体/衬线体
  📂 Roboto Light Italic → 中文字体/正文字
  📂 Roboto Bold → 中文字体/标题字
  📁 创建: 日文字体/手写体
  📂 商用字体包270款 - 商用字体包270款 - 003-英文可商用字体-87款 - PostNoBillsJaffna-Regular → 日文字体/手写体
  📂 Oswald-Medium → 中文字体/标题字
  📂 PostNoBills Colombo ExtraBold → 中文字体/标题字
  📂 Pangolin → 中文字体/等线体
  📂 NISCRIPT-Regular → 中文字体/标题字
  ✓ 第 58 页: 成功 20, 跳过 0, 失败 0 (1503.6s)
  📄 第 59 页: 20 个需要处理
  📂 Nexa Bold → 中文字体/标题字
  📂 Muli ExtraLight → 中文字体/其他
  📂 商用字体包270款 - 商用字体包270款 - 003-英文可商用字体-87款 - Montserrat-ThinItalic → 中文字体/其他
  📂 Montserrat Black → 中文字体/标题字
  📂 MontserratAlternates-Thin → 中文字体/标题字
  📂 商用字体包270款 - 商用字体包270款 - 003-英文可商用字体-87款 - Montserrat-ExtraLight → 中文字体/标题字
  📂 字体模板 → 中文字体/装饰体
  📂 濑户字体 → 中文字体/手写体
  📂 Manuale-SemiBold → 中文字体/标题字
  📁 创建: 韩文字体/其他
  📂 商用字体包270款 - 商用字体包270款 - 003-英文可商用字体-87款 - Kraskario → 韩文字体/其他
  📂 Jura Medium → 中文字体/无衬线体
  📂 GemunuLibre-SemiBold → 中文字体/标题字
  📂 Galano Grotesque DEMO Bold → 中文字体/标题字
  📂 FirstShine → 中文字体/标题字
  📂 商用字体包270款 - 商用字体包270款 - 003-英文可商用字体-87款 - GemunuLibre-Light → 中文字体/无衬线体
  📂 商用字体包270款 - 商用字体包270款 - 003-英文可商用字体-87款 - EncodeSans-Thin → 中文字体/无衬线体
  📂 商用字体包270款 - 商用字体包270款 - 003-英文可商用字体-87款 - Droid Sans → 中文字体/无衬线体
  📂 Fira Sans Black Italic → 中文字体/标题字
  📂 Didact Gothic Regular → 中文字体/正文字
  📂 Dolce Vita Light → 中文字体/标题字
  ✓ 第 59 页: 成功 20, 跳过 0, 失败 0 (1530.4s)
  📄 第 60 页: 20 个需要处理
  📂 无衬线中文字体，中等字重，结构匀称 → 中文字体/无衬线体
  📂 "这是一款极具现代感和几何美学的无衬线粗体字体。其核心特征在于笔画粗细高度均匀，但通过精妙的转角处理和墨水陷阱设计（如字母‘n’、‘r’的转角处），有效避免了视觉上的单调感，增强了辨识度。字母结构非常规整，大写字 → 中文字体/装饰体
  📂 商用字体包270款 - 商用字体包270款 - 003-英文可商用字体-87款 - CabinSketch-Regular → 中文字体/手写体
  📂 Cormorant SC → 中文字体/衬线体
  📂 无衬线黑体-中等粗细 → 中文字体/正文字
  📂 商用字体包270款 - 商用字体包270款 - 003-英文可商用字体-87款 - Cabin-MediumItalic → 中文字体/其他
  📂 商用字体包270款 - 商用字体包270款 - 003-英文可商用字体-87款 - Cabin-Bold → 中文字体/衬线体
  📂 Cabin Italic → 中文字体/正文字
  📂 Barrio-Regular → 中文字体/标题字
  📂 Baihui-黑体 → 中文字体/正文字
  📂 商用字体包270款 - 002-其它类中文-可商用字体-126款 - 刻石录字体5款 - 刻石录明体 → 中文字体/衬线体
  📂 商用字体包270款 - 商用字体包270款 - 003-英文可商用字体-87款 - AsapCondensed-Bold → 中文字体/标题字
  📂 商用字体包270款 - 商用字体包270款 - 003-英文可商用字体-87款 - Arual → 中文字体/其他
  📂 Amaranth Italic → 中文字体/标题字
  📂 AiDeep-几何无衬线体 → 中文字体/正文字
  📂 Amaranth Bold Italic → 中文字体/标题字
  📂 商用字体包270款 - 002-其它类中文-可商用字体-126款 - 华文字体4款 - 华文行楷 → 中文字体/其他
  📂 商用字体包270款 - 商用字体包270款 - 002-其它类中文-可商用字体-126款 - 郑庆科黄油体 Regular → 中文字体/标题字
  📂 商用字体包270款 - 002-其它类中文-可商用字体-126款 - 站酷字体7款 - 站酷文艺体 → 中文字体/标题字
  📂 装饰性古典花体 → 中文字体/其他
  ✓ 第 60 页: 成功 20, 跳过 0, 失败 0 (1558.5s)

  ⏳ 进度: 已处理 1091 个, 文件夹 NaN 个, 移动 NaN 个 (1559.0s)

  📄 第 61 页: 20 个需要处理
  📂 华文隶书 → 中文字体/衬线体
  📂 站酷酷黑 → 中文字体/标题字
  📂 杨任东竹石体-Semibold → 中文字体/标题字
  📂 Hiragino Sans GB W6 → 中文字体/正文字
  📂 商用字体包270款 - 002-其它类中文-可商用字体-126款 - 杨任东竹石体7款 - 杨任东竹石体-Heavy → 中文字体/标题字
  📂 杨任东竹石体-Medium → 中文字体/正文字
  📂 華康鐵線龍門 → 中文字体/标题字
  📂 商用字体包270款 - 商用字体包270款 - 001-淘宝授权使用-华康字体-58款 - 華康小皮體 → 中文字体/手写体
  📂 商用字体包270款 - 002-其它类中文-可商用字体-126款 - 杨任东竹石体7款 - 杨任东竹石体-Bold → 中文字体/正文字
  📂 "这是一款现代简约风格的无衬线中文字体。其笔画粗细基本均匀，线条干净利落，但在笔画末端与转角处做了微妙的圆润处理，避免了机械感，增添了亲和力。字形结构方正均衡，字面率较高，x字高适中，重心平稳，整体字内空间开放，这使得字体在长文本排版中具有出色的可读性与舒适度。情感调性友好、亲切且带有一丝文艺气息，视觉上圆润、开放、舒展。它非常适合用于需要清晰易读且风格轻松的场景，例如教育类应用的正文、儿童读物、生活类APP界面、社交媒体图文排版以及品牌宣传中的辅助文案。作为一款高易读性的正文字体，它能很好地服务于教育、儿童、生活方式等行业的数字与 → 中文字体/正文字
  📂 文泉驿等宽正黑 → 中文字体/无衬线体
  📂 文泉驿正黑 → 中文字体/无衬线体
  📂 商用字体包270款 - 商用字体包270款 - 001-淘宝授权使用-华康字体-58款 - 華康抖抖體 → 中文字体/其他
  📂 圆润几何等线体 → 中文字体/无衬线体
  📂 华康POP1体 W5 → 中文字体/其他
  📂 商用字体包270款 - 商用字体包270款 - 002-其它类中文-可商用字体-126款 - 文鼎PL细上海宋 → 中文字体/衬线体
  📂 商用字体包270款 - 商用字体包270款 - 001-淘宝授权使用-华康字体-58款 - 华康圆体W9(P) → 中文字体/标题字
  📂 华康圆体W5 → 中文字体/圆体
  📂 商用字体包270款 - 002-其它类中文-可商用字体-126款 - 王汉宗自由字形42款 - 王汉宗综艺体-双空阴 → 中文字体/装饰体
  📂 华康雅艺体W6 → 中文字体/标题字
  ✓ 第 61 页: 成功 20, 跳过 0, 失败 0 (1585.4s)
  📄 第 62 页: 20 个需要处理
  📂 字体模板 → 中文字体/标题字
  📂 商用字体包270款 - 商用字体包270款 - 001-淘宝授权使用-华康字体-58款 - 华康魏碑W7(P) → 中文字体/标题字
  📂 商用字体包270款 - 商用字体包270款 - 001-淘宝授权使用-华康字体-58款 - 华康唐风隶W5 → 中文字体/标题字
  📂 华康宋体W5 → 中文字体/衬线体
  📂 王汉宗中魏碑简 → 中文字体/衬线体
  📂 商用字体包270款 - 002-其它类中文-可商用字体-126款 - 王汉宗自由字形42款 - 王汉宗中明体破音一 → 中文字体/其他
  📂 商用字体包270款 - 商用字体包270款 - 001-淘宝授权使用-华康字体-58款 - 华康宋体W12(P) → 中文字体/衬线体
  📂 商用字体包270款 - 商用字体包270款 - 001-淘宝授权使用-华康字体-58款 - 华康手札体简W5 → 中文字体/其他
  📂 王汉宗极细等线体 → 中文字体/无衬线体
  📂 王汉宗自由字形42款 - 王汉宗中黑简 → 中文字体/正文字
  📂 汉仪楷体简 → 中文字体/手写体
  📂 "这是一款带有传统韵味的现代中仿宋衬线字体。其结构特征显著，横笔画纤细，竖笔画及撇、捺等主笔画较为粗壮，形成了鲜明的粗细对比，是典型的仿宋体骨架。笔画末端带有精致的三角形或点状衬线装饰，起笔与收笔处有明显的顿角， → 中文字体/衬线体
  📂 商用字体包270款 - 002-其它类中文-可商用字体-126款 - 王汉宗自由字形42款 - 王汉宗中楷体破音二 → 中文字体/手写体
  📂 商用字体包270款 - 商用字体包270款 - 001-淘宝授权使用-华康字体-58款 - 华康翩翩体W5 → 中文字体/标题字
  📂 商用字体包270款 - 002-其它类中文-可商用字体-126款 - 王汉宗自由字形42款 - 王汉宗新潮体-波浪 → 中文字体/装饰体
  📂 商用字体包270款 - 002-其它类中文-可商用字体-126款 - 王汉宗自由字形42款 - 王汉宗细新宋简 → 中文字体/衬线体
  ✓ 第 62 页: 成功 16, 跳过 0, 失败 4 (1610.0s)
  ✗ 第 63 页失败: fetch failed
  ✗ 第 64 页失败: fetch failed
  ✗ 第 65 页失败: fetch failed
  ✗ 第 66 页失败: fetch failed
  ✗ 第 67 页失败: fetch failed
  ✗ 第 68 页失败: fetch failed
  ✗ 第 69 页失败: fetch failed
  ✗ 第 70 页失败: fetch failed
  ✗ 第 71 页失败: fetch failed
  ✗ 第 72 页失败: fetch failed
  ✗ 第 73 页失败: fetch failed
  ✗ 第 74 页失败: fetch failed
  ✗ 第 75 页失败: fetch failed
  ✗ 第 76 页失败: fetch failed
  ✗ 第 77 页失败: fetch failed
  ✗ 第 78 页失败: fetch failed
  ✗ 第 79 页失败: fetch failed
  ✗ 第 80 页失败: fetch failed

  ⏳ 进度: 已处理 1127 个, 文件夹 NaN 个, 移动 NaN 个 (1655.7s)

  ✗ 第 81 页失败: fetch failed
  ✗ 第 82 页失败: fetch failed
  ✗ 第 83 页失败: fetch failed
  ✗ 第 84 页失败: fetch failed
  ✗ 第 85 页失败: fetch failed
  ✗ 第 86 页失败: fetch failed
  ✗ 第 87 页失败: fetch failed
  ✗ 第 88 页失败: fetch failed
  ✗ 第 89 页失败: fetch failed
  ✗ 第 90 页失败: fetch failed
  ✗ 第 91 页失败: fetch failed
  ✗ 第 92 页失败: fetch failed
  📄 第 93 页: 20 个需要处理
  📂 字体库 - 分类字体包 - JINMEI字体库22 - 金梅印篆九宫实心 → 中文字体/其他
  📂 汉仪时光体W → 中文字体/无衬线体
  📂 字体库 - 分类字体包 - JYLZTHJ008-汉仪字体合集 - 汉仪尚巍手书W → 中文字体/标题字
  📂 圆润无衬线体 → 中文字体/衬线体
  📂 汉仪润圆-65W → 中文字体/其他
  📂 现代几何无衬线体 → 中文字体/正文字
  📂 分类字体包 - JYLZTHJ008-汉仪字体合集 - 汉仪润圆系列 - 汉仪润圆-45W → 中文字体/正文字
  📂 汉仪瑞意宋W → 中文字体/标题字
  📂 字体库 - 分类字体包 - JYLZTHJ008-汉仪字体合集 - 汉仪全唐诗繁 → 中文字体/衬线体
  📂 "这是一款极具视觉冲击力的装饰性粗衬线字体。其笔画粗壮有力，整体字重达到粗体甚至极粗级别，笔画末端具有独特的、形似‘鴉嘴’的装饰性加粗处理，起笔与收笔夸张且富有张力，转角处则呈现圆润过渡。字形宽大饱满，字面率高，x字高比例较大，重心居中 → 中文字体/其他
  📂 "这是一款现代感极强的极简风格无衬线字体。其核心特征在于笔画的极致均匀，无论是字母还是汉字，所有线条粗细保持完全一致，没有任何粗细对比或笔画末端的装饰，呈现出高度的几何规整感。字形比例舒展、偏宽，x字高较高，字面率大，使得字内空间（字怀）显得非常开放、通透，视觉上清晰易读。整体重心居中，结构稳重平衡。设计风格极为简洁、现代、理性，情感调性中性、友好、具有科技感，同时因圆润的笔画处理而显得柔和，避免了冷峻感。这款字体特别适合需要清晰传达信息且追求现代简约美感的场景，是极佳的网页正文、UI界面、应用内文字、电子邮件及品牌说明文档字体。它也适用于教育、科技、数字产品、电商等行业的界面设计、 → 中文字体/无衬线体
  📂 金梅新洋伞体 → 中文字体/正文字
  📂 字体库 - 分类字体包 - JYLZTHJ008-汉仪字体合集 - 汉仪清韵体简 → 中文字体/标题字
  📂 金梅新细圆体 → 中文字体/正文字
  📂 字体库 - 分类字体包 - JYLZTHJ008-汉仪字体合集 - 汉仪芊芊体简 → 中文字体/其他
  📂 像素等宽体 → 中文字体/等线体
  📂 汉仪中黑 → 中文字体/标题字
  📂 金梅新水管体 → 中文字体/其他
  📂 Jinmei Gothic Rounded → 中文字体/正文字
  📂 思源黑体 Regular (Source Han Sans) → 中文字体/正文字
  ✓ 第 93 页: 成功 20, 跳过 0, 失败 0 (1720.7s)
  📄 第 94 页: 20 个需要处理
  📂 汉仪平安行繁 → 中文字体/手写体
  📂 汉仪欧行繁 → 中文字体/手写体
  📂 字体库 - 分类字体包 - JYLZTHJ008-汉仪字体合集 - 汉仪喵小姐体简 → 中文字体/装饰体
  📂 金梅几何方正体 → 中文字体/正文字
  📂 金梅几何圆体 → 中文字体/无衬线体
  📂 字体库 - 分类字体包 - JYLZTHJ008-汉仪字体合集 - 汉仪咪咪体简 → 中文字体/装饰体
  📂 字体库 - 分类字体包 - JINMEI字体库22 - 金梅新創字體範例 → 中文字体/其他
  📂 字体库 - 分类字体包 - JYLZTHJ008-汉仪字体合集 - 汉仪漫步体繁 → 中文字体/无衬线体
  📂 汉仪今楷体 → 中文字体/手写体
  📂 "这是一款源自柳公权书法风格的传统楷书字体。其结构特征鲜明：笔画粗细变化极为丰富，起笔、收笔与转折处均有明显的顿挫与出锋，如同刀刻般锋利；字形比例在楷书的方正中略带修长，重心平稳居中，整体结构严谨，字内空间开放而不松散。设计风格古典而端庄，情感调性严肃、权威且极具文化底蕴，视觉特征表现为笔画挺拔、棱角分明，充满力量感与节奏感。这是一款非常适合用于需要体现传统文化、权威感与正式感的场景的字体，如书籍封面、品牌标识、标题题字、证书、请柬 → 中文字体/其他
  📂 字体库 - 分类字体包 - JYLZTHJ008-汉仪字体合集 - 汉仪陆行繁 → 中文字体/正文字
  📂 "这是一款现代感十足的无衬线中文字体，笔画粗细均匀，线条圆滑流畅，无任何装饰性末端。其显著特征是极高的x字高和较大的字面率，使得单个字符看起来非常饱满、清晰易读。字体整体呈现几何化与有机形态的结合，转角处采用圆弧处理，视觉上柔和而友好。重心稳定居中，字怀开放，排版时字间距协调，形成稳定而舒适的阅读块面。这款字体非常适合用于需要高清晰度和中性调性的场景，例如移动应用UI界面、网页正文、产品说明、教育类印刷品以及科技行业的品牌辅助文字。它能有效传达友好、清晰、 → 中文字体/无衬线体
  📂 字体库 - 分类字体包 - JYLZTHJ008-汉仪字体合集 - 汉仪菱心体繁 → 中文字体/其他
  📂 金梅小威个性字体 → 中文字体/其他
  📂 纤韵体（汉仪凌波体） → 中文字体/标题字
  📂 汉仪良品线粗简 → 中文字体/其他
  📂 字体库 - 分类字体包 - JYLZTHJ008-汉仪字体合集 - 汉仪力量黑简 → 中文字体/其他
  📂 字体库 - 分类字体包 - JYLZTHJ008-汉仪字体合集 - 汉仪乐喵体简 → 中文字体/标题字
  📂 金梅小甜甜美工字 → 中文字体/标题字
  📂 极简几何无衬线体 → 中文字体/正文字
  ✓ 第 94 页: 成功 20, 跳过 0, 失败 0 (1747.3s)
  📄 第 95 页: 20 个需要处理
  📂 字体库 - 分类字体包 - JINMEI字体库22 - 金梅小黑歪体字体 → 中文字体/正文字
  📂 字体库 - 分类字体包 - JYLZTHJ008-汉仪字体合集 - 汉仪楷体繁 → 中文字体/手写体
  📂 字体库 - 分类字体包 - JYLZTHJ008-汉仪字体合集 - 汉仪井柏然体简 → 中文字体/其他
  📂 字体库 - 分类字体包 - JINMEI字体库22 - 金梅歪圓個性字體 → 中文字体/其他
  📂 金梅细黑体 → 中文字体/正文字
  📂 "这是一款现代优雅、兼具力量感与精致度的无衬线字体。其结构特征鲜明：笔画粗细对比适中，主要笔画坚实有力，转角处理圆润流畅，赋予字体友好亲和的视觉感受。字形比例偏方正，小写字母的x字高较高，字面率高，确保了良好的辨识度和开阔的视觉感受。字体字重介于中粗至粗之间，重心居中稳定，内部空间（字怀）开放均衡，既不显拥挤也不松散。在设计风格上，它融合了几何的简洁与有机线条的柔和，整体呈现出现代、高端、精致的气质，情感调性优雅而专业。视觉上兼具方正结构与圆润细节，笔画独立清晰。这款字体非常适合用于品牌Logo、高端产品包装、时尚与奢侈品行业宣传、金融类应用标题、现代UI界面标题、以及各类需要 → 中文字体/无衬线体
  📂 现代经典衬线体 → 中文字体/标题字
  📂 汉仪现代体 → 中文字体/无衬线体
  📂 字体库 - 分类字体包 - JYLZTHJ008-汉仪字体合集 - 汉仪花农体简 → 中文字体/其他
  📂 思源黑体等宽体 → 中文字体/正文字
  📂 字体库 - 分类字体包 - JINMEI字体库22 - 金梅特明体 → 中文字体/其他
  📂 金梅特圆体 → 中文字体/正文字
  📂 字体库 - 分类字体包 - JYLZTHJ008-汉仪字体合集 - 汉仪黑仔体W → 中文字体/正文字
  📂 字体库 - 分类字体包 - JINMEI字体库22 - 金梅特黑炸開字形 → 中文字体/正文字
  📂 汉仪黑咪体简 → 中文字体/标题字
  📂 "这是一款现代感强烈、视觉冲击力突出的粗体无衬线中文字体。其结构特征极为显著：笔画粗壮且粗细近乎等宽，起笔收笔干脆利落，转角处理硬朗，多呈直角或极小 → 中文字体/无衬线体
  📂 金梅特黑眼淚字形 → 中文字体/其他
  📂 字体库 - 分类字体包 - JYLZTHJ008-汉仪字体合集 - 汉仪寒石体简 → 中文字体/手写体
  📂 金梅特粗黑体 → 中文字体/正文字
  📂 字体库 - 分类字体包 - JYLZTHJ008-汉仪字体合集 - 汉仪寒石粗体简 → 中文字体/标题字
  ✓ 第 95 页: 成功 20, 跳过 0, 失败 0 (1773.8s)
  📄 第 96 页: 20 个需要处理
  📂 汉仪海韵体简 → 中文字体/标题字
  📂 字体库 - 分类字体包 - JYLZTHJ008-汉仪字体合集 - 汉仪海纹体繁 → 中文字体/装饰体
  📂 字体库 - 分类字体包 - JINMEI字体库22 - 金梅特黑仙雲彩字 → 中文字体/其他
  📂 字体库 - 分类字体包 - JINMEI字体库22 - 金梅特黑体 → 中文字体/正文字
  📂 现代优雅无衬线中文字体 → 中文字体/无衬线体
  📂 字体库 - 分类字体包 - JINMEI字体库22 - 金梅特黑雙翅字形 → 中文字体/装饰体
  📂 字体库 - 分类字体包 - JYLZTHJ008-汉仪字体合集 - 汉仪高铚谦体简 → 中文字体/正文字
  📂 字体库 - 分类字体包 - JINMEI字体库22 - 金梅特黑閃亮字形 → 中文字体/其他
  📂 字体库 - 分类字体包 - JINMEI字体库22 - 金梅特黑破布字 → 中文字体/标题字
  📂 "这是一款几何感强烈、笔画粗细绝对均匀的现代无衬线字体。其最突出的结构特征是笔画从起笔到收笔保持完全一致的粗细，几乎没有任何粗细变化，转角处理锐利干脆，呈现出机械般的直角或尖角，笔画末端为平直切割，无任何装饰。字形结构非常方正、规整，宽高比接近，字重偏粗，重心居中稳定，字内空间均匀开放。整体设计风格极简、理性、充满科技感与工业气息，情感 → 中文字体/无衬线体
  📂 "这是一款具有现代几何风格的无衬线字体。其笔画结构均匀有力，粗细变化不明显，呈现出一种稳定、硬朗的视觉感受。字体转角处处理得较为圆润，削弱了几何造型可能带来的尖锐感，使整体在保持力量感的同时，也带有一丝友好与柔和。字重适中偏粗，字形比例方正，重心稳定，字内空间开放，确保了良好的辨识度。从设计风格来看，它融合了极简主义与工业美学，情感调性上兼具严肃与亲和力，非常适合用于需要突出现代感、科技感或力量感的设计场景。这是一款适合用于标题、Logo及视觉标识设计的字体，在科技、运动、工业设计等领域尤为适用，能有效提升品牌或产品的 → 中文字体/无衬线体
  📂 "这是一款具有强烈视觉冲击力和童趣感的创意装饰字体，其最显著的特征是将厚重的中文黑体笔画与无处不在的圆形“泡泡”元素相结合。该字体的英文和数字部分呈现为一款优雅的窄体现代衬线体，笔画具有明显的粗细对比和简洁的水平衬线。而中文部分则是设计的焦点：笔画极其粗壮，几乎完全由大小不一的圆形或椭圆形构成，仿佛是由一个个气泡堆叠而成。每个笔画的起笔、收笔和转角处都进行了极致的圆化处理，并装饰有标志性的圆形图案，形成了独特的“泡泡字”风格。字体整体重心居中，字面率大，但由于笔画的圆化和封闭结构，字内空间显得紧凑。其设计风格融合了未来感与卡通趣味，情感调性活泼、友好且极具创意。这款字体因其极高的辨识度和趣味性，非常适合用于儿童产品包装、休闲游戏UI、创意海报标题、潮牌Logo设计、社交媒体趣味配图、电商活动banner以及各类需要突出可爱、活力或奇幻氛围 → 中文字体/正文字
  📂 字体库 - 分类字体包 - JYLZTHJ008-汉仪字体合集 - 汉仪橄榄体简 → 中文字体/其他
  📂 方正兰亭黑 → 中文字体/无衬线体
  📂 字体库 - 分类字体包 - JINMEI字体库22 - 金梅特黑玫瑰字形 → 中文字体/其他
  📂 分类字体包 - JYLZTHJ008-汉仪字体合集 - 汉仪刚艺体系列 - 汉仪刚艺体-35W → 中文字体/其他
  📂 字体库 - 分类字体包 - JYLZTHJ008-汉仪字体合集 - 汉仪方隶简 → 中文字体/其他
  📂 字体库 - 分类字体包 - JYLZTHJ008-汉仪字体合集 - 汉仪仿宋简 → 中文字体/衬线体
  📂 字体库 - 分类字体包 - JINMEI字体库22 - 金梅特黑裂开字 → 中文字体/其他
  📂 字体库 - 分类字体包 - JINMEI字体库22 - 金梅特黑恐龍字形 → 中文字体/其他
  ✓ 第 96 页: 成功 20, 跳过 0, 失败 0 (1800.1s)
  📄 第 97 页: 20 个需要处理
  📂 字体库 - 分类字体包 - JYLZTHJ008-汉仪字体合集 - 汉仪方墨体简 → 中文字体/其他
  📂 字体库 - 分类字体包 - JYLZTHJ008-汉仪字体合集 - 汉仪方叠体繁 → 中文字体/其他
  📂 字体库 - 分类字体包 - JINMEI字体库22 - 金梅特黑橫木板字 → 中文字体/其他
  📂 字体库 - 分类字体包 - JYLZTHJ008-汉仪字体合集 - 汉仪范笑歌隶书繁 → 中文字体/其他
  📂 字体库 - 分类字体包 - JYLZTHJ008-汉仪字体合集 - 汉仪典雅体繁 → 中文字体/其他
  📂 字体库 - 分类字体包 - JINMEI字体库22 - 金梅特黑龜殼字形 → 中文字体/其他
  📂 字体库 - 分类字体包 - JYLZTHJ008-汉仪字体合集 - 汉仪豆豆体简 → 中文字体/其他
  📂 字体库 - 分类字体包 - JYLZTHJ008-汉仪字体合集 - 汉仪黛玉体简 → 中文字体/其他
  📂 字体库 - 分类字体包 - JYLZTHJ008-汉仪字体合集 - 汉仪大宋繁 → 中文字体/其他
  📂 字体库 - 分类字体包 - JINMEI字体库22 - 金梅特黑蹲腿字形 → 中文字体/标题字
  📂 金梅几何黑体 → 中文字体/标题字
  📂 汉仪大隶书简 → 中文字体/标题字
  📂 金梅优雅衬线体 → 中文字体/衬线体
  📂 字体库 - 分类字体包 - JYLZTHJ008-汉仪字体合集 - 汉仪大黑体连筋 → 中文字体/标题字
  📂 字体库 - 分类字体包 - JINMEI字体库22 - 金梅四方圆宽体 → 中文字体/标题字
  📂 汉仪大黑繁 → 中文字体/标题字
  📂 字体库 - 分类字体包 - JYLZTHJ008-汉仪字体合集 - 汉仪粗圆简 → 中文字体/标题字
  📂 字体模板 → 中文字体/衬线体
  📂 圆润现代无衬线体 → 中文字体/正文字
  📂 汉仪粗黑简 → 中文字体/标题字
  ✓ 第 97 页: 成功 20, 跳过 0, 失败 0 (1826.8s)
  📄 第 98 页: 20 个需要处理
  📂 金梅方正等线体 → 中文字体/正文字
  📂 汉仪粗黑简 → 中文字体/其他
  📂 字体库 - 分类字体包 - JYLZTHJ008-汉仪字体合集 - 汉仪程行简 → 中文字体/手写体
  📂 金梅双圈体 → 中文字体/其他
  📂 "这是一款基于传统仿宋体风格进行强化设计的衬线字体，整体呈现出典雅正式而又颇具分量的视觉观感。其结构特征十分鲜明：笔画粗细对比强烈，横笔纤细挺拔，竖笔则粗壮有力，起笔收笔处带有明显的、装饰性的三角形衬线，转角处方正硬朗。字形比例匀称，字重属于中粗至粗，重心稳定，中宫收紧，字内空间相对封闭，使得字符排列紧凑，具有极 → 中文字体/衬线体
  📂 字体库 - 分类字体包 - JINMEI字体库22 - 金梅树干美工字体 → 中文字体/其他
  📂 金梅豆豆手写体 → 中文字体/手写体
  📂 字体库 - 分类字体包 - JYLZTHJ008-汉仪字体合集 - 汉仪陈频破体简 → 中文字体/其他
  📂 金梅青箭美工字体 → 中文字体/标题字
  📂 字体库 - 分类字体包 - JYLZTHJ008-汉仪字体合集 - 汉仪超粗宋简 → 中文字体/标题字
  📂 几何无衬线体 → 中文字体/标题字
  📂 字体库 - 分类字体包 - JYLZTHJ008-汉仪字体合集 - 汉仪超粗黑简 → 中文字体/其他
  📂 金梅现代无衬线体 → 中文字体/衬线体
  📂 字体库 - 分类字体包 - JYLZTHJ008-汉仪字体合集 - 汉仪曹隶繁 → 中文字体/衬线体
  📂 字体库 - 分类字体包 - JYLZTHJ008-汉仪字体合集 - 汉仪彩云体繁 → 中文字体/装饰体
  📂 汉仪暴走体简 → 中文字体/圆体
  📂 金梅细线几何无衬线体 → 中文字体/衬线体
  📂 "这是一款经典的繁体中文报宋字体，具有鲜明的传统印刷特征。从结构上看，它是典型的衬 → 中文字体/其他
  📂 等距无衬线体 → 中文字体/衬线体
  📂 字体库 - 分类字体包 - JYLZTHJ008-汉仪字体合集 - 汉仪柏青体繁 → 中文字体/其他
  ✓ 第 98 页: 成功 20, 跳过 0, 失败 0 (1853.2s)
  📄 第 99 页: 20 个需要处理
  📂 "这是一款现代感强烈、结构高度规范的无衬线中文字体，属于“汉仪旗黑”系列的粗体变体（Y4-85W）。其最显著的特征是极高的设计一致性和几何规整性：所有笔画粗细完全均匀，起笔、收笔均为利落的方头，转角处理多为干净的直角或轻微圆角，展现出精准的工业美感。字形方正舒展，中宫开放，字面率较高，确保了优异的清晰度与可读性。笔画间的空间分布均衡，整体重心居中，营造出稳定、专业的视觉感受。作为一款粗体正文字体，它既拥有标题字的视觉分量，又保持了正文字的易读特质。适合用于UI界面中的标题、按钮文字、导航标签，网页的标题与正文，以及科技、金融、教育等行业的印刷品、品牌物料和产品说明等需要清晰、现代、可靠形象的场景 → 中文字体/标题字
  📂 "这是一款设计简洁、笔画均匀的现代无衬线字体。其核心特征在于圆滑柔和的笔画处理与修长挺拔的字形结构。笔画粗细高度均匀，无明显粗细变化，所有转角与笔画末端都采用了圆滑处理，赋予字体一种柔和、有机的视觉感受。字形比例偏修长，x字高适中，整体重心平稳居中，字内空间开放，确保了良好的清晰度与舒展感。情感调性友好、亲切 → 中文字体/无衬线体
  📂 字体库 - 分类字体包 - JINMEI字体库22 - 金梅美工空心字形 → 中文字体/其他
  📂 字体库 - 分类字体包 - JYLZTHJ008-汉仪字体合集 - 汉仪白棋体简 → 中文字体/其他
  📂 字体模板 → 中文字体/正文字
  📂 "这是一款融合了古典篆刻刀法与现代几何设计感的装饰性标题字体。其最显著的结构特征是强烈的笔画粗细对比，竖笔通常粗 → 中文字体/标题字
  📂 字体库 - 分类字体包 - JINMEI字体库22 - 金梅美工风味字体 → 中文字体/其他
  📂 分类字体包 - JYLZTHJ008-汉仪字体合集 - 71款汉仪旗黑系列全集 - 汉仪旗黑Y4-45W → 中文字体/其他
  📂 字体库 - 分类字体包 - JINMEI字体库22 - 金梅美工叠黑字体 → 中文字体/其他
  📂 分类字体包 - JYLZTHJ008-汉仪字体合集 - 71款汉仪旗黑系列全集 - 汉仪旗黑Y3-75W → 中文字体/其他
  📂 分类字体包 - JYLZTHJ008-汉仪字体合集 - 71款汉仪旗黑系列全集 - 汉仪旗黑Y3-95W → 中文字体/其他
  📂 字体库 - 分类字体包 - JINMEI字体库22 - 金梅美工愛心字形 → 中文字体/其他
  📂 分类字体包 - JYLZTHJ008-汉仪字体合集 - 71款汉仪旗黑系列全集 - 汉仪旗黑Y2-85W → 中文字体/其他
  📂 字体库 - 分类字体包 - JINMEI字体库22 - 金梅美工大头字体 → 中文字体/其他
  📂 分类字体包 - JYLZTHJ008-汉仪字体合集 - 71款汉仪旗黑系列全集 - 汉仪旗黑Y3-35W → 中文字体/其他
  📂 分类字体包 - JYLZTHJ008-汉仪字体合集 - 71款汉仪旗黑系列全集 - 汉仪旗黑Y3-55W → 中文字体/其他
  📂 分类字体包 - JYLZTHJ008-汉仪字体合集 - 71款汉仪旗黑系列全集 - 汉仪旗黑Y2-65W → 中文字体/其他
  📂 字体库 - 分类字体包 - JINMEI字体库22 - 金梅毛張楷 → 中文字体/其他
  📂 分类字体包 - JYLZTHJ008-汉仪字体合集 - 71款汉仪旗黑系列全集 - 汉仪旗黑Y2-45W → 中文字体/其他
  📂 分类字体包 - JYLZTHJ008-汉仪字体合集 - 71款汉仪旗黑系列全集 - 汉仪旗黑Y1-95W → 中文字体/其他
  ✓ 第 99 页: 成功 20, 跳过 0, 失败 0 (1880.3s)
  📄 第 100 页: 20 个需要处理
  📂 字体库 - 分类字体包 - JINMEI字体库22 - 金梅毛行字形空心 → 中文字体/其他
  📂 分类字体包 - JYLZTHJ008-汉仪字体合集 - 71款汉仪旗黑系列全集 - 汉仪旗黑Y1-75W → 中文字体/其他
  📂 字体库 - 分类字体包 - JINMEI字体库22 - 金梅毛行九宮字形 → 中文字体/其他
  📂 字体库 - 分类字体包 - JINMEI字体库22 - 金梅毛顏楷体 → 中文字体/手写体
  📂 字体库 - 分类字体包 - JINMEI字体库22 - 金梅毛行破裂字形 → 中文字体/其他
  📂 分类字体包 - JYLZTHJ008-汉仪字体合集 - 71款汉仪旗黑系列全集 - 汉仪旗黑Y1-55W → 中文字体/其他
  📂 分类字体包 - JYLZTHJ008-汉仪字体合集 - 71款汉仪旗黑系列全集 - 汉仪旗黑X4-85W → 中文字体/其他
  📂 分类字体包 - JYLZTHJ008-汉仪字体合集 - 71款汉仪旗黑系列全集 - 汉仪旗黑Y1-35W → 中文字体/其他
  📂 分类字体包 - JYLZTHJ008-汉仪字体合集 - 71款汉仪旗黑系列全集 - 汉仪旗黑X4-45W → 中文字体/其他
  📂 分类字体包 - JYLZTHJ008-汉仪字体合集 - 71款汉仪旗黑系列全集 - 汉仪旗黑X4-65W → 中文字体/其他
  📂 分类字体包 - JYLZTHJ008-汉仪字体合集 - 71款汉仪旗黑系列全集 - 汉仪旗黑X3-75W → 中文字体/其他
  📂 分类字体包 - JYLZTHJ008-汉仪字体合集 - 71款汉仪旗黑系列全集 - 汉仪旗黑X3-95W → 中文字体/其他
  📂 字体库 - 分类字体包 - JINMEI字体库22 - 金梅毛行九宫空心 → 中文字体/其他
  📂 字体库 - 分类字体包 - JINMEI字体库22 - 金梅毛隸破裂字形 → 中文字体/其他
  📂 分类字体包 - JYLZTHJ008-汉仪字体合集 - 71款汉仪旗黑系列全集 - 汉仪旗黑X3-35W → 中文字体/其他
  📂 字体库 - 分类字体包 - JINMEI字体库22 - 金梅毛流行体 → 中文字体/其他
  📂 分类字体包 - JYLZTHJ008-汉仪字体合集 - 71款汉仪旗黑系列全集 - 汉仪旗黑X3-55W → 中文字体/其他
  📂 分类字体包 - JYLZTHJ008-汉仪字体合集 - 71款汉仪旗黑系列全集 - 汉仪旗黑X2-85W → 中文字体/其他
  📂 分类字体包 - JYLZTHJ008-汉仪字体合集 - 71款汉仪旗黑系列全集 - 汉仪旗黑X2-65W → 中文字体/其他
  📂 分类字体包 - JYLZTHJ008-汉仪字体合集 - 71款汉仪旗黑系列全集 - 汉仪旗黑X2-45W → 中文字体/其他
  ✓ 第 100 页: 成功 20, 跳过 0, 失败 0 (1907.8s)

  ⏳ 进度: 已处理 1287 个, 文件夹 NaN 个, 移动 NaN 个 (1908.3s)

  📄 第 101 页: 20 个需要处理
  📂 分类字体包 - JYLZTHJ008-汉仪字体合集 - 71款汉仪旗黑系列全集 - 汉仪旗黑X1-75W → 中文字体/其他
  📂 字体库 - 分类字体包 - JINMEI字体库22 - 金梅毛隶破裂字繁 → 中文字体/其他
  📂 字体库 - 分类字体包 - JINMEI字体库22 - 金梅毛隶空心字体 → 中文字体/其他
  📂 分类字体包 - JYLZTHJ008-汉仪字体合集 - 71款汉仪旗黑系列全集 - 汉仪旗黑X1-95W → 中文字体/其他
  📂 分类字体包 - JYLZTHJ008-汉仪字体合集 - 71款汉仪旗黑系列全集 - 汉仪旗黑X1-55W → 中文字体/其他
  📂 字体库 - 分类字体包 - JINMEI字体库22 - 金梅毛隶九宫空心 → 中文字体/其他
  📂 分类字体包 - JYLZTHJ008-汉仪字体合集 - 71款汉仪旗黑系列全集 - 汉仪旗黑-90W → 中文字体/其他
  📂 分类字体包 - JYLZTHJ008-汉仪字体合集 - 71款汉仪旗黑系列全集 - 汉仪旗黑X1-35W → 中文字体/其他
  📂 字体库 - 分类字体包 - JINMEI字体库22 - 金梅毛楷体繁 → 中文字体/手写体
  📂 分类字体包 - JYLZTHJ008-汉仪字体合集 - 71款汉仪旗黑系列全集 - 汉仪旗黑-80W → 中文字体/其他
  📂 分类字体包 - JYLZTHJ008-汉仪字体合集 - 71款汉仪旗黑系列全集 - 汉仪旗黑-70S → 中文字体/其他
  📂 字体库 - 分类字体包 - JINMEI字体库22 - 金梅毛楷破裂字形 → 中文字体/其他
  📂 字体库 - 分类字体包 - JINMEI字体库22 - 金梅毛楷九宫实心 → 中文字体/其他
  📂 字体库 - 分类字体包 - JINMEI字体库22 - 金梅毛海字形空心 → 中文字体/其他
  📂 分类字体包 - JYLZTHJ008-汉仪字体合集 - 71款汉仪旗黑系列全集 - 汉仪旗黑-50S → 中文字体/其他
  📂 分类字体包 - JYLZTHJ008-汉仪字体合集 - 71款汉仪旗黑系列全集 - 汉仪旗黑-60S → 中文字体/其他
  📂 字体库 - 分类字体包 - JINMEI字体库22 - 金梅毛海九宫空心 → 中文字体/其他
  📂 分类字体包 - JYLZTHJ008-汉仪字体合集 - 71款汉仪旗黑系列全集 - 汉仪旗黑-40S → 中文字体/其他
  📂 分类字体包 - JYLZTHJ008-汉仪字体合集 - 71款汉仪旗黑系列全集 - 汉仪旗黑-25JF → 中文字体/其他
  📂 字体库 - 分类字体包 - JINMEI字体库22 - 金梅综艺菱形字体 → 中文字体/其他
  ✓ 第 101 页: 成功 20, 跳过 0, 失败 0 (1934.6s)
  📄 第 102 页: 20 个需要处理
  📂 字体库 - 分类字体包 - JINMEI字体库22 - 金梅子彈字體範例 → 中文字体/其他
  📂 字体库 - 分类字体包 - JINMEI字体库22 - 金梅綜藝字形原體 → 中文字体/其他
  📂 字体库 - 分类字体包 - JINMEI字体库22 - 金梅重圓破裂字形 → 中文字体/其他
  📂 字体库 - 分类字体包 - JINMEI字体库22 - 金梅毛草書 → 中文字体/其他
  📂 字体库 - 分类字体包 - JINMEI字体库22 - 金梅毛匾行 → 中文字体/其他
  📂 字体库 - 分类字体包 - JINMEI字体库22 - 金梅毛笔行书 → 中文字体/其他
  📂 字体库 - 分类字体包 - JINMEI字体库22 - 金梅重黑字形原體 → 中文字体/其他
  📂 字体库 - 分类字体包 - JINMEI字体库22 - 金梅毛笔草楷 → 中文字体/其他
  📂 字体库 - 分类字体包 - JINMEI字体库22 - 金梅毛碑楷体 → 中文字体/手写体
  📂 字体库 - 分类字体包 - JINMEI字体库22 - 金梅中黑体 → 中文字体/正文字
  📂 字体库 - 分类字体包 - JINMEI字体库22 - 金梅麥克字體範例 → 中文字体/其他
  📂 字体库 - 分类字体包 - JINMEI字体库22 - 金梅中国书法2 → 中文字体/其他
  📂 字体库 - 分类字体包 - JINMEI字体库22 - 金梅落葉美工字體 → 中文字体/其他
  📂 字体库 - 分类字体包 - JINMEI字体库22 - 金梅中国书法 → 中文字体/其他
  📂 字体库 - 分类字体包 - JINMEI字体库22 - 金梅张楷字形空心 → 中文字体/其他
  📂 字体库 - 分类字体包 - JINMEI字体库22 - 金梅兩頭尖字範例 → 中文字体/其他
  📂 字体库 - 分类字体包 - JINMEI字体库22 - 金梅张楷九宫空心 → 中文字体/其他
  📂 字体库 - 分类字体包 - JINMEI字体库22 - 金梅浪漫优雅字体 → 中文字体/其他
  📂 字体库 - 分类字体包 - JINMEI字体库22 - 金梅浪漫小叠字体 → 中文字体/其他
  📂 字体库 - 分类字体包 - JINMEI字体库22 - 金梅原子筆字範例 → 中文字体/其他
  ✓ 第 102 页: 成功 20, 跳过 0, 失败 0 (1961.9s)
  📄 第 103 页: 20 个需要处理
  📂 字体库 - 分类字体包 - JINMEI字体库22 - 金梅印篆九宫空心 → 中文字体/其他
  📂 字体库 - 分类字体包 - JINMEI字体库22 - 金梅浪漫體 → 中文字体/其他
  📂 字体库 - 分类字体包 - JINMEI字体库22 - 金梅印篆體 → 中文字体/其他
  📂 字体库 - 分类字体包 - JINMEI字体库22 - 金梅浪漫破裂字形 → 中文字体/其他
  📂 字体库 - 分类字体包 - JINMEI字体库22 - 金梅浪漫飘洒字体 → 中文字体/其他
  📂 字体库 - 分类字体包 - JINMEI字体库22 - 金梅浪漫镜射体 → 中文字体/其他
  📂 字体库 - 分类字体包 - JINMEI字体库22 - 金梅浪漫海报字体 → 中文字体/其他
  📂 字体库 - 分类字体包 - JINMEI字体库22 - 金梅顏楷破裂字形 → 中文字体/其他
  📂 字体库 - 分类字体包 - JINMEI字体库22 - 金梅浪漫钢笔字体 → 中文字体/其他
  📂 字体库 - 分类字体包 - JINMEI字体库22 - 金梅顏楷大腳印字 → 中文字体/其他
  📂 字体库 - 分类字体包 - JINMEI字体库22 - 金梅浪漫大胖字体 → 中文字体/其他
  📂 字体库 - 分类字体包 - JINMEI字体库22 - 金梅浪漫豆豆字体 → 中文字体/其他
  📂 字体库 - 分类字体包 - JINMEI字体库22 - 金梅勘流字形原体 → 中文字体/其他
  📂 字体库 - 分类字体包 - JINMEI字体库22 - 金梅新圓體字範例 → 中文字体/其他
  📂 字体库 - 分类字体包 - JINMEI字体库22 - 金梅勘流惊吓字体 → 中文字体/其他
  📂 字体库 - 分类字体包 - JINMEI字体库22 - 金梅新啞鈴字範例 → 中文字体/其他
  📂 字体库 - 分类字体包 - JINMEI字体库22 - 金梅新铁塔字 → 中文字体/其他
  📂 字体库 - 分类字体包 - JINMEI字体库22 - 金梅新雙尖頭字形 → 中文字体/其他
  📂 字体库 - 分类字体包 - JINMEI字体库22 - 金梅楷书字形空心 → 中文字体/其他
  📂 字体库 - 分类字体包 - JINMEI字体库22 - 金梅楷书九宫空心 → 中文字体/其他
  ✓ 第 103 页: 成功 20, 跳过 0, 失败 0 (1988.8s)
  📄 第 104 页: 20 个需要处理
  📂 字体库 - 分类字体包 - JINMEI字体库22 - 金梅火柴棒字範例 → 中文字体/其他
  📂 字体库 - 分类字体包 - JINMEI字体库22 - 金梅新毛隶全字体 → 中文字体/其他
  📂 字体库 - 分类字体包 - JINMEI字体库22 - 金梅新点子字 → 中文字体/其他
  📂 字体库 - 分类字体包 - JINMEI字体库22 - 金梅新毛笔楷书 → 中文字体/其他
  📂 字体库 - 分类字体包 - JINMEI字体库22 - 金梅新海报书法 → 中文字体/其他
  📂 字体库 - 分类字体包 - JINMEI字体库22 - 金梅黑美人美工字 → 中文字体/其他
  📂 字体库 - 分类字体包 - JINMEI字体库22 - 金梅新彩帶字範例 → 中文字体/其他
  📂 字体库 - 分类字体包 - JINMEI字体库22 - 金梅海報美工字體 → 中文字体/其他
  📂 字体库 - 分类字体包 - JINMEI字体库22 - 金梅黑框浮体字体 → 中文字体/其他
  📂 字体库 - 分类字体包 - JINMEI字体库22 - 金梅斜三角字範例 → 中文字体/其他
  📂 字体库 - 分类字体包 - JINMEI字体库22 - 金梅海报小豆豆字 → 中文字体/其他
  📂 字体库 - 分类字体包 - JINMEI字体库22 - 金梅海报叠圆字体 → 中文字体/其他
  📂 字体库 - 分类字体包 - JINMEI字体库22 - 金梅小甜甜圓體字 → 中文字体/其他
  📂 字体库 - 分类字体包 - JINMEI字体库22 - 金梅海报标题字体 → 中文字体/标题字
  📂 字体库 - 分类字体包 - JINMEI字体库22 - 金梅勾明字體範例 → 中文字体/其他
  📂 字体库 - 分类字体包 - JINMEI字体库22 - 金梅小帅哥美工字 → 中文字体/其他
  📂 字体库 - 分类字体包 - JINMEI字体库22 - 金梅細黑鋼筆字體 → 中文字体/其他
  📂 字体库 - 分类字体包 - JINMEI字体库22 - 金梅公司名字範例 → 中文字体/其他
  📂 字体库 - 分类字体包 - JINMEI字体库22 - 金梅魏碑變體字形 → 中文字体/其他
  📂 字体库 - 分类字体包 - JINMEI字体库22 - 金梅小黑歪體字形 → 中文字体/其他
  ✓ 第 104 页: 成功 20, 跳过 0, 失败 0 (2015.1s)
  📄 第 105 页: 20 个需要处理
  📂 字体库 - 分类字体包 - JINMEI字体库22 - 金梅個性鋼筆字體 → 中文字体/其他
  📂 字体库 - 分类字体包 - JINMEI字体库22 - 金梅鐵釘字體範例 → 中文字体/其他
  📂 字体库 - 分类字体包 - JINMEI字体库22 - 金梅特殊圓字範例 → 中文字体/其他
  📂 字体库 - 分类字体包 - JINMEI字体库22 - 金梅梯形變形字體 → 中文字体/其他
  📂 字体库 - 分类字体包 - JINMEI字体库22 - 金梅钢笔个性字形 → 中文字体/其他
  📂 字体库 - 分类字体包 - JINMEI字体库22 - 金梅方隸體 → 中文字体/其他
  📂 字体库 - 分类字体包 - JINMEI字体库22 - 金梅特黑展翅字形 → 中文字体/其他
  📂 字体库 - 分类字体包 - JINMEI字体库22 - 金梅方角叠黑字体 → 中文字体/其他
  📂 字体库 - 分类字体包 - JINMEI字体库22 - 金梅特黑陰雨字形 → 中文字体/其他
  📂 字体库 - 分类字体包 - JINMEI字体库22 - 金梅淡古字形原体 → 中文字体/其他
  📂 字体库 - 分类字体包 - JINMEI字体库22 - 金梅大胖胖个性字 → 中文字体/其他
  📂 字体库 - 分类字体包 - JINMEI字体库22 - 金梅特黑眼泪字 → 中文字体/其他
  📂 字体库 - 分类字体包 - JINMEI字体库22 - 金梅粗心串字範例 → 中文字体/其他
  📂 字体库 - 分类字体包 - JINMEI字体库22 - 金梅特黑蟹腳字形 → 中文字体/其他
  📂 字体库 - 分类字体包 - JINMEI字体库22 - 金梅特黑吐舌頭字 → 中文字体/其他
  📂 字体库 - 分类字体包 - JINMEI字体库22 - 金梅特黑水花字形 → 中文字体/其他
  📂 字体库 - 分类字体包 - JINMEI字体库22 - 金梅粗麥克字範例 → 中文字体/其他
  📂 字体库 - 分类字体包 - JINMEI字体库22 - 金梅特黑手指字形 → 中文字体/其他
  📂 字体库 - 分类字体包 - JINMEI字体库22 - 金梅特黑翹腿字形 → 中文字体/其他
  📂 字体库 - 分类字体包 - JINMEI字体库22 - 金梅粗黑体 → 中文字体/正文字
  ✓ 第 105 页: 成功 20, 跳过 0, 失败 0 (2042.2s)
  📄 第 106 页: 20 个需要处理
  📂 字体库 - 分类字体包 - JINMEI字体库22 - 金梅超明破裂字形 → 中文字体/其他
  📂 字体库 - 分类字体包 - JINMEI字体库22 - 金梅創新字體範例 → 中文字体/其他
  📂 字体库 - 分类字体包 - JINMEI字体库22 - 金梅超黑破裂字形 → 中文字体/其他
  📂 字体库 - 分类字体包 - JINMEI字体库22 - 金梅特黑霹靂字形 → 中文字体/其他
  📂 字体库 - 分类字体包 - JINMEI字体库22 - 金梅特黑跑步字形 → 中文字体/其他
  📂 字体库 - 分类字体包 - JINMEI字体库22 - 金梅超黑浮体白字 → 中文字体/其他
  📂 字体库 - 分类字体包 - JINMEI字体库22 - 金梅特黑流水字 → 中文字体/其他
  📂 字体库 - 分类字体包 - JINMEI字体库22 - 金梅草行书 → 中文字体/其他
  📂 字体库 - 分类字体包 - JINMEI字体库22 - 金梅特黑雷電字形 → 中文字体/其他
  📂 字体库 - 分类字体包 - JINMEI字体库22 - 金梅草行九宫空心 → 中文字体/其他
  📂 字体库 - 分类字体包 - JINMEI字体库22 - 金梅特黑火燄字形 → 中文字体/其他
  📂 字体库 - 分类字体包 - JINMEI字体库22 - 金梅特黑海鸥字 → 中文字体/其他
  📂 字体库 - 分类字体包 - JINMEI字体库22 - 金梅采艺体 → 中文字体/其他
  📂 字体库 - 分类字体包 - JINMEI字体库22 - 金梅特黑光茫字 → 中文字体/其他
  📂 字体库 - 分类字体包 - JINMEI字体库22 - 金梅草书九宫实心 → 中文字体/其他
  📂 字体库 - 分类字体包 - JINMEI字体库22 - 金梅特黑獨眼字形 → 中文字体/其他
  📂 字体库 - 分类字体包 - JINMEI字体库22 - 金梅匾行九宫实心 → 中文字体/其他
  📂 字体库 - 分类字体包 - JINMEI字体库22 - 金梅特黑大小眼字 → 中文字体/其他
  📂 字体库 - 分类字体包 - JINMEI字体库22 - 金梅特黑斑馬線字 → 中文字体/其他
  📂 字体库 - 分类字体包 - JINMEI字体库22 - 金梅碑楷字形空心 → 中文字体/其他
  ✓ 第 106 页: 成功 20, 跳过 0, 失败 0 (2069.6s)
  📄 第 107 页: 20 个需要处理
  📂 字体库 - 分类字体包 - JINMEI字体库22 - 金梅碑楷九宫空心 → 中文字体/其他
  📂 字体库 - 分类字体包 - JINMEI字体库22 - 金梅水當當美工字 → 中文字体/其他
  📂 字体库 - 分类字体包 - JINMEI字体库22 - 金梅雙頭圓字範例 → 中文字体/其他
  📂 字体库 - 分类字体包 - JINMEI字体库22 - 金梅白线外框字体 → 中文字体/其他
  📂 字体库 - 分类字体包 - JINMEI字体库22 - 金梅雙勾勾字範例 → 中文字体/其他
  📂 字体库 - 分类字体包 - JINMEI字体库 - 金梅综艺空心国际码 → 中文字体/其他
  📂 字体库 - 分类字体包 - JINMEI字体库 - 金梅重叠黑国际码 → 中文字体/其他
  📂 字体库 - 分类字体包 - JINMEI字体库22 - 金梅树枝美工字体 → 中文字体/其他
  📂 字体库 - 分类字体包 - JINMEI字体库22 - 金梅書法破裂字形 → 中文字体/其他
  📂 字体库 - 分类字体包 - JINMEI字体库 - 金梅中隶原体国际码 → 中文字体/其他
  📂 字体库 - 分类字体包 - JINMEI字体库22 - 金梅闪亮美工字体 → 中文字体/其他
  📂 字体库 - 分类字体包 - JINMEI字体库 - 金梅中豆豆字国际码 → 中文字体/其他
  📂 字体库 - 分类字体包 - JINMEI字体库 - 金梅顏楷破裂国际码 → 中文字体/其他
  📂 字体库 - 分类字体包 - JINMEI字体库22 - 金梅翹鬍子字範例 → 中文字体/其他
  📂 字体库 - 分类字体包 - JINMEI字体库 - 金梅新细明国际码 → 中文字体/其他
  📂 字体库 - 分类字体包 - JINMEI字体库22 - 金梅面包美工字体 → 中文字体/其他
  📂 字体库 - 分类字体包 - JINMEI字体库 - 金梅新细黑国际码 → 中文字体/其他
  📂 字体库 - 分类字体包 - JINMEI字体库22 - 金梅美工忠狗字形 → 中文字体/其他
  📂 字体库 - 分类字体包 - JINMEI字体库22 - 金梅美工新创字体 → 中文字体/其他
  📂 字体库 - 分类字体包 - JINMEI字体库 - 金梅新毛行国际码 → 中文字体/其他
  ✓ 第 107 页: 成功 20, 跳过 0, 失败 0 (2096.3s)
  📄 第 108 页: 20 个需要处理
  📂 字体库 - 分类字体包 - JINMEI字体库22 - 金梅美工鐵鎚字形 → 中文字体/其他
  📂 字体库 - 分类字体包 - JINMEI字体库 - 金梅新毛楷国际码 → 中文字体/其他
  📂 字体库 - 分类字体包 - JINMEI字体库22 - 金梅美工破裂字形 → 中文字体/其他
  📂 字体库 - 分类字体包 - JINMEI字体库 - 金梅小豆豆字国际码 → 中文字体/其他
  📂 字体库 - 分类字体包 - JINMEI字体库22 - 金梅美工广告字体 → 中文字体/其他
  📂 字体库 - 分类字体包 - JINMEI字体库 - 金梅细隶圆体国际码 → 中文字体/圆体
  📂 字体库 - 分类字体包 - JINMEI字体库 - 金梅歪体美工国际码 → 中文字体/其他
  📂 字体库 - 分类字体包 - JINMEI字体库22 - 金梅美工钢笔细字 → 中文字体/其他
  📂 字体库 - 分类字体包 - JINMEI字体库22 - 金梅美工豆豆字体 → 中文字体/其他
  📂 字体库 - 分类字体包 - JINMEI字体库 - 金梅特明原体国际码 → 中文字体/其他
  📂 字体库 - 分类字体包 - JINMEI字体库22 - 金梅美工刀字範例 → 中文字体/其他
  📂 字体库 - 分类字体包 - JINMEI字体库 - 金梅特黑霹靂国际码 → 中文字体/其他
  📂 字体库 - 分类字体包 - JINMEI字体库 - 金梅胖胖美工国际码 → 中文字体/其他
  📂 字体库 - 分类字体包 - JINMEI字体库22 - 金梅美工变体字形 → 中文字体/其他
  📂 字体库 - 分类字体包 - JINMEI字体库 - 金梅美术美工国际码 → 中文字体/其他
  📂 字体库 - 分类字体包 - JINMEI字体库22 - 金梅毛正楷九宮字 → 中文字体/其他
  📂 字体库 - 分类字体包 - JINMEI字体库22 - 金梅毛张楷体 → 中文字体/手写体
  📂 字体库 - 分类字体包 - JINMEI字体库 - 金梅美工破裂国际码 → 中文字体/其他
  📂 字体库 - 分类字体包 - JINMEI字体库22 - 金梅毛顏楷 → 中文字体/其他
  📂 字体库 - 分类字体包 - JINMEI字体库22 - 金梅毛行书 → 中文字体/其他
  ✓ 第 108 页: 成功 20, 跳过 0, 失败 0 (2123.5s)
  📄 第 109 页: 20 个需要处理
  📂 字体库 - 分类字体包 - JINMEI字体库22 - 金梅毛行破裂体繁 → 中文字体/其他
  📂 字体库 - 分类字体包 - JINMEI字体库 - 金梅毛顏楷国际码 → 中文字体/其他
  📂 字体库 - 分类字体包 - JINMEI字体库 - 金梅毛行破裂国际码 → 中文字体/其他
  📂 字体库 - 分类字体包 - JINMEI字体库22 - 金梅毛行九宫实心 → 中文字体/其他
  📂 字体库 - 分类字体包 - JINMEI字体库 - 金梅毛隶书国际码 → 中文字体/其他
  📂 字体库 - 分类字体包 - JINMEI字体库22 - 金梅毛書法九宮字 → 中文字体/其他
  📂 字体库 - 分类字体包 - JINMEI字体库 - 金梅毛楷书国际码 → 中文字体/其他
  📂 字体库 - 分类字体包 - JINMEI字体库22 - 金梅毛隸書九宮字 → 中文字体/其他
  📂 字体库 - 分类字体包 - JINMEI字体库 - 金梅浪漫原体国际码 → 中文字体/其他
  📂 字体库 - 分类字体包 - JINMEI字体库 - 金梅毛草行国际码 → 中文字体/其他
  📂 字体库 - 分类字体包 - JINMEI字体库22 - 金梅毛隶书体繁 → 中文字体/其他
  📂 字体库 - 分类字体包 - JINMEI字体库 - 金梅浪漫破裂国际码 → 中文字体/其他
  📂 字体库 - 分类字体包 - JINMEI字体库22 - 金梅毛隶破裂体繁 → 中文字体/其他
  📂 字体库 - 分类字体包 - JINMEI字体库 - 金梅浪漫空心国际码 → 中文字体/其他
  📂 字体库 - 分类字体包 - JINMEI字体库 - 金梅浪漫黑框国际码 → 中文字体/其他
  📂 字体库 - 分类字体包 - JINMEI字体库22 - 金梅毛隶九宫实心 → 中文字体/其他
  📂 字体库 - 分类字体包 - JINMEI字体库22 - 金梅毛楷字形空心 → 中文字体/其他
  📂 字体库 - 分类字体包 - JINMEI字体库22 - 金梅毛楷书体 → 中文字体/其他
  📂 字体库 - 分类字体包 - JINMEI字体库 - 金梅浪漫白体国际码 → 中文字体/其他
  📂 字体库 - 分类字体包 - JINMEI字体库 - 金梅勘流斜影国际码 → 中文字体/其他
  ✓ 第 109 页: 成功 20, 跳过 0, 失败 0 (2150.6s)
  📄 第 110 页: 20 个需要处理
  📂 字体库 - 分类字体包 - JINMEI字体库 - 金梅简体行书国际码 → 中文字体/其他
  📂 字体库 - 分类字体包 - JINMEI字体库22 - 金梅毛楷破裂体繁 → 中文字体/其他
  📂 字体库 - 分类字体包 - JINMEI字体库22 - 金梅毛楷九宫空心 → 中文字体/其他
  📂 字体库 - 分类字体包 - JINMEI字体库22 - 金梅毛海九宫实心 → 中文字体/其他
  📂 字体库 - 分类字体包 - JINMEI字体库 - 金梅古印立体国际码 → 中文字体/其他
  📂 字体库 - 分类字体包 - JINMEI字体库22 - 金梅毛草行体 → 中文字体/其他
  📂 字体库 - 分类字体包 - JINMEI字体库 - 金梅钢笔美工国际码 → 中文字体/其他
  📂 字体库 - 分类字体包 - JINMEI字体库22 - 金梅毛草书体 → 中文字体/其他
  📂 字体库 - 分类字体包 - JINMEI字体库 - 金梅叠圆破裂国际码 → 中文字体/其他
  📂 字体库 - 分类字体包 - JINMEI字体库22 - 金梅毛笔张楷书 → 中文字体/其他
  📂 字体库 - 分类字体包 - JINMEI字体库 - 金梅叠黑斜影国际码 → 中文字体/其他
  📂 字体库 - 分类字体包 - JINMEI字体库22 - 金梅毛笔隶属 → 中文字体/其他
  📂 字体库 - 分类字体包 - JINMEI字体库22 - 金梅毛笔匾行书 → 中文字体/其他
  📂 字体库 - 分类字体包 - JINMEI字体库 - 金梅大豆豆字国际码 → 中文字体/其他
  📂 字体库 - 分类字体包 - JINMEI字体库 - 金梅超黑斜影国际码 → 中文字体/其他
  📂 字体库 - 分类字体包 - JINMEI字体库22 - 金梅毛碑楷 → 中文字体/其他
  📂 字体库 - 分类字体包 - JINMEI字体库 - 金梅超黑留影国际码 → 中文字体/其他
  📂 字体库 - 分类字体包 - JINMEI字体库22 - 金梅麦克字体 → 中文字体/其他
  📂 字体库 - 分类字体包 - JINMEI字体库22 - 金梅流行書 → 中文字体/其他
  📂 字体库 - 分类字体包 - JINMEI字体库 - 金梅笔线美工国际码 → 中文字体/其他
  ✓ 第 110 页: 成功 20, 跳过 0, 失败 0 (2177.2s)
  📄 第 111 页: 20 个需要处理
  📂 字体库 - 分类字体包 - JINMEI字体库22 - 金梅浪漫中圆字体 → 中文字体/其他
  📂 分类字体包 - 字魂字体 - 51-100号 - 字魂98号-菱方体 → 中文字体/其他
  📂 字体库 - 分类字体包 - JINMEI字体库22 - 金梅浪漫小胖字体 → 中文字体/其他
  📂 分类字体包 - 字魂字体 - 51-100号 - 字魂96号-虎啸手书 → 中文字体/其他
  ✓ 第 111 页: 成功 4, 跳过 0, 失败 16 (2185.4s)
  ✗ 第 112 页失败: fetch failed
  ✗ 第 113 页失败: fetch failed
  ✗ 第 114 页失败: fetch failed
  📄 第 115 页: 20 个需要处理
  📂 分类字体包 - 字魂字体 - 151-200号 - 字魂164号-方悦黑 → 中文字体/其他
  📂 字体库 - 分类字体包 - JINMEI字体库22 - 金梅匾行九宫空心 → 中文字体/其他
  📂 分类字体包 - 字魂字体 - 151-200号 - 字魂162号-元气酪酪体 → 中文字体/其他
  📂 字体库 - 分类字体包 - JINMEI字体库22 - 金梅碑楷九宫实心 → 中文字体/其他
  📂 分类字体包 - 字魂字体 - 151-200号 - 字魂160号-檀宋 → 中文字体/其他
  📂 字体库 - 分类字体包 - JINMEI字体库22 - 金梅白線外框字體 → 中文字体/其他
  📂 分类字体包 - 字魂字体 - 151-200号 - 字魂158号-萌趣彩虹曲奇 → 中文字体/其他
  ✓ 第 115 页: 成功 7, 跳过 0, 失败 13 (2209.9s)
  ✗ 第 116 页失败: fetch failed
  ✗ 第 117 页失败: fetch failed
  ✗ 第 118 页失败: fetch failed
  ✗ 第 119 页失败: fetch failed
  ✗ 第 120 页失败: fetch failed

  ⏳ 进度: 已处理 1498 个, 文件夹 NaN 个, 移动 NaN 个 (2223.0s)

  ✗ 第 121 页失败: fetch failed
  ✗ 第 122 页失败: fetch failed
  ✗ 第 123 页失败: fetch failed
  ✗ 第 124 页失败: fetch failed
  ✗ 第 125 页失败: fetch failed
  ✗ 第 126 页失败: fetch failed
  ✗ 第 127 页失败: fetch failed
  📄 第 128 页: 20 个需要处理
  📂 字体模板 → 中文字体/其他
  📂 字体模板 → 中文字体/其他
  📂 字体模板 → 中文字体/其他
  📂 字体模板 → 中文字体/其他
  📂 字体模板 → 中文字体/其他
  📂 字体模板 → 中文字体/其他
  📂 字体模板 → 中文字体/其他
  📂 字体模板 → 中文字体/其他
  📂 字体模板 → 中文字体/其他
  📂 字体模板 → 中文字体/其他
  📂 字体模板 → 中文字体/其他
  📂 字体模板 → 中文字体/其他
  📂 字体模板 → 中文字体/其他
  📂 字体模板 → 中文字体/其他
  📂 字体模板 → 中文字体/其他
  📂 字体模板 → 中文字体/其他
  📂 字体模板 → 中文字体/其他
  📂 字体模板 → 中文字体/其他
  📂 字体模板 → 中文字体/其他
  📂 字体模板 → 中文字体/其他
  ✓ 第 128 页: 成功 20, 跳过 0, 失败 0 (2272.6s)
  📄 第 129 页: 20 个需要处理
  📂 字体模板 → 中文字体/其他
  📂 字体模板 → 中文字体/其他
  📂 字体模板 → 中文字体/其他
  📂 字体模板 → 中文字体/其他
  📂 字体模板 → 中文字体/其他
  📂 字体模板 → 中文字体/其他
  📂 字体模板 → 中文字体/其他
  📂 字体模板 → 中文字体/其他
  📂 分类字体包 - 字魂字体 - 1-50号 - 40号-小城非凡体 → 中文字体/其他
  📂 硬笔手写体 - 钢笔硬笔字体-152款-单独安装 - 70美玉体 - 美玉体 → 中文字体/手写体
  📂 硬笔手写体 - 钢笔硬笔字体-152款-单独安装 - 69罗西钢笔行楷  弹指云烟 - 罗西钢笔行楷 → 中文字体/手写体
  📂 硬笔手写体 - 钢笔硬笔字体-152款-单独安装 - 67凌氏随手体  别来无恙 - 凌氏随手体 → 中文字体/手写体
  📂 硬笔手写体 - 钢笔硬笔字体-152款-单独安装 - 65李豪手迹  做官当老爷 - 李豪手迹 → 中文字体/手写体
  📂 分类字体包 - 字魂字体 - 1-50号 - 39号-肥宅快乐体 → 中文字体/其他
  📂 分类字体包 - 字魂字体 - 1-50号 - 37号-波纹乖乖体 → 中文字体/其他
  📂 硬笔手写体 - 钢笔硬笔字体-152款-单独安装 - 63井体(井柏然体）Qisimomo_xinjian  天高皇帝远 - 井体(井柏然体）Qisimomo_xinjian → 中文字体/手写体
  📂 硬笔手写体 - 钢笔硬笔字体-152款-单独安装 - 61建刚字库徐明简体   道光嘉年 - 建刚字库徐明简体 → 中文字体/手写体
  📂 分类字体包 - 字魂字体 - 1-50号 - 33号-涂鸦体 → 中文字体/其他
  📂 分类字体包 - 字魂字体 - 1-50号 - 31号-凝宋 → 中文字体/其他
  📂 分类字体包 - 字魂字体 - 1-50号 - 35号-经典雅黑 → 中文字体/其他
  ✓ 第 129 页: 成功 20, 跳过 0, 失败 0 (2300.3s)
  📄 第 130 页: 20 个需要处理
  📂 分类字体包 - 字魂字体 - 1-50号 - 29号-火柴棒体 → 中文字体/其他
  📂 硬笔手写体 - 钢笔硬笔字体-152款-单独安装 - 5BoLeYaYati 伯乐丫丫体  丫丫学走路 - BoLeYaYati 伯乐丫丫体 → 中文字体/手写体
  📂 硬笔手写体 - 钢笔硬笔字体-152款-单独安装 - 56画溪手写草字  道貌岸然 - 画溪手写草字 → 中文字体/手写体
  📂 硬笔手写体 - 钢笔硬笔字体-152款-单独安装 - 58建刚静心楷  清幽茶语 - 建刚静心楷 → 中文字体/手写体
  📂 硬笔手写体 - 钢笔硬笔字体-152款-单独安装 - 54行者笔记简  克里姆林宫 - 行者笔记简 → 中文字体/手写体
  📂 分类字体包 - 字魂字体 - 1-50号 - 24号-镇魂手书 → 中文字体/其他
  📂 硬笔手写体 - 钢笔硬笔字体-152款-单独安装 - 50汉仪瘦金书简  大风之歌 - 汉仪瘦金书简 → 中文字体/手写体
  📂 硬笔手写体 - 钢笔硬笔字体-152款-单独安装 - 52汉仪伊宁隶简  愁花间事 - 汉仪伊宁隶简 → 中文字体/手写体
  📂 硬笔手写体 - 钢笔硬笔字体-152款-单独安装 - 47邯郸-郭灵霞灵芝体  从善如流 - 邯郸-郭灵霞灵芝体  从善如流 → 中文字体/手写体
  📂 硬笔手写体 - 钢笔硬笔字体-152款-单独安装 - 49汉仪寒石粗体简  柯南与柯北 - 汉仪寒石粗体简 → 中文字体/手写体
  📂 硬笔手写体 - 钢笔硬笔字体-152款-单独安装 - 45风雨大钢笔行楷  全民来设计 - 【风雨】  大钢笔行楷（黑白em） → 中文字体/手写体
  📂 分类字体包 - 字魂字体 - 1-50号 - 20号-石头体 → 中文字体/其他
  📂 分类字体包 - 字魂字体 - 1-50号 - 22号-文宋体 → 中文字体/衬线体
  📂 分类字体包 - 字魂字体 - 1-50号 - 10号-歌以晓手迹行楷体 → 中文字体/手写体
  📂 字体库 - 分类字体包 - 长城字体 - 长城中圆体 → 中文字体/圆体
  📂 分类字体包 - 字魂字体 - 1-50号 - 18号-小恐龙体 → 中文字体/其他
  📂 字体库 - 分类字体包 - 长城字体 - 长城中隶体 → 中文字体/其他
  📂 字体库 - 分类字体包 - 长城字体 - 长城中行书体 → 中文字体/其他
  📂 硬笔手写体 - 钢笔硬笔字体-152款-单独安装 - 43方正字酷-程斌体  穿一条裤子 - 方正字酷-程斌体 → 中文字体/手写体
  📂 硬笔手写体 - 钢笔硬笔字体-152款-单独安装 - 41方正字迹-张亮硬笔行书简体  女大十八变 - 方正字迹-张亮硬笔行书简体 → 中文字体/手写体
  ✓ 第 130 页: 成功 20, 跳过 0, 失败 0 (2327.4s)
  📄 第 131 页: 20 个需要处理
  📂 硬笔手写体 - 钢笔硬笔字体-152款-单独安装 - 3Aunt-沉魅体  平行四边形 - Aunt-沉魅体 → 中文字体/手写体
  📂 字体库 - 分类字体包 - 长城字体 - 长城行楷体 → 中文字体/手写体
  📂 字体库 - 分类字体包 - 长城字体 - 长城新艺体 → 中文字体/其他
  📂 字体库 - 分类字体包 - 长城字体 - 长城行书体繁 → 中文字体/其他
  📂 字体库 - 分类字体包 - 长城字体 - 长城小姚体 → 中文字体/其他
  📂 字体库 - 分类字体包 - 长城字体 - 长城细圆体繁 → 中文字体/圆体
  📂 字体库 - 分类字体包 - 长城字体 - 长城细仿宋体繁 → 中文字体/衬线体
  📂 硬笔手写体 - 钢笔硬笔字体-152款-单独安装 - 36方正字迹-曾柏求硬笔简体  天文望远镜 - 方正字迹-曾柏求硬笔简体 → 中文字体/手写体
  📂 硬笔手写体 - 钢笔硬笔字体-152款-单独安装 - 38方正字迹-老潘硬笔简体  板板六十四 - 方正字迹-老潘硬笔简体 → 中文字体/手写体
  📂 字体库 - 分类字体包 - 长城字体 - 长城特圆体 → 中文字体/圆体
  📂 硬笔手写体 - 钢笔硬笔字体-152款-单独安装 - 32方正瘦金书_GBK  摘下星星 - 方正瘦金书简体 → 中文字体/手写体
  📂 硬笔手写体 - 钢笔硬笔字体-152款-单独安装 - 34方正硬笔楷书简体  水中望月 - 方正硬笔楷书简体  水中望月 → 中文字体/手写体
  📂 硬笔手写体 - 钢笔硬笔字体-152款-单独安装 - 31方正静蕾体加粗版  新文化运动 - 方正静蕾体加粗版 → 中文字体/手写体
  📂 字体库 - 分类字体包 - 长城字体 - 长城特粗宋体 → 中文字体/衬线体
  📂 字体库 - 分类字体包 - 长城字体 - 长城美黑体 → 中文字体/正文字
  📂 字体库 - 分类字体包 - 长城字体 - 长城宋体 → 中文字体/衬线体
  📂 字体库 - 分类字体包 - 长城字体 - 长城楷体 → 中文字体/手写体
  📂 字体库 - 分类字体包 - 长城字体 - 长城黑宋体 → 中文字体/衬线体
  📂 硬笔手写体 - 钢笔硬笔字体-152款-单独安装 - 29方圆硬笔行书简  含笑半步癫 - 方圆硬笔行书简 → 中文字体/手写体
  📂 硬笔手写体 - 钢笔硬笔字体-152款-单独安装 - 25陈继世-硬笔行书  春华秋实 - 陈继世-硬笔行书 → 中文字体/手写体
  ✓ 第 131 页: 成功 20, 跳过 0, 失败 0 (2354.4s)
  📄 第 132 页: 20 个需要处理
  📂 字体库 - 分类字体包 - 长城字体 - 长城广告体繁 → 中文字体/其他
  📂 硬笔手写体 - 钢笔硬笔字体-152款-单独安装 - 27戴锦好字体X 但闻人语声 - 戴锦好字体X 但闻人语声 → 中文字体/手写体
  📂 硬笔手写体 - 钢笔硬笔字体-152款-单独安装 - 23陈代明粉笔体演示版2  名师出高徒 - 陈代明粉笔体演示版2 → 中文字体/手写体
  📂 字体库 - 分类字体包 - 长城字体 - 长城大黑体 → 中文字体/正文字
  📂 字体库 - 分类字体包 - 长城字体 - 长城粗行楷体 → 中文字体/手写体
  📂 硬笔手写体 - 钢笔硬笔字体-152款-单独安装 - 19伯乐毛毛虫体  毛毛小乖宝 - 伯乐毛毛虫体 → 中文字体/手写体
  📂 字体库 - 分类字体包 - 长城字体 - 长城粗魏碑体 → 中文字体/其他
  📂 硬笔手写体 - 钢笔硬笔字体-152款-单独安装 - 21伯乐油画体  BoLeYouHuati   清韵飘逸 - 伯乐油画体  BoLeYouHuati   清韵飘逸 → 中文字体/手写体
  📂 硬笔手写体 - 钢笔硬笔字体-152款-单独安装 - 17伯乐暴躁体BoLeBaoZaoti  碰一鼻子灰 - 伯乐暴躁体BoLeBaoZaoti → 中文字体/手写体
  📂 硬笔手写体 - 钢笔硬笔字体-152款-单独安装 - 15MLingWaiFHK  永远有多远 - MLingWaiFHK  永远有多远 → 中文字体/手写体
  📂 字体库 - 分类字体包 - 长城字体 - 长城报宋体 → 中文字体/衬线体
  📂 字体库 - 分类字体包 - 长城字体 - 长城粗黑体繁 → 中文字体/正文字
  📂 硬笔手写体 - 钢笔硬笔字体-152款-单独安装 - 151求福楷体  各人不相同 - 求福楷体 → 中文字体/手写体
  📂 字体库 - 分类字体包 - 造字工坊 - 造字工房致黑常规体 → 中文字体/其他
  📂 硬笔手写体 - 钢笔硬笔字体-152款-单独安装 - 14MBanquet P HKS  明月来相照 - MBanquet P HKS  明月来相照 → 中文字体/手写体
  📂 字体库 - 分类字体包 - 站酷字体 - ZCOOL Addict Italic 01 → 中文字体/其他
  📂 字体库 - 分类字体包 - 站酷字体 - 站酷酷黑 → 中文字体/其他
  📂 硬笔手写体 - 钢笔硬笔字体-152款-单独安装 - 148字体管家印象  隔行如隔山 - 字体管家印象体 → 中文字体/手写体
  📂 字体库 - 分类字体包 - 造字工坊 - 造字工房悦黑演示版纤细超长体 → 中文字体/其他
  📂 字体库 - 分类字体包 - 造字工坊 - 造字工房悦黑演示版纤细长体 → 中文字体/其他
  ✓ 第 132 页: 成功 20, 跳过 0, 失败 0 (2382.9s)
  📄 第 133 页: 20 个需要处理
  📂 字体库 - 分类字体包 - 造字工坊 - 造字工房悦黑演示版细体 → 中文字体/其他
  📂 字体库 - 分类字体包 - 造字工坊 - 造字工房悦黑演示版特细体 → 中文字体/其他
  📂 字体库 - 分类字体包 - 造字工坊 - 造字工房悦黑演示版常规体 → 中文字体/其他
  📂 硬笔手写体 - 钢笔硬笔字体-152款-单独安装 - 144逐浪小雪钢笔体  人间烟火 - 逐浪小雪钢笔体 → 中文字体/手写体
  📂 硬笔手写体 - 钢笔硬笔字体-152款-单独安装 - 146逐浪硬行体  草船借箭 - 逐浪硬行体 → 中文字体/手写体
  📂 字体库 - 分类字体包 - 造字工坊 - 造字工房悦黑纤细超长体 → 中文字体/其他
  📂 字体库 - 分类字体包 - 造字工坊 - 造字工房悦黑纤细越长体 → 中文字体/其他
  📂 硬笔手写体 - 钢笔硬笔字体-152款-单独安装 - 142逐浪大雪钢笔体  青柠果园 - 逐浪大雪钢笔体 → 中文字体/手写体
  📂 字体库 - 分类字体包 - 造字工坊 - 造字工房悦黑细体 → 中文字体/其他
  📂 硬笔手写体 - 钢笔硬笔字体-152款-单独安装 - 140钟齐吴嘉睿手写字  东方欲晓 - 钟齐吴嘉睿手写字 → 中文字体/手写体
  📂 硬笔手写体 - 钢笔硬笔字体-152款-单独安装 - 137钟齐立强行书简  云龙风虎 - 钟齐立强行书简 → 中文字体/手写体
  📂 字体库 - 分类字体包 - 造字工坊 - 造字工房悦黑特细体 → 中文字体/其他
  📂 硬笔手写体 - 钢笔硬笔字体-152款-单独安装 - 139钟齐孟宪敏硬笔简体 三百六十行 - 钟齐孟宪敏硬笔简体 → 中文字体/手写体
  📂 字体库 - 分类字体包 - 造字工坊 - 造字工房悦黑常规体 → 中文字体/其他
  📂 字体库 - 分类字体包 - 造字工坊 - 造字工房毅黑体 → 中文字体/正文字
  📂 硬笔手写体 - 钢笔硬笔字体-152款-单独安装 - 135钟齐陈伟勋硬笔行楷繁  诗词写意 - 钟齐陈伟勋硬笔行楷繁 → 中文字体/手写体
  📂 字体库 - 分类字体包 - 造字工坊 - 造字工房雅园常规体 → 中文字体/其他
  📂 硬笔手写体 - 钢笔硬笔字体-152款-单独安装 - 133张维镜手写楷书  泪流满面 - 张维镜手写楷书 → 中文字体/手写体
  📂 字体库 - 分类字体包 - 造字工坊 - 造字工房童心常规体 → 中文字体/其他
  📂 字体库 - 分类字体包 - 造字工坊 - 造字工房形黑粗体 → 中文字体/其他
  ✓ 第 133 页: 成功 20, 跳过 0, 失败 0 (2409.8s)
  📄 第 134 页: 20 个需要处理
  📂 硬笔手写体 - 钢笔硬笔字体-152款-单独安装 - 12liguofu  狮子大开口 - liguofu → 中文字体/手写体
  📂 字体库 - 分类字体包 - 造字工坊 - 造字工房尚雅常规体 → 中文字体/其他
  📂 硬笔手写体 - 钢笔硬笔字体-152款-单独安装 - 131造字工房情书繁体（非商用）  头头是道 - 造字工房情书繁体（非商用） → 中文字体/手写体
  📂 字体库 - 分类字体包 - 造字工坊 - 造字工房尚黑纤细长体 → 中文字体/其他
  📂 硬笔手写体 - 钢笔硬笔字体-152款-单独安装 - 126英娜体  狮子滚绣球 - 英娜体 → 中文字体/手写体
  📂 字体库 - 分类字体包 - 造字工坊 - 造字工房尚黑细体 → 中文字体/其他
  📂 字体库 - 分类字体包 - 造字工坊 - 造字工房尚黑纤细超长体 → 中文字体/其他
  📂 硬笔手写体 - 钢笔硬笔字体-152款-单独安装 - 128游狼美钢行书(简)  周瑜打黄盖 - 游狼美钢行书(简) → 中文字体/手写体
  📂 字体库 - 分类字体包 - 造字工坊 - 造字工房尚黑体细体 → 中文字体/正文字
  📂 硬笔手写体 - 钢笔硬笔字体-152款-单独安装 - 124叶根友特隶简体  破镜重圆 - 叶根友特隶简体  破镜重圆 → 中文字体/手写体
  📂 字体库 - 分类字体包 - 造字工坊 - 造字工房尚黑特细越长体 → 中文字体/其他
  📂 字体库 - 分类字体包 - 造字工坊 - 造字工房尚黑特细超长体 → 中文字体/其他
  📂 硬笔手写体 - 钢笔硬笔字体-152款-单独安装 - 122叶根友钢笔行书升级版  笑谈风华 - 叶根友钢笔行书升级版 → 中文字体/手写体
  📂 字体库 - 分类字体包 - 造字工坊 - 造字工房尚黑常规体 → 中文字体/其他
  📂 硬笔手写体 - 钢笔硬笔字体-152款-单独安装 - 119徐金如硬笔行楷  秋风扫落叶 - 徐金如硬笔行楷 → 中文字体/手写体
  📂 硬笔手写体 - 钢笔硬笔字体-152款-单独安装 - 120杨任东竹石体-Semibold  窗边迷迭 - 杨任东竹石体-Semibold  窗边迷迭 → 中文字体/手写体
  📂 字体库 - 分类字体包 - 造字工坊 - 造字工房明黑常规体 → 中文字体/其他
  📂 字体库 - 分类字体包 - 造字工坊 - 造字工房情书常规体 → 中文字体/其他
  📂 硬笔手写体 - 钢笔硬笔字体-152款-单独安装 - 117新蒂小丸子小学版  不狠站不稳 - 新蒂小丸子小学版 → 中文字体/手写体
  📂 硬笔手写体 - 钢笔硬笔字体-152款-单独安装 - 113小美体  星星变凑曲 - 小美体 → 中文字体/手写体
  ✓ 第 134 页: 成功 20, 跳过 0, 失败 0 (2437.0s)
  📄 第 135 页: 20 个需要处理
  📂 硬笔手写体 - 钢笔硬笔字体-152款-单独安装 - 115新蒂绿豆体 深香默默 - 新蒂绿豆体 → 中文字体/手写体
  📂 字体库 - 分类字体包 - 造字工坊 - 造字工房凌黑常规体 → 中文字体/其他
  📂 字体库 - 分类字体包 - 造字工坊 - 造字工房朗宋常规体 → 中文字体/其他
  📂 字体库 - 分类字体包 - 造字工坊 - 造字工房刻宋粗体 → 中文字体/其他
  📂 字体库 - 分类字体包 - 造字工坊 - 造字工房朗倩粗体 → 中文字体/其他
  📂 硬笔手写体 - 钢笔硬笔字体-152款-单独安装 - 111我字酷邹绍军手书-茁禾体  至少还有你 - 我字酷邹绍军手书-茁禾体 → 中文字体/手写体
  📂 硬笔手写体 - 钢笔硬笔字体-152款-单独安装 - 108我字酷郭金芳硬笔行书简体  闻香品女人 - 我字酷郭金芳硬笔行书简体 → 中文字体/手写体
  📂 硬笔手写体 - 钢笔硬笔字体-152款-单独安装 - 10hakuyokaishu7000 精卫填海 - hakuyokaishu7000 精卫填海 → 中文字体/手写体
  📂 字体库 - 分类字体包 - 造字工坊 - 造字工房可可常规体 → 中文字体/其他
  📂 硬笔手写体 - 钢笔硬笔字体-152款-单独安装 - 106文鼎谁的字体E5GBK_Ｍ  望尘莫及 - 文鼎谁的字体E5GBK_Ｍ → 中文字体/手写体
  📂 字体库 - 分类字体包 - 造字工坊 - 造字工房俊雅常规体 → 中文字体/其他
  📂 字体库 - 分类字体包 - 造字工坊 - 造字工房静黑特细体 → 中文字体/其他
  📂 字体库 - 分类字体包 - 造字工坊 - 造字工房劲黑常规体 → 中文字体/其他
  📂 硬笔手写体 - 钢笔硬笔字体-152款-单独安装 - 104文鼎TS文青钢笔体  心字已成灰 - 文鼎TS文青钢笔体 → 中文字体/手写体
  📂 字体库 - 分类字体包 - 造字工坊 - 造字工房佳黑常规体 → 中文字体/其他
  📂 字体库 - 分类字体包 - 造字工坊 - 造字工房黄金时代粗体 → 中文字体/其他
  📂 硬笔手写体 - 钢笔硬笔字体-152款-单独安装 - 102王金彦简行书完善体  静听松风寒 - 王金彦简行书完善体 → 中文字体/手写体
  📂 硬笔手写体 - 钢笔硬笔字体-152款-单独安装 - 100腾祥铚谦钢笔繁  我心无尘 - 腾祥铚谦钢笔繁 → 中文字体/手写体
  📂 字体库 - 分类字体包 - 造字工坊 - 造字工房丁丁常规体 → 中文字体/其他
  📂 字体库 - 分类字体包 - 造字工坊 - 造字工房典黑粗体 → 中文字体/其他
  ✓ 第 135 页: 成功 20, 跳过 0, 失败 0 (2465.0s)
  📄 第 136 页: 20 个需要处理
  📂 分类字体包 - 硬笔手写体 - 钢笔硬笔字体-152款-打包安装 - SentyTEA新蒂下午茶体 → 中文字体/手写体
  📂 字体库 - 分类字体包 - 造字工坊 - 造字工房典黑细体 → 中文字体/其他
  📂 分类字体包 - 硬笔手写体 - 钢笔硬笔字体-152款-打包安装 - MF QingShu (Noncommercial)  阿屿修改版情书体  玲珑剔透 → 中文字体/手写体
  📂 字体库 - 分类字体包 - 造字工坊 - 造字工房博黑常规体 → 中文字体/其他
  📂 字体库 - 分类字体包 - 造字工坊 - 造字工房典黑超粗体 → 中文字体/其他
  📂 字体库 - 分类字体包 - 藏文字体 - NISIBUS → 中文字体/其他
  📂 分类字体包 - 硬笔手写体 - 钢笔硬笔字体-152款-打包安装 - liguofu → 中文字体/手写体
  📂 字体库 - 分类字体包 - 造字工坊 - 造字工坊尚雅 → 中文字体/其他
  📂 分类字体包 - 硬笔手写体 - 钢笔硬笔字体-152款-打包安装 - hakuyocaoshu7000 深林人不知 → 中文字体/手写体
  📂 字体库 - 分类字体包 - 藏文字体 - ededris-syma → 中文字体/其他
  📂 字体库 - 分类字体包 - 藏文字体 - Epali → 中文字体/其他
  📂 分类字体包 - 硬笔手写体 - 钢笔硬笔字体-152款-打包安装 - hakuyokaishu7000 精卫填海 → 中文字体/手写体
  📂 字体库 - 分类字体包 - 藏文字体 - ededris-g2 → 中文字体/其他
  📂 分类字体包 - 硬笔手写体 - 钢笔硬笔字体-152款-打包安装 - BoLeZhuSunti伯乐字库竹笋体 → 中文字体/手写体
  📂 字体库 - 分类字体包 - 藏文字体 - ededris-f2 → 中文字体/其他
  📂 字体库 - 分类字体包 - 藏文字体 - ededris-f → 中文字体/其他
  📂 字体库 - 分类字体包 - 藏文字体 - ededris-e2 → 中文字体/其他
  📂 分类字体包 - 硬笔手写体 - 钢笔硬笔字体-152款-打包安装 - BoLePianXianti伯乐字库翩跹体 → 中文字体/手写体
  📂 分类字体包 - 硬笔手写体 - 钢笔硬笔字体-152款-打包安装 - 字体管家印象体 → 中文字体/手写体
  📂 字体库 - 分类字体包 - 藏文字体 - ededris-g → 中文字体/其他
  ✓ 第 136 页: 成功 20, 跳过 0, 失败 0 (2492.8s)
  📄 第 137 页: 20 个需要处理
  📂 字体库 - 分类字体包 - 藏文字体 - ededris-d2 → 中文字体/其他
  📂 字体库 - 分类字体包 - 藏文字体 - ededris-d → 中文字体/其他
  📂 字体库 - 分类字体包 - 藏文字体 - ededris-e → 中文字体/其他
  📂 分类字体包 - 硬笔手写体 - 钢笔硬笔字体-152款-打包安装 - 逐浪硬行体 → 中文字体/手写体
  📂 字体库 - 分类字体包 - 藏文字体 - ededris-b2 → 中文字体/其他
  📂 字体库 - 分类字体包 - 藏文字体 - ededris-b → 中文字体/其他
  📂 字体库 - 分类字体包 - 藏文字体 - ededris-c2 → 中文字体/其他
  📂 字体库 - 分类字体包 - 藏文字体 - ededris-c → 中文字体/其他
  📂 分类字体包 - 硬笔手写体 - 钢笔硬笔字体-152款-打包安装 - 逐浪时尚钢笔体 → 中文字体/手写体
  📂 字体库 - 分类字体包 - 藏文字体 - dedris-syma → 中文字体/其他
  📂 字体库 - 分类字体包 - 藏文字体 - dedris-g2 → 中文字体/其他
  📂 分类字体包 - 硬笔手写体 - 钢笔硬笔字体-152款-打包安装 - 钟齐余好建行艺体 → 中文字体/手写体
  📂 字体库 - 分类字体包 - 藏文字体 - ededris-a → 中文字体/其他
  📂 字体库 - 分类字体包 - 藏文字体 - ededris-a2 → 中文字体/其他
  📂 字体库 - 分类字体包 - 藏文字体 - dedris-f2 → 中文字体/其他
  📂 字体库 - 分类字体包 - 藏文字体 - dedris-f → 中文字体/其他
  📂 字体库 - 分类字体包 - 藏文字体 - dedris-g → 中文字体/其他
  📂 分类字体包 - 硬笔手写体 - 钢笔硬笔字体-152款-打包安装 - 钟齐孟宪敏硬笔简体 → 中文字体/手写体
  📂 分类字体包 - 硬笔手写体 - 钢笔硬笔字体-152款-打包安装 - 钟齐立强行书简 → 中文字体/手写体
  📂 字体库 - 分类字体包 - 藏文字体 - dedris-d2 → 中文字体/其他
  ✓ 第 137 页: 成功 20, 跳过 0, 失败 0 (2520.5s)
  📄 第 138 页: 20 个需要处理
  📂 字体库 - 分类字体包 - 藏文字体 - dedris-e2 → 中文字体/其他
  📂 字体库 - 分类字体包 - 藏文字体 - dedris-d → 中文字体/其他
  📂 分类字体包 - 硬笔手写体 - 钢笔硬笔字体-152款-打包安装 - 钟齐陈伟勋硬笔行楷繁 → 中文字体/手写体
  📂 字体库 - 分类字体包 - 藏文字体 - dedris-e → 中文字体/其他
  📂 字体库 - 分类字体包 - 藏文字体 - dedris-c2 → 中文字体/其他
  📂 字体库 - 分类字体包 - 藏文字体 - dedris-b2 → 中文字体/其他
  📂 字体库 - 分类字体包 - 藏文字体 - dedris-c → 中文字体/其他
  📂 分类字体包 - 硬笔手写体 - 钢笔硬笔字体-152款-打包安装 - 张维镜手写楷书 → 中文字体/手写体
  📂 字体库 - 分类字体包 - 藏文字体 - dedris-b → 中文字体/其他
  📂 字体库 - 分类字体包 - 藏文字体 - dedris-a → 中文字体/其他
  📂 字体库 - 分类字体包 - 藏文字体 - AXIFTDI → 中文字体/其他
  📂 分类字体包 - 硬笔手写体 - 钢笔硬笔字体-152款-打包安装 - 造字工房情书繁体（非商用） → 中文字体/手写体
  📂 字体库 - 分类字体包 - 藏文字体 - dedris-a2 → 中文字体/其他
  📂 字体库 - 分类字体包 - 藏文字体 - AXIFTDB → 中文字体/其他
  📂 分类字体包 - 硬笔手写体 - 钢笔硬笔字体-152款-打包安装 - 于洪亮硬笔行楷手写体正式版一 → 中文字体/手写体
  📂 字体库 - 分类字体包 - 禹卫字体 - c287-禹卫书法行书繁体 → 中文字体/其他
  📂 字体库 - 分类字体包 - 禹卫字体 - 禹卫硬笔常规体 → 中文字体/其他
  📂 分类字体包 - 硬笔手写体 - 钢笔硬笔字体-152款-打包安装 - 游狼美钢行书(简) → 中文字体/手写体
  📂 字体库 - 分类字体包 - 禹卫字体 - 禹卫书法隶书繁体 → 中文字体/其他
  📂 字体库 - 分类字体包 - 禹卫字体 - 禹卫书法行书繁体 → 中文字体/其他
  ✓ 第 138 页: 成功 20, 跳过 0, 失败 0 (2547.5s)
  📄 第 139 页: 20 个需要处理
  📂 分类字体包 - 硬笔手写体 - 钢笔硬笔字体-152款-打包安装 - 叶根友小京楷简体 → 中文字体/手写体
  📂 分类字体包 - 硬笔手写体 - 钢笔硬笔字体-152款-打包安装 - 游狼锋芒体 → 中文字体/手写体
  📂 分类字体包 - 硬笔手写体 - 钢笔硬笔字体-152款-打包安装 - 叶根友签名体 → 中文字体/手写体
  📂 硬笔手写体 - 钢笔硬笔字体-152款-单独安装 - 99腾祥铁山硬隶繁  读书有道 - 腾祥铁山硬隶繁 → 中文字体/手写体
  📂 分类字体包 - 硬笔手写体 - 钢笔硬笔字体-152款-打包安装 - 叶根友钢笔行书升级版 → 中文字体/手写体
  📂 分类字体包 - 硬笔手写体 - 钢笔硬笔字体-152款-打包安装 - 杨任东竹石体-Semibold  窗边迷迭 → 中文字体/手写体
  📂 分类字体包 - 硬笔手写体 - 钢笔硬笔字体-152款-打包安装 - 邢世新硬笔行书简体 → 中文字体/手写体
  📂 硬笔手写体 - 钢笔硬笔字体-152款-单独安装 - 97孙运和楷体  半斤八两 - 孙运和楷体 → 中文字体/手写体
  📂 硬笔手写体 - 钢笔硬笔字体-152款-单独安装 - 93书体坊雪纯体3500  一世斑驳 - 书体坊雪纯体3500 → 中文字体/手写体
  📂 分类字体包 - 硬笔手写体 - 钢笔硬笔字体-152款-打包安装 - 新蒂绿豆体 → 中文字体/手写体
  📂 分类字体包 - 硬笔手写体 - 钢笔硬笔字体-152款-打包安装 - 新蒂小丸子小学版 → 中文字体/手写体
  📂 硬笔手写体 - 钢笔硬笔字体-152款-单独安装 - 95书体坊赵九江钢笔行书  九一八事变 - 书体坊赵九江钢笔行书 → 中文字体/手写体
  📂 硬笔手写体 - 钢笔硬笔字体-152款-单独安装 - 8hakuyocaoshu7000 深林人不知 - hakuyocaoshu7000 深林人不知 → 中文字体/手写体
  📂 硬笔手写体 - 钢笔硬笔字体-152款-单独安装 - 91书体坊郭小语钢笔楷体  泾渭分明 - 书体坊郭小语钢笔楷体 → 中文字体/手写体
  📂 分类字体包 - 硬笔手写体 - 钢笔硬笔字体-152款-打包安装 - 我字酷邹绍军手书-茁禾体 → 中文字体/手写体
  📂 分类字体包 - 硬笔手写体 - 钢笔硬笔字体-152款-打包安装 - 小美体 → 中文字体/手写体
  📂 分类字体包 - 硬笔手写体 - 钢笔硬笔字体-152款-打包安装 - 我字酷金俊手涂字 → 中文字体/手写体
  📂 硬笔手写体 - 钢笔硬笔字体-152款-单独安装 - 88世界那么大 - 世界那么大 → 中文字体/手写体
  📂 硬笔手写体 - 钢笔硬笔字体-152款-单独安装 - 86全新硬笔楷书简  未雨绸缪 - 全新硬笔楷书简 → 中文字体/手写体
  📂 分类字体包 - 硬笔手写体 - 钢笔硬笔字体-152款-打包安装 - 文鼎TS文青钢笔体 → 中文字体/手写体
  ✓ 第 139 页: 成功 20, 跳过 0, 失败 0 (2574.9s)
  📄 第 140 页: 20 个需要处理
  📂 分类字体包 - 硬笔手写体 - 钢笔硬笔字体-152款-打包安装 - 文鼎谁的字体E5GBK_Ｍ → 中文字体/手写体
  📂 硬笔手写体 - 钢笔硬笔字体-152款-单独安装 - 84翩翩体-简  豆蔻花事 - 翩翩体-简 → 中文字体/手写体
  📂 分类字体包 - 硬笔手写体 - 钢笔硬笔字体-152款-打包安装 - 王晓辉行楷字体 → 中文字体/手写体
  📂 硬笔手写体 - 钢笔硬笔字体-152款-单独安装 - 82庞中华硬笔字体  AMCSongGBK-Light  茉莉花香 - 庞中华硬笔字体  AMCSongGBK-Light  茉莉花香 → 中文字体/手写体
  📂 硬笔手写体 - 钢笔硬笔字体-152款-单独安装 - 80潘婉琼字体  泥菩萨过江 - 潘婉琼字体 → 中文字体/手写体
  📂 分类字体包 - 硬笔手写体 - 钢笔硬笔字体-152款-打包安装 - 腾祥铚谦隶书繁 → 中文字体/手写体
  📂 硬笔手写体 - 钢笔硬笔字体-152款-单独安装 - 79南北简家书  电力十足 - 南北简家书 → 中文字体/手写体
  📂 分类字体包 - 硬笔手写体 - 钢笔硬笔字体-152款-打包安装 - 腾祥铁山硬隶繁 → 中文字体/手写体
  📂 分类字体包 - 硬笔手写体 - 钢笔硬笔字体-152款-打包安装 - 孙运和楷体 → 中文字体/手写体
  📂 硬笔手写体 - 钢笔硬笔字体-152款-单独安装 - 77抹茶体 玉米抹茶体  HanziPen SC   秋风过耳 - 抹茶体 玉米抹茶体  HanziPen SC   秋风过耳 → 中文字体/手写体
  📂 分类字体包 - 硬笔手写体 - 钢笔硬笔字体-152款-打包安装 - 书体坊雪纯体3500 → 中文字体/手写体
  📂 分类字体包 - 硬笔手写体 - 钢笔硬笔字体-152款-打包安装 - 书体坊赵九江钢笔行书 → 中文字体/手写体
  📂 分类字体包 - 硬笔手写体 - 钢笔硬笔字体-152款-打包安装 - 手写大象体 → 中文字体/手写体
  📂 硬笔手写体 - 钢笔硬笔字体-152款-单独安装 - 75迷你简硬笔行书  上下五千年 - 迷你简硬笔行书 → 中文字体/手写体
  📂 分类字体包 - 硬笔手写体 - 钢笔硬笔字体-152款-打包安装 - 书体坊郭小语钢笔楷体 → 中文字体/手写体
  📂 硬笔手写体 - 钢笔硬笔字体-152款-单独安装 - 73迷你简瘦金书  智慧故事 - 迷你简瘦金书 → 中文字体/手写体
  📂 分类字体包 - 硬笔手写体 - 钢笔硬笔字体-152款-打包安装 - 全新硬笔隶书简 → 中文字体/手写体
  📂 分类字体包 - 硬笔手写体 - 钢笔硬笔字体-152款-打包安装 - 神韵哈天随性体 → 中文字体/手写体
  📂 分类字体包 - 硬笔手写体 - 钢笔硬笔字体-152款-打包安装 - 求福楷体 → 中文字体/手写体
  📂 硬笔手写体 - 钢笔硬笔字体-152款-单独安装 - 71萌妹子体 quietsky ¼òÌå  更好的自己 - 萌妹子体 quietsky ¼òÌå  更好的自己 → 中文字体/手写体
  ✓ 第 140 页: 成功 20, 跳过 0, 失败 0 (2602.0s)

  ⏳ 进度: 已处理 1758 个, 文件夹 NaN 个, 移动 NaN 个 (2602.5s)

  📄 第 141 页: 20 个需要处理
  📂 硬笔手写体 - 钢笔硬笔字体-152款-单独安装 - 6BoLeZhuSunti伯乐字库竹笋体  有点飘飘然 - BoLeZhuSunti伯乐字库竹笋体 → 中文字体/手写体
  📂 分类字体包 - 硬笔手写体 - 钢笔硬笔字体-152款-打包安装 - 翩翩连笔书 → 中文字体/手写体
  📂 硬笔手写体 - 钢笔硬笔字体-152款-单独安装 - 68流畅书写体  松下问童子 - 流畅书写体 → 中文字体/手写体
  📂 硬笔手写体 - 钢笔硬笔字体-152款-单独安装 - 66立夏手写体  渐行渐远 - 立夏手写体 → 中文字体/手写体
  📂 硬笔手写体 - 钢笔硬笔字体-152款-单独安装 - 64静蕾2  Untitled  遗夏昔年 - 静蕾2  Untitled → 中文字体/手写体
  📂 分类字体包 - 硬笔手写体 - 钢笔硬笔字体-152款-打包安装 - 庞中华简体 V2007  pangzhonghua → 中文字体/手写体
  📂 硬笔手写体 - 钢笔硬笔字体-152款-单独安装 - 62贱萌体  沉默地喊叫 - 贱萌体 → 中文字体/手写体
  📂 分类字体包 - 硬笔手写体 - 钢笔硬笔字体-152款-打包安装 - 抹茶体 玉米抹茶体  HanziPen SC   秋风过耳 → 中文字体/手写体
  📂 硬笔手写体 - 钢笔硬笔字体-152款-单独安装 - 60建刚字库少年体  轻狂少年 - 建刚字库少年体 → 中文字体/手写体
  📂 分类字体包 - 硬笔手写体 - 钢笔硬笔字体-152款-打包安装 - 南北简家书 → 中文字体/手写体
  📂 硬笔手写体 - 钢笔硬笔字体-152款-单独安装 - 59建刚体粗体修正版   游走云水 - 建刚体粗体修正版 → 中文字体/手写体
  📂 硬笔手写体 - 钢笔硬笔字体-152款-单独安装 - 57建刚草稿体  如是我闻 - 建刚草稿体 → 中文字体/手写体
  📂 分类字体包 - 硬笔手写体 - 钢笔硬笔字体-152款-打包安装 - 迷你简瘦金书 → 中文字体/手写体
  📂 硬笔手写体 - 钢笔硬笔字体-152款-单独安装 - 55華康流風體DFLiuW3-B5   深海之蓝 - 華康流風體DFLiuW3-B5   深海之蓝 → 中文字体/手写体
  📂 硬笔手写体 - 钢笔硬笔字体-152款-单独安装 - 53汉仪张杰体简  久旱逢甘雨 - 汉仪张杰体 → 中文字体/手写体
  📂 分类字体包 - 硬笔手写体 - 钢笔硬笔字体-152款-打包安装 - 迷你简硬笔楷书 → 中文字体/手写体
  📂 分类字体包 - 硬笔手写体 - 钢笔硬笔字体-152款-打包安装 - 萌妹子体 quietsky ¼òÌå  更好的自己 → 中文字体/手写体
  📂 硬笔手写体 - 钢笔硬笔字体-152款-单独安装 - 51汉仪伊宁隶繁 叽里旮旯儿 - 汉仪伊宁隶繁5.0 → 中文字体/手写体
  📂 硬笔手写体 - 钢笔硬笔字体-152款-单独安装 - 4BoLePianXianti伯乐字库翩跹体  乳燕初试飞 - BoLePianXianti伯乐字库翩跹体 → 中文字体/手写体
  📂 分类字体包 - 硬笔手写体 - 钢笔硬笔字体-152款-打包安装 - 罗西钢笔行楷 → 中文字体/手写体
  ✓ 第 141 页: 成功 20, 跳过 0, 失败 0 (2628.7s)
  📄 第 142 页: 20 个需要处理
  📂 分类字体包 - 硬笔手写体 - 钢笔硬笔字体-152款-打包安装 - 凌氏随手体 → 中文字体/手写体
  📂 硬笔手写体 - 钢笔硬笔字体-152款-单独安装 - 48汉仪晨妹子简  三色水果汁 - 汉仪晨妹子简 → 中文字体/手写体
  📂 分类字体包 - 硬笔手写体 - 钢笔硬笔字体-152款-打包安装 - 李旭科漫画体v1.0 → 中文字体/手写体
  📂 硬笔手写体 - 钢笔硬笔字体-152款-单独安装 - 46哈天随性体  工农兵学员 - 神韵哈天随性体 → 中文字体/手写体
  📂 硬笔手写体 - 钢笔硬笔字体-152款-单独安装 - 44方正字酷-文力体  狐狸想成精 - 方正字酷-文力体 → 中文字体/手写体
  📂 分类字体包 - 硬笔手写体 - 钢笔硬笔字体-152款-打包安装 - 静蕾2  Untitled → 中文字体/手写体
  📂 分类字体包 - 硬笔手写体 - 钢笔硬笔字体-152款-打包安装 - 贱萌体 → 中文字体/手写体
  📂 硬笔手写体 - 钢笔硬笔字体-152款-单独安装 - 42方正字迹-子实行楷简体  三百六十行 - 方正字迹-子实行楷简体 → 中文字体/手写体
  📂 硬笔手写体 - 钢笔硬笔字体-152款-单独安装 - 40方正字迹-童体硬笔字体  语文数学 - 方正字迹-童体硬笔字体  语文数学 → 中文字体/手写体
  📂 分类字体包 - 硬笔手写体 - 钢笔硬笔字体-152款-打包安装 - 建刚字库少年体 → 中文字体/手写体
  📂 分类字体包 - 硬笔手写体 - 钢笔硬笔字体-152款-打包安装 - 画溪手写草字 → 中文字体/手写体
  📂 分类字体包 - 硬笔手写体 - 钢笔硬笔字体-152款-打包安装 - 建刚静心楷 → 中文字体/手写体
  📂 分类字体包 - 硬笔手写体 - 钢笔硬笔字体-152款-打包安装 - 汉仪张杰体 → 中文字体/手写体
  📂 硬笔手写体 - 钢笔硬笔字体-152款-单独安装 - 39方正字迹-佩安硬笔简体  心有他物 - 方正字迹-佩安硬笔简体  心有他物 → 中文字体/手写体
  📂 硬笔手写体 - 钢笔硬笔字体-152款-单独安装 - 37方正字迹-钢笔伟楷简体  何乐而不为 - 方正字迹-钢笔伟楷简体 → 中文字体/手写体
  📂 分类字体包 - 硬笔手写体 - 钢笔硬笔字体-152款-打包安装 - 汉仪伊宁隶繁5.0 → 中文字体/手写体
  📂 分类字体包 - 硬笔手写体 - 钢笔硬笔字体-152款-打包安装 - 汉仪平安行粗简 → 中文字体/手写体
  📂 分类字体包 - 硬笔手写体 - 钢笔硬笔字体-152款-打包安装 - 汉仪晨妹子简 → 中文字体/手写体
  📂 硬笔手写体 - 钢笔硬笔字体-152款-单独安装 - 33方正硬笔行书简体  开宗明义 - 方正硬笔行书简体  开宗明义 → 中文字体/手写体
  📂 硬笔手写体 - 钢笔硬笔字体-152款-单独安装 - 35方正字迹-百乐硬笔简体  万劫不复 - 方正字迹-百乐硬笔简体  万劫不复 → 中文字体/手写体
  ✓ 第 142 页: 成功 20, 跳过 0, 失败 0 (2657.1s)
  📄 第 143 页: 20 个需要处理
  📂 硬笔手写体 - 钢笔硬笔字体-152款-单独安装 - 32方正瘦金书_GBK  摘下星星 - 方正瘦金书_GBK  摘下星星 → 中文字体/手写体
  📂 分类字体包 - 硬笔手写体 - 钢笔硬笔字体-152款-打包安装 - 方正字酷-文力体 → 中文字体/手写体
  📂 分类字体包 - 硬笔手写体 - 钢笔硬笔字体-152款-打包安装 - 方正字迹-子实行楷简体 → 中文字体/手写体
  📂 硬笔手写体 - 钢笔硬笔字体-152款-单独安装 - 2叶根友签名体  中国北京 - 叶根友签名体 → 中文字体/手写体
  📂 分类字体包 - 硬笔手写体 - 钢笔硬笔字体-152款-打包安装 - 方正字迹-童体硬笔字体  语文数学 → 中文字体/手写体
  📂 分类字体包 - 硬笔手写体 - 钢笔硬笔字体-152款-打包安装 - 方正字迹-老潘硬笔简体 → 中文字体/手写体
  📂 硬笔手写体 - 钢笔硬笔字体-152款-单独安装 - 28德彪钢笔行书字库   北城旧巷 - 德彪钢笔行书字库 → 中文字体/手写体
  📂 硬笔手写体 - 钢笔硬笔字体-152款-单独安装 - 26陈静的字完整版  十八般武艺 - 陈静的字完整版 → 中文字体/手写体
  📂 硬笔手写体 - 钢笔硬笔字体-152款-单独安装 - 24陈代明硬笔体2013正式版  本来无一物 - 陈代明硬笔体2013正式版 → 中文字体/手写体
  📂 分类字体包 - 硬笔手写体 - 钢笔硬笔字体-152款-打包安装 - 方正字迹-曾柏求硬笔简体 → 中文字体/手写体
  📂 硬笔手写体 - 钢笔硬笔字体-152款-单独安装 - 22蔡云汉硬笔行书简书法字体  风起云涌 - 蔡云汉硬笔行书简书法字体 → 中文字体/手写体
  📂 分类字体包 - 硬笔手写体 - 钢笔硬笔字体-152款-打包安装 - 方正硬笔行书简体  开宗明义 → 中文字体/手写体
  📂 分类字体包 - 硬笔手写体 - 钢笔硬笔字体-152款-打包安装 - 方正瘦金书简体 → 中文字体/手写体
  📂 硬笔手写体 - 钢笔硬笔字体-152款-单独安装 - 20伯乐俏皮体 - 伯乐俏皮体 → 中文字体/手写体
  📂 硬笔手写体 - 钢笔硬笔字体-152款-单独安装 - 18伯乐槐树体BoLeHuaiShuti  村头大槐树 - 伯乐槐树体BoLeHuaiShuti → 中文字体/手写体
  📂 硬笔手写体 - 钢笔硬笔字体-152款-单独安装 - 16SentyTEA新蒂下午茶体 - SentyTEA新蒂下午茶体 → 中文字体/手写体
  📂 分类字体包 - 硬笔手写体 - 钢笔硬笔字体-152款-打包安装 - 德彪钢笔行书字库 → 中文字体/手写体
  📂 分类字体包 - 硬笔手写体 - 钢笔硬笔字体-152款-打包安装 - 方正静蕾体加粗版 → 中文字体/手写体
  📂 分类字体包 - 硬笔手写体 - 钢笔硬笔字体-152款-打包安装 - 陈静的字完整版 → 中文字体/手写体
  📂 硬笔手写体 - 钢笔硬笔字体-152款-单独安装 - 152玉米张起灵HanziPen  SC  迷恋张起灵 - 玉米张起灵HanziPen  SC → 中文字体/手写体
  ✓ 第 143 页: 成功 20, 跳过 0, 失败 0 (2684.4s)
  📄 第 144 页: 20 个需要处理
  📂 分类字体包 - 硬笔手写体 - 钢笔硬笔字体-152款-打包安装 - 陈代明硬笔体2013正式版 → 中文字体/手写体
  📂 分类字体包 - 硬笔手写体 - 钢笔硬笔字体-152款-打包安装 - 蔡云汉硬笔行书简书法字体 → 中文字体/手写体
  📂 分类字体包 - 硬笔手写体 - 钢笔硬笔字体-152款-打包安装 - 伯乐俏皮体 → 中文字体/手写体
  📂 硬笔手写体 - 钢笔硬笔字体-152款-单独安装 - 150李旭科漫画体v1.0  回身换流光 - 李旭科漫画体v1.0 → 中文字体/手写体
  📂 分类字体包 - 硬笔手写体 - 钢笔硬笔字体-152款-打包安装 - 伯乐槐树体BoLeHuaiShuti → 中文字体/手写体
  📂 硬笔手写体 - 钢笔硬笔字体-152款-单独安装 - 149汉仪平安行粗简  上下五千年 - 汉仪平安行粗简 → 中文字体/手写体
  📂 分类字体包 - 硬笔手写体 - 钢笔硬笔字体-152款-打包安装 - 【嵐】芊柔体 → 中文字体/手写体
  📂 字体库 - 分类字体包 - 叶根友 - 叶根友韵柔 → 中文字体/其他
  📂 硬笔手写体 - 钢笔硬笔字体-152款-单独安装 - 147字体管家淘淘体  一花一世界 - 字体管家淘淘体 → 中文字体/手写体
  📂 字体库 - 分类字体包 - 叶根友 - 叶根友行书繁 → 中文字体/其他
  📂 硬笔手写体 - 钢笔硬笔字体-152款-单独安装 - 145游狼锋芒体  老婆我最大 - 游狼锋芒体 → 中文字体/手写体
  📂 硬笔手写体 - 钢笔硬笔字体-152款-单独安装 - 143逐浪时尚钢笔体  闲云清烟 - 逐浪时尚钢笔体 → 中文字体/手写体
  📂 字体库 - 分类字体包 - 叶根友 - 叶根友新篆简体试用版 → 中文字体/其他
  📂 字体库 - 分类字体包 - 叶根友 - 叶根友纤丽墨 → 中文字体/其他
  📂 字体库 - 分类字体包 - 叶根友 - 叶根友微影体 → 中文字体/其他
  📂 字体库 - 分类字体包 - 叶根友 - 叶根友微宋中细 → 中文字体/其他
  📂 硬笔手写体 - 钢笔硬笔字体-152款-单独安装 - 141钟齐余好建行艺体 上司迷语 - 钟齐余好建行艺体 → 中文字体/手写体
  📂 字体库 - 分类字体包 - 叶根友 - 叶根友微宋特细 → 中文字体/其他
  📂 字体库 - 分类字体包 - 叶根友 - 叶根友微宋 → 中文字体/其他
  📂 硬笔手写体 - 钢笔硬笔字体-152款-单独安装 - 13MF QingShu (Noncommercial)  阿屿修改版情书体  玲珑剔透 - MF QingShu (Noncommercial)  阿屿修改版情书体  玲珑剔透 → 中文字体/手写体
  ✓ 第 144 页: 成功 20, 跳过 0, 失败 0 (2711.6s)
  📄 第 145 页: 20 个需要处理
  📂 字体库 - 分类字体包 - 叶根友 - 叶根友微黑简 → 中文字体/其他
  📂 硬笔手写体 - 钢笔硬笔字体-152款-单独安装 - 136钟齐陈伟勋硬笔行书字库  鸿鹄之志 - 钟齐陈伟勋硬笔行书字库  鸿鹄之志 → 中文字体/手写体
  📂 字体库 - 分类字体包 - 叶根友 - 叶根友微禅云2.0 → 中文字体/其他
  📂 硬笔手写体 - 钢笔硬笔字体-152款-单独安装 - 138钟齐流江硬笔草体  北雁南飞 - 钟齐流江硬笔草体 → 中文字体/手写体
  📂 硬笔手写体 - 钢笔硬笔字体-152款-单独安装 - 134钟齐安景臣硬笔行书  九天揽月 - 钟齐安景臣硬笔行书 → 中文字体/手写体
  📂 字体库 - 分类字体包 - 叶根友 - 叶根友特隶简体 → 中文字体/其他
  📂 字体库 - 分类字体包 - 叶根友 - 叶根友特色空心简体 → 中文字体/其他
  📂 硬笔手写体 - 钢笔硬笔字体-152款-单独安装 - 132张建宇体  微雨花间落 - 张建宇体 → 中文字体/手写体
  📂 字体库 - 分类字体包 - 叶根友 - 叶根友唐楷卡黑 → 中文字体/其他
  📂 字体库 - 分类字体包 - 叶根友 - 叶根友柔晴鼎麦 → 中文字体/其他
  📂 硬笔手写体 - 钢笔硬笔字体-152款-单独安装 - 130于洪亮硬笔行楷手写体正式版一  月明人依楼 - 于洪亮硬笔行楷手写体正式版一 → 中文字体/手写体
  📂 字体库 - 分类字体包 - 叶根友 - 叶根友神工体 → 中文字体/其他
  📂 字体库 - 分类字体包 - 叶根友 - 叶根友千秋字体 → 中文字体/其他
  📂 字体库 - 分类字体包 - 叶根友 - 叶根友切诺古碑 → 中文字体/其他
  📂 硬笔手写体 - 钢笔硬笔字体-152款-单独安装 - 129于洪亮钢笔楷书简体  说说心里梦 - 于洪亮钢笔楷书简体(正式版) → 中文字体/手写体
  📂 硬笔手写体 - 钢笔硬笔字体-152款-单独安装 - 127游狼近草体（简）  真人不露相 - 游狼近草体简 → 中文字体/手写体
  📂 字体库 - 分类字体包 - 叶根友 - 叶根友飘悦飞草2.0 → 中文字体/其他
  📂 字体库 - 分类字体包 - 叶根友 - 叶根友凌典空2.0 → 中文字体/其他
  📂 字体库 - 分类字体包 - 叶根友 - 叶根友梦度体 → 中文字体/其他
  📂 硬笔手写体 - 钢笔硬笔字体-152款-单独安装 - 123叶根友疾风草书  恋慕如斯 - 叶根友疾风草书 → 中文字体/手写体
  ✓ 第 145 页: 成功 20, 跳过 0, 失败 0 (2739.2s)
  📄 第 146 页: 20 个需要处理
  📂 硬笔手写体 - 钢笔硬笔字体-152款-单独安装 - 125叶根友小京楷简体   情何以堪 - 叶根友小京楷简体 → 中文字体/手写体
  📂 字体库 - 分类字体包 - 叶根友 - 叶根友毛笔行书简体2.0 → 中文字体/其他
  📂 硬笔手写体 - 钢笔硬笔字体-152款-单独安装 - 121叶根友非主流手  高高正北飞 - 叶根友非主流手 → 中文字体/手写体
  📂 硬笔手写体 - 钢笔硬笔字体-152款-单独安装 - 11hakuyoxingshu 7000  笔走游龙 - hakuyoxingshu 7000  笔走游龙 → 中文字体/手写体
  📂 字体库 - 分类字体包 - 叶根友 - 叶根友静韵体 → 中文字体/其他
  📂 字体库 - 分类字体包 - 叶根友 - 叶根友朗捷扬2.0 → 中文字体/其他
  📂 字体库 - 分类字体包 - 叶根友 - 叶根友国韵体 → 中文字体/其他
  📂 字体库 - 分类字体包 - 叶根友 - 叶根友阁宋 → 中文字体/其他
  📂 硬笔手写体 - 钢笔硬笔字体-152款-单独安装 - 118邢世新硬笔行书简体  曲终人散 - 邢世新硬笔行书简体 → 中文字体/手写体
  📂 字体库 - 分类字体包 - 叶根友 - 叶根友分旗空2.0 → 中文字体/其他
  📂 硬笔手写体 - 钢笔硬笔字体-152款-单独安装 - 114新帝下午茶白金版  一切有为法 - 新帝下午茶（白金版） → 中文字体/手写体
  📂 硬笔手写体 - 钢笔硬笔字体-152款-单独安装 - 116新蒂下午茶基本版  如梦幻泡影 - 新蒂下午茶基本版 → 中文字体/手写体
  📂 硬笔手写体 - 钢笔硬笔字体-152款-单独安装 - 112小龙体  移山万里来 - 小龙体 → 中文字体/手写体
  📂 字体库 - 分类字体包 - 叶根友 - 叶根友福荣银钩2.0 → 中文字体/其他
  📂 字体库 - 分类字体包 - 叶根友 - 叶根友蚕燕隶书 → 中文字体/其他
  📂 字体库 - 分类字体包 - 叶根友 - 叶根友等曲线 → 中文字体/其他
  📂 硬笔手写体 - 钢笔硬笔字体-152款-单独安装 - 110我字酷无非  无非出世才 - 我字酷无非 → 中文字体/手写体
  📂 字体库 - 分类字体包 - 叶根友 - 叶根友仿刘德华字体 → 中文字体/其他
  📂 字体库 - 分类字体包 - 雅坊美工字体库 - 雅坊美工13 → 中文字体/其他
  📂 硬笔手写体 - 钢笔硬笔字体-152款-单独安装 - 107文鼎中钢笔行楷  难于上青天 - 文鼎中钢笔行楷 → 中文字体/手写体
  ✓ 第 146 页: 成功 20, 跳过 0, 失败 0 (2765.9s)
  📄 第 147 页: 20 个需要处理
  📂 字体库 - 分类字体包 - 叶根友 - 南构唐宝楷 → 中文字体/其他
  📂 硬笔手写体 - 钢笔硬笔字体-152款-单独安装 - 109我字酷金俊手涂字  雪上飞狐跃 - 我字酷金俊手涂字 → 中文字体/手写体
  📂 硬笔手写体 - 钢笔硬笔字体-152款-单独安装 - 105文鼎谁的字体E5GBK_B  迷路白云 - 文鼎谁的字体E5GBK_B → 中文字体/手写体
  📂 字体库 - 分类字体包 - 雅坊美工字体库 - 雅坊美工11 → 中文字体/其他
  📂 字体库 - 分类字体包 - 雅坊美工字体库 - 雅坊美工05 → 中文字体/其他
  📂 字体库 - 分类字体包 - 雅坊美工字体库 - 雅坊美工03 → 中文字体/其他
  📂 字体库 - 分类字体包 - 雅坊美工字体库 - 雅坊美工01 → 中文字体/其他
  📂 字体库 - 分类字体包 - 文鼎字体 - 文鼎CS长宋体繁 → 中文字体/衬线体
  📂 硬笔手写体 - 钢笔硬笔字体-152款-单独安装 - 103王晓辉行楷字体  黄帝战蚩尤 - 王晓辉行楷字体 → 中文字体/手写体
  📂 字体库 - 分类字体包 - 文鼎字体 - 文鼎中行書 → 中文字体/其他
  📂 硬笔手写体 - 钢笔硬笔字体-152款-单独安装 - 101腾祥铚谦隶书繁  千山鸟飞绝 - 腾祥铚谦隶书繁 → 中文字体/手写体
  📂 字体库 - 分类字体包 - 文鼎字体 - 文鼎中隸 → 中文字体/其他
  📂 硬笔手写体 - 钢笔硬笔字体-152款-单独安装 - 1【嵐】芊柔体  一點不芊柔 - 【嵐】芊柔体 → 中文字体/手写体
  📂 字体库 - 分类字体包 - 文鼎字体 - 文鼎圓立體 → 中文字体/其他
  📂 字体库 - 分类字体包 - 文鼎字体 - 文鼎新中特黑 → 中文字体/其他
  📂 字体库 - 分类字体包 - 文鼎字体 - 文鼎淹水體 → 中文字体/其他
  📂 字体库 - 分类字体包 - 文鼎字体 - 文鼎新中黑 → 中文字体/其他
  📂 分类字体包 - 硬笔手写体 - 钢笔硬笔字体-152款-打包安装 - MLingWaiFHK  永远有多远 → 中文字体/手写体
  📂 字体库 - 分类字体包 - 文鼎字体 - 文鼎新艺体简 → 中文字体/其他
  📂 字体库 - 分类字体包 - 文鼎字体 - 文鼎新特黑 → 中文字体/其他
  ✓ 第 147 页: 成功 20, 跳过 0, 失败 0 (2792.7s)
  📄 第 148 页: 20 个需要处理
  📂 字体库 - 分类字体包 - 文鼎字体 - 文鼎小标宋简 → 中文字体/其他
  📂 分类字体包 - 硬笔手写体 - 钢笔硬笔字体-152款-打包安装 - MBanquet P HKS  明月来相照 → 中文字体/手写体
  📂 分类字体包 - 硬笔手写体 - 钢笔硬笔字体-152款-打包安装 - hakuyoxingshu 7000  笔走游龙 → 中文字体/手写体
  📂 分类字体包 - 硬笔手写体 - 钢笔硬笔字体-152款-打包安装 - HAKUYOGuiFanZi3500  锐不可当 → 中文字体/手写体
  📂 字体库 - 分类字体包 - 文鼎字体 - 文鼎香腸體 → 中文字体/其他
  📂 字体库 - 分类字体包 - 文鼎字体 - 文鼎细仿宋繁 → 中文字体/衬线体
  📂 字体库 - 分类字体包 - 文鼎字体 - 文鼎細黑 → 中文字体/其他
  📂 分类字体包 - 硬笔手写体 - 钢笔硬笔字体-152款-打包安装 - CXD6763_Newest陈旭东字体 → 中文字体/手写体
  📂 分类字体包 - 硬笔手写体 - 钢笔硬笔字体-152款-打包安装 - BoLeYaYati 伯乐丫丫体 → 中文字体/手写体
  📂 分类字体包 - 硬笔手写体 - 钢笔硬笔字体-152款-打包安装 - Aunt-沉魅体 → 中文字体/手写体
  📂 字体库 - 分类字体包 - 文鼎字体 - 文鼎特黑 → 中文字体/其他
  📂 字体库 - 分类字体包 - 文鼎字体 - 文鼎特粗黑简 → 中文字体/其他
  📂 字体库 - 分类字体包 - 文鼎字体 - 文鼎书宋繁 → 中文字体/其他
  📂 分类字体包 - 硬笔手写体 - 钢笔硬笔字体-152款-打包安装 - 字体管家淘淘体 → 中文字体/手写体
  📂 字体库 - 分类字体包 - 文鼎字体 - 文鼎霹靂體 → 中文字体/其他
  📂 分类字体包 - 硬笔手写体 - 钢笔硬笔字体-152款-打包安装 - 逐浪小雪钢笔体 → 中文字体/手写体
  📂 分类字体包 - 硬笔手写体 - 钢笔硬笔字体-152款-打包安装 - 钟齐流江硬笔草体 → 中文字体/手写体
  📂 分类字体包 - 硬笔手写体 - 钢笔硬笔字体-152款-打包安装 - 逐浪大雪钢笔体 → 中文字体/手写体
  📂 分类字体包 - 硬笔手写体 - 钢笔硬笔字体-152款-打包安装 - 钟齐吴嘉睿手写字 → 中文字体/手写体
  📂 字体库 - 分类字体包 - 文鼎字体 - 文鼎勘亭流 → 中文字体/其他
  ✓ 第 148 页: 成功 20, 跳过 0, 失败 0 (2819.4s)
  📄 第 149 页: 20 个需要处理
  📂 分类字体包 - 硬笔手写体 - 钢笔硬笔字体-152款-打包安装 - 钟齐陈伟勋硬笔行书字库  鸿鹄之志 → 中文字体/手写体
  📂 字体库 - 分类字体包 - 文鼎字体 - 文鼎賤狗體 → 中文字体/其他
  📂 字体库 - 分类字体包 - 文鼎字体 - 文鼎花瓣體 → 中文字体/其他
  📂 分类字体包 - 硬笔手写体 - 钢笔硬笔字体-152款-打包安装 - 钟齐安景臣硬笔行书 → 中文字体/手写体
  📂 字体库 - 分类字体包 - 文鼎字体 - 文鼎鬍子體 → 中文字体/其他
  📂 分类字体包 - 硬笔手写体 - 钢笔硬笔字体-152款-打包安装 - 玉米张起灵HanziPen  SC → 中文字体/手写体
  📂 分类字体包 - 硬笔手写体 - 钢笔硬笔字体-152款-打包安装 - 张建宇体 → 中文字体/手写体
  📂 字体库 - 分类字体包 - 文鼎字体 - 文鼎古印体繁 → 中文字体/其他
  📂 字体库 - 分类字体包 - 文鼎字体 - 文鼎彈簧體 → 中文字体/其他
  📂 字体库 - 分类字体包 - 文鼎字体 - 文鼎粗行楷 → 中文字体/其他
  📂 分类字体包 - 硬笔手写体 - 钢笔硬笔字体-152款-打包安装 - 于洪亮钢笔楷书简体(正式版) → 中文字体/手写体
  📂 字体库 - 分类字体包 - 文鼎字体 - 文鼎粗圆简 → 中文字体/其他
  📂 字体库 - 分类字体包 - 文鼎字体 - 文鼎粗魏碑 → 中文字体/其他
  📂 分类字体包 - 硬笔手写体 - 钢笔硬笔字体-152款-打包安装 - 游狼近草体简 → 中文字体/手写体
  📂 分类字体包 - 硬笔手写体 - 钢笔硬笔字体-152款-打包安装 - 叶根友特隶简体  破镜重圆 → 中文字体/手写体
  📂 分类字体包 - 硬笔手写体 - 钢笔硬笔字体-152款-打包安装 - 英娜体 → 中文字体/手写体
  📂 字体库 - 分类字体包 - 文鼎字体 - 文鼎粗隸 → 中文字体/其他
  📂 分类字体包 - 硬笔手写体 - 钢笔硬笔字体-152款-打包安装 - 叶根友疾风草书 → 中文字体/手写体
  📂 字体库 - 分类字体包 - 文鼎字体 - 文鼎粗黑繁 → 中文字体/其他
  📂 分类字体包 - 硬笔手写体 - 钢笔硬笔字体-152款-打包安装 - 叶根友非主流手 → 中文字体/手写体
  ✓ 第 149 页: 成功 20, 跳过 0, 失败 0 (2847.0s)
  📄 第 150 页: 20 个需要处理
  📂 字体库 - 分类字体包 - 文鼎字体 - 文鼎粗鋼筆行楷 → 中文字体/其他
  📂 分类字体包 - 硬笔手写体 - 钢笔硬笔字体-152款-打包安装 - 徐金如硬笔行楷 → 中文字体/手写体
  📂 字体库 - 分类字体包 - 文鼎字体 - 文鼎超圓 → 中文字体/其他
  📂 分类字体包 - 硬笔手写体 - 钢笔硬笔字体-152款-打包安装 - 行者笔记简 → 中文字体/手写体
  📂 分类字体包 - 硬笔手写体 - 钢笔硬笔字体-152款-打包安装 - 新蒂下午茶基本版 → 中文字体/手写体
  📂 字体库 - 分类字体包 - 文鼎字体 - 文鼎报宋简 → 中文字体/其他
  📂 字体库 - 分类字体包 - 微软字体打包合集 - 微软vista雅黑Bold → 中文字体/其他
  📂 分类字体包 - 硬笔手写体 - 钢笔硬笔字体-152款-打包安装 - 新帝下午茶（白金版） → 中文字体/手写体
  📂 分类字体包 - 硬笔手写体 - 钢笔硬笔字体-152款-打包安装 - 小龙体 → 中文字体/手写体
  📂 分类字体包 - 硬笔手写体 - 钢笔硬笔字体-152款-打包安装 - 我字酷郭金芳硬笔行书简体 → 中文字体/手写体
  📂 字体库 - 分类字体包 - 微软字体打包合集 - 微软vista宋体 → 中文字体/衬线体
  📂 分类字体包 - 硬笔手写体 - 钢笔硬笔字体-152款-打包安装 - 我字酷无非 → 中文字体/手写体
  📂 分类字体包 - 硬笔手写体 - 钢笔硬笔字体-152款-打包安装 - 文鼎谁的字体E5GBK_B → 中文字体/手写体
  📂 分类字体包 - 硬笔手写体 - 钢笔硬笔字体-152款-打包安装 - 文鼎中钢笔行楷 → 中文字体/手写体
  📂 字体库 - 分类字体包 - 微软字体打包合集 - 微软vista黑体 → 中文字体/正文字
  📂 字体库 - 分类字体包 - 微软字体打包合集 - 微软正黑体 → 中文字体/正文字
  ✓ 第 150 页: 成功 16, 跳过 0, 失败 4 (2872.0s)
  ✗ 第 151 页失败: fetch failed
  ✗ 第 152 页失败: fetch failed
  ✗ 第 153 页失败: fetch failed
  📄 第 154 页: 20 个需要处理
  📂 分类字体包 - 特殊字体合集 - 9P点阵字体 - ZXSPECTR → 中文字体/其他
  📂 分类字体包 - 硬笔手写体 - 钢笔硬笔字体-152款-打包安装 - 方正字酷-程斌体 → 中文字体/手写体
  📂 分类字体包 - 硬笔手写体 - 钢笔硬笔字体-152款-打包安装 - 邯郸-郭灵霞灵芝体  从善如流 → 中文字体/手写体
  📂 分类字体包 - 特殊字体合集 - 9P点阵字体 - voltergoldfish → 中文字体/其他
  📂 分类字体包 - 硬笔手写体 - 钢笔硬笔字体-152款-打包安装 - 方正字迹-张亮硬笔行书简体 → 中文字体/手写体
  📂 分类字体包 - 特殊字体合集 - 9P点阵字体 - Telegl → 中文字体/其他
  📂 分类字体包 - 硬笔手写体 - 钢笔硬笔字体-152款-打包安装 - 方正字迹-佩安硬笔简体  心有他物 → 中文字体/手写体
  📂 分类字体包 - 特殊字体合集 - 9P点阵字体 - FAKERECE → 中文字体/其他
  📂 分类字体包 - 特殊字体合集 - 9P点阵字体 - pin16 → 中文字体/其他
  📂 分类字体包 - 特殊字体合集 - 9P点阵字体 - DigitaldreamNarrow → 中文字体/其他
  📂 分类字体包 - 特殊字体合集 - 9P点阵字体 - DOTMATRI → 中文字体/其他
  📂 分类字体包 - 硬笔手写体 - 钢笔硬笔字体-152款-打包安装 - 方正字迹-钢笔伟楷简体 → 中文字体/手写体
  📂 分类字体包 - 特殊字体合集 - 9P点阵字体 - Basicdots → 中文字体/其他
  📂 分类字体包 - 特殊字体合集 - 9P点阵字体 - 295-CAI978 → 中文字体/其他
  📂 分类字体包 - 硬笔手写体 - 钢笔硬笔字体-152款-打包安装 - 方正硬笔楷书简体  水中望月 → 中文字体/手写体
  📂 分类字体包 - 特殊字体合集 - 9P点阵字体 - ALPNMAIN → 中文字体/其他
  📂 分类字体包 - 特殊字体合集 - 9P点阵字体 - 543-CAI978 → 中文字体/其他
  📂 分类字体包 - 硬笔手写体 - 钢笔硬笔字体-152款-打包安装 - 方正字迹-百乐硬笔简体  万劫不复 → 中文字体/手写体
  📂 分类字体包 - 硬笔手写体 - 钢笔硬笔字体-152款-打包安装 - 方正瘦金书_GBK  摘下星星 → 中文字体/手写体
  📂 字体库 - 分类字体包 - 特殊字体 - wolves → 中文字体/其他
  ✓ 第 154 页: 成功 20, 跳过 0, 失败 0 (2917.4s)
  📄 第 155 页: 20 个需要处理
  📂 字体库 - 分类字体包 - 特殊字体 - ZAPFDING → 中文字体/其他
  📂 分类字体包 - 硬笔手写体 - 钢笔硬笔字体-152款-打包安装 - 方圆硬笔行书简 → 中文字体/手写体
  📂 字体库 - 分类字体包 - 特殊字体 - zincboom → 中文字体/其他
  📂 字体库 - 分类字体包 - 特殊字体 - V500002_ → 中文字体/其他
  📂 字体库 - 分类字体包 - 特殊字体 - valium → 中文字体/其他
  📂 字体库 - 分类字体包 - 特殊字体 - V300022_ → 中文字体/其他
  📂 分类字体包 - 硬笔手写体 - 钢笔硬笔字体-152款-打包安装 - 陈继世-硬笔行书 → 中文字体/手写体
  📂 分类字体包 - 硬笔手写体 - 钢笔硬笔字体-152款-打包安装 - 戴锦好字体X 但闻人语声 → 中文字体/手写体
  📂 分类字体包 - 硬笔手写体 - 钢笔硬笔字体-152款-打包安装 - 伯乐油画体  BoLeYouHuati   清韵飘逸 → 中文字体/手写体
  📂 字体库 - 分类字体包 - 特殊字体 - V300018_ → 中文字体/其他
  📂 分类字体包 - 硬笔手写体 - 钢笔硬笔字体-152款-打包安装 - 陈代明粉笔体演示版2 → 中文字体/手写体
  📂 字体库 - 分类字体包 - 特殊字体 - V300020_ → 中文字体/其他
  📂 字体库 - 分类字体包 - 特殊字体 - V300016_ → 中文字体/其他
  📂 分类字体包 - 硬笔手写体 - 钢笔硬笔字体-152款-打包安装 - 伯乐暴躁体BoLeBaoZaoti → 中文字体/手写体
  📂 字体库 - 分类字体包 - 特殊字体 - V300008_ → 中文字体/其他
  📂 字体库 - 分类字体包 - 特殊字体 - V300014_ → 中文字体/其他
  📂 字体库 - 分类字体包 - 特殊字体 - V300012_ → 中文字体/其他
  📂 分类字体包 - 硬笔手写体 - 钢笔硬笔字体-152款-打包安装 - 伯乐毛毛虫体 → 中文字体/手写体
  📂 字体库 - 分类字体包 - 特殊字体 - V300010_ → 中文字体/其他
  📂 字体库 - 分类字体包 - 特殊字体 - V300002_ → 中文字体/其他
  ✓ 第 155 页: 成功 20, 跳过 0, 失败 0 (2946.6s)
  📄 第 156 页: 20 个需要处理
  📂 分类字体包 - 硬笔手写体 - 钢笔硬笔字体-152款-打包安装 - 【风雨】  大钢笔行楷（黑白em） → 中文字体/手写体
  📂 字体库 - 分类字体包 - 特殊字体 - V300006_ → 中文字体/其他
  📂 字体库 - 分类字体包 - 特殊字体 - V300004_ → 中文字体/其他
  📂 字体库 - 分类字体包 - 特殊字体 - V200024_ → 中文字体/其他
  📂 字体库 - 分类字体包 - 特殊字体 - V200018_ → 中文字体/其他
  📂 字体库 - 分类字体包 - 叶根友 - 叶根友行书 → 中文字体/其他
  📂 字体库 - 分类字体包 - 叶根友 - 叶根友元碑1.7 → 中文字体/其他
  📂 字体库 - 分类字体包 - 特殊字体 - V200022_ → 中文字体/其他
  📂 字体库 - 分类字体包 - 特殊字体 - V200020_ → 中文字体/其他
  📂 字体库 - 分类字体包 - 特殊字体 - V200014_ → 中文字体/其他
  📂 字体库 - 分类字体包 - 叶根友 - 叶根友微圆体 → 中文字体/圆体
  📂 字体库 - 分类字体包 - 特殊字体 - V200012_ → 中文字体/其他
  📂 字体库 - 分类字体包 - 特殊字体 - V200016_ → 中文字体/其他
  📂 字体库 - 分类字体包 - 叶根友 - 叶根友微宋重黑 → 中文字体/其他
  📂 字体库 - 分类字体包 - 叶根友 - 叶根友小京楷简体 → 中文字体/其他
  📂 字体库 - 分类字体包 - 特殊字体 - V200006_ → 中文字体/其他
  📂 字体库 - 分类字体包 - 特殊字体 - V200004_ → 中文字体/其他
  📂 字体库 - 分类字体包 - 叶根友 - 叶根友微宋中粗 → 中文字体/其他
  📂 字体库 - 分类字体包 - 特殊字体 - V200010_ → 中文字体/其他
  📂 字体库 - 分类字体包 - 特殊字体 - V200008_ → 中文字体/其他
  ✓ 第 156 页: 成功 20, 跳过 0, 失败 0 (2975.1s)
  📄 第 157 页: 20 个需要处理
  📂 字体库 - 分类字体包 - 特殊字体 - V100029_ → 中文字体/其他
  📂 字体库 - 分类字体包 - 叶根友 - 叶根友微宋特黑1.2 → 中文字体/其他
  📂 字体库 - 分类字体包 - 叶根友 - 叶根友微刚体 → 中文字体/其他
  📂 字体库 - 分类字体包 - 特殊字体 - V100027_ → 中文字体/其他
  📂 字体库 - 分类字体包 - 特殊字体 - V200002_ → 中文字体/其他
  📂 字体库 - 分类字体包 - 叶根友 - 叶根友微黑中细 → 中文字体/其他
  📂 字体库 - 分类字体包 - 叶根友 - 叶根友童体简 → 中文字体/其他
  📂 字体库 - 分类字体包 - 特殊字体 - V100019_ → 中文字体/其他
  📂 字体库 - 分类字体包 - 特殊字体 - V100025_ → 中文字体/其他
  📂 字体库 - 分类字体包 - 特殊字体 - V100023_ → 中文字体/其他
  📂 字体库 - 分类字体包 - 特殊字体 - V100021_ → 中文字体/其他
  📂 字体库 - 分类字体包 - 叶根友 - 叶根友特色简体 → 中文字体/其他
  📂 字体库 - 分类字体包 - 叶根友 - 叶根友特楷简体 → 中文字体/其他
  📂 字体库 - 分类字体包 - 叶根友 - 叶根友唐楷飞墨 → 中文字体/其他
  📂 字体库 - 分类字体包 - 特殊字体 - V100015_ → 中文字体/其他
  📂 字体库 - 分类字体包 - 特殊字体 - V100017_ → 中文字体/其他
  📂 字体库 - 分类字体包 - 特殊字体 - V100011_ → 中文字体/其他
  📂 字体库 - 分类字体包 - 叶根友 - 叶根友签名体 → 中文字体/其他
  📂 字体库 - 分类字体包 - 叶根友 - 叶根友锐劲格美 → 中文字体/其他
  📂 字体库 - 分类字体包 - 叶根友 - 叶根友轻绘体 → 中文字体/其他
  ✓ 第 157 页: 成功 20, 跳过 0, 失败 0 (3003.4s)
  📄 第 158 页: 20 个需要处理
  📂 字体库 - 分类字体包 - 特殊字体 - V100009_ → 中文字体/其他
  📂 字体库 - 分类字体包 - 特殊字体 - V100013_ → 中文字体/其他
  📂 字体库 - 分类字体包 - 特殊字体 - V100007_ → 中文字体/其他
  📂 字体库 - 分类字体包 - 叶根友 - 叶根友破若墨极1.2 → 中文字体/其他
  📂 字体库 - 分类字体包 - 特殊字体 - V100001_ → 中文字体/其他
  📂 字体库 - 分类字体包 - 特殊字体 - V100003_ → 中文字体/其他
  📂 字体库 - 分类字体包 - 特殊字体 - V100005_ → 中文字体/其他
  📂 字体库 - 分类字体包 - 叶根友 - 叶根友飘然劲草繁2.0 → 中文字体/其他
  📂 字体库 - 分类字体包 - 特殊字体 - tuesday → 中文字体/其他
  📂 字体库 - 分类字体包 - 叶根友 - 叶根友毛笔特色简体 → 中文字体/其他
  📂 字体库 - 分类字体包 - 特殊字体 - TRANSPOR → 中文字体/其他
  📂 字体库 - 分类字体包 - 叶根友 - 叶根友美赞体 → 中文字体/其他
  📂 字体库 - 分类字体包 - 叶根友 - 叶根友朗月书2.0 → 中文字体/其他
  📂 字体库 - 分类字体包 - 特殊字体 - tombats7 → 中文字体/其他
  📂 字体库 - 分类字体包 - 特殊字体 - tommys → 中文字体/其他
  📂 字体库 - 分类字体包 - 特殊字体 - TOOLS → 中文字体/其他
  📂 字体库 - 分类字体包 - 特殊字体 - tombots → 中文字体/其他
  📂 字体库 - 分类字体包 - 叶根友 - 叶根友空心简体 → 中文字体/其他
  📂 字体库 - 分类字体包 - 叶根友 - 叶根友疾风草书 → 中文字体/其他
  📂 字体库 - 分类字体包 - 叶根友 - 叶根友古刻体个人版 → 中文字体/其他
  ✓ 第 158 页: 成功 20, 跳过 0, 失败 0 (3032.7s)
  📄 第 159 页: 20 个需要处理
  📂 字体库 - 分类字体包 - 特殊字体 - TOMBATS1 → 中文字体/其他
  📂 字体库 - 分类字体包 - 特殊字体 - tombats4 → 中文字体/其他
  📂 字体库 - 分类字体包 - 特殊字体 - thisprty → 中文字体/其他
  📂 字体库 - 分类字体包 - 叶根友 - 叶根友钢笔行书2.0 → 中文字体/其他
  📂 字体库 - 分类字体包 - 叶根友 - 叶根友风帆特色简体 → 中文字体/其他
  📂 字体库 - 分类字体包 - 特殊字体 - TECHNOLO → 中文字体/其他
  📂 字体库 - 分类字体包 - 叶根友 - 叶根友度黑1.8 → 中文字体/其他
  📂 字体库 - 分类字体包 - 叶根友 - 叶根友非主流钢笔手写体 → 中文字体/手写体
  📂 字体库 - 分类字体包 - 特殊字体 - SYMBPROP → 中文字体/其他
  📂 字体库 - 分类字体包 - 特殊字体 - SUBMERGD → 中文字体/其他
  📂 字体库 - 分类字体包 - 特殊字体 - silhouette → 中文字体/其他
  📂 字体库 - 分类字体包 - 特殊字体 - signal → 中文字体/其他
  📂 字体库 - 分类字体包 - 叶根友 - 叶根友刀锋黑草2.0 → 中文字体/其他
  📂 字体库 - 分类字体包 - 特殊字体 - STARS1 → 中文字体/其他
  📂 字体库 - 分类字体包 - 叶根友 - 叶根友奥运字体 → 中文字体/其他
  📂 字体库 - 分类字体包 - 特殊字体 - SPORTS&H → 中文字体/其他
  📂 字体库 - 分类字体包 - 特殊字体 - secret → 中文字体/其他
  📂 字体库 - 分类字体包 - 雅坊美工字体库 - 雅坊美工14 → 中文字体/其他
  📂 字体库 - 分类字体包 - 雅坊美工字体库 - 雅坊美工12 → 中文字体/其他
  📂 字体库 - 分类字体包 - 特殊字体 - scandal → 中文字体/其他
  ✓ 第 159 页: 成功 20, 跳过 0, 失败 0 (3062.7s)
  📄 第 160 页: 20 个需要处理
  📂 字体库 - 分类字体包 - 特殊字体 - SHAPES1 → 中文字体/其他
  📂 字体库 - 分类字体包 - 特殊字体 - RCMP2 → 中文字体/其他
  📂 字体库 - 分类字体包 - 特殊字体 - robot → 中文字体/其他
  📂 字体库 - 分类字体包 - 特殊字体 - px10 → 中文字体/其他
  📂 字体库 - 分类字体包 - 雅坊美工字体库 - 雅坊美工04 → 中文字体/其他
  📂 字体库 - 分类字体包 - 雅坊美工字体库 - 雅坊美工06 → 中文字体/其他
  📂 字体库 - 分类字体包 - 文鼎字体 - 文鼎竹子體 → 中文字体/其他
  📂 字体库 - 分类字体包 - 雅坊美工字体库 - 雅坊美工02 → 中文字体/其他
  📂 字体库 - 分类字体包 - 文鼎字体 - 文鼎POP-4 → 中文字体/其他
  📂 字体库 - 分类字体包 - 特殊字体 - pinball → 中文字体/其他
  📂 字体库 - 分类字体包 - 特殊字体 - PORANGER → 中文字体/其他
  📂 字体库 - 分类字体包 - 特殊字体 - progbot → 中文字体/其他
  📂 字体库 - 分类字体包 - 特殊字体 - NAUTICAL → 中文字体/其他
  📂 字体库 - 分类字体包 - 特殊字体 - nullp → 中文字体/其他
  📂 字体库 - 分类字体包 - 特殊字体 - opticbot → 中文字体/其他
  📂 字体库 - 分类字体包 - 文鼎字体 - 文鼎中特廣告體 → 中文字体/其他
  📂 字体库 - 分类字体包 - 特殊字体 - modebats → 中文字体/其他
  📂 字体库 - 分类字体包 - 文鼎字体 - 文鼎中粗隸 → 中文字体/其他
  📂 字体库 - 分类字体包 - 特殊字体 - musicdbz → 中文字体/其他
  📂 字体库 - 分类字体包 - 特殊字体 - MUSIC → 中文字体/其他
  ✓ 第 160 页: 成功 20, 跳过 0, 失败 0 (3092.1s)

  ⏳ 进度: 已处理 2094 个, 文件夹 NaN 个, 移动 NaN 个 (3092.6s)

  📄 第 161 页: 20 个需要处理
  📂 字体库 - 分类字体包 - 特殊字体 - MDRABBIT → 中文字体/其他
  📂 字体库 - 分类字体包 - 文鼎字体 - 文鼎顏楷九宮體 → 中文字体/其他
  📂 字体库 - 分类字体包 - 特殊字体 - melanie → 中文字体/其他
  📂 字体库 - 分类字体包 - 文鼎字体 - 文鼎行楷碑體 → 中文字体/其他
  📂 字体库 - 分类字体包 - 特殊字体 - MILITARY → 中文字体/其他
  📂 字体库 - 分类字体包 - 文鼎字体 - 文鼎新中黑外字一 → 中文字体/其他
  📂 字体库 - 分类字体包 - 文鼎字体 - 文鼎新藝體 → 中文字体/其他
  📂 字体库 - 分类字体包 - 特殊字体 - levity → 中文字体/其他
  📂 字体库 - 分类字体包 - 特殊字体 - linear → 中文字体/其他
  📂 字体库 - 分类字体包 - 文鼎字体 - 文鼎新粗黑 → 中文字体/其他
  📂 字体库 - 分类字体包 - 文鼎字体 - 文鼎新細黑 → 中文字体/其他
  📂 字体库 - 分类字体包 - 特殊字体 - KOVACSSP → 韩文字体/其他
  📂 字体库 - 分类字体包 - 特殊字体 - KIDNAP → 中文字体/其他
  📂 字体库 - 分类字体包 - 特殊字体 - LANDPLAN → 中文字体/其他
  📂 字体库 - 分类字体包 - 特殊字体 - HYGIENE → 中文字体/其他
  📂 字体库 - 分类字体包 - 文鼎字体 - 文鼎細楷 → 中文字体/其他
  📂 字体库 - 分类字体包 - 文鼎字体 - 文鼎瀟灑體 → 中文字体/其他
  📂 字体库 - 分类字体包 - 特殊字体 - HOUSEHOL → 中文字体/其他
  📂 字体库 - 分类字体包 - 特殊字体 - HOLIBI__ → 中文字体/其他
  📂 字体库 - 分类字体包 - 特殊字体 - guildof → 中文字体/其他
  ✓ 第 161 页: 成功 20, 跳过 0, 失败 0 (3119.6s)
  📄 第 162 页: 20 个需要处理
  📂 字体库 - 分类字体包 - 特殊字体 - HIPPOCRI → 中文字体/其他
  📂 字体库 - 分类字体包 - 特殊字体 - germs → 中文字体/其他
  📂 字体库 - 分类字体包 - 文鼎字体 - 文鼎习字体 → 中文字体/其他
  📂 字体库 - 分类字体包 - 文鼎字体 - 文鼎細鋼筆行楷 → 中文字体/其他
  📂 字体库 - 分类字体包 - 文鼎字体 - 文鼎特粗宋简 → 中文字体/其他
  📂 字体库 - 分类字体包 - 特殊字体 - fresnel → 中文字体/其他
  📂 字体库 - 分类字体包 - 特殊字体 - geodesic → 中文字体/其他
  📂 字体库 - 分类字体包 - 文鼎字体 - 文鼎誰的字體 → 中文字体/其他
  📂 字体库 - 分类字体包 - 特殊字体 - gabriel → 中文字体/其他
  📂 字体库 - 分类字体包 - 特殊字体 - ELECTRON → 中文字体/其他
  📂 字体库 - 分类字体包 - 特殊字体 - FABULOUS → 中文字体/其他
  📂 字体库 - 分类字体包 - 特殊字体 - FESTIVE → 中文字体/其他
  📂 字体库 - 分类字体包 - 文鼎字体 - 文鼎石頭體 → 中文字体/其他
  📂 字体库 - 分类字体包 - 文鼎字体 - 文鼎妞妞體 → 中文字体/其他
  📂 字体库 - 分类字体包 - 特殊字体 - DOVES → 中文字体/其他
  📂 字体库 - 分类字体包 - 特殊字体 - dnahand → 中文字体/其他
  📂 字体库 - 分类字体包 - 文鼎字体 - 文鼎荊棘體 → 中文字体/其他
  📂 字体库 - 分类字体包 - 特殊字体 - DOG30___ → 中文字体/其他
  📂 字体库 - 分类字体包 - 特殊字体 - DELUSION → 中文字体/其他
  📂 字体库 - 分类字体包 - 特殊字体 - cwisdom → 中文字体/其他
  ✓ 第 162 页: 成功 20, 跳过 0, 失败 0 (3147.4s)
  📄 第 163 页: 20 个需要处理
  📂 字体库 - 分类字体包 - 特殊字体 - CONTINUO → 中文字体/其他
  📂 字体库 - 分类字体包 - 文鼎字体 - 文鼎火柴體 → 中文字体/其他
  📂 字体库 - 分类字体包 - 文鼎字体 - 文鼎琥珀繁 → 中文字体/其他
  📂 字体库 - 分类字体包 - 文鼎字体 - 文鼎海報體 → 中文字体/其他
  📂 字体库 - 分类字体包 - 特殊字体 - CLOCKS → 中文字体/其他
  📂 字体库 - 分类字体包 - 特殊字体 - COMPUTER → 中文字体/其他
  📂 字体库 - 分类字体包 - 特殊字体 - colophon → 中文字体/其他
  📂 字体库 - 分类字体包 - 特殊字体 - BULLETS1 → 中文字体/其他
  📂 字体库 - 分类字体包 - 文鼎字体 - 文鼎雕刻體 → 中文字体/其他
  📂 字体库 - 分类字体包 - 特殊字体 - BTTSOIEF → 中文字体/其他
  📂 字体库 - 分类字体包 - 特殊字体 - BULLETS3 → 中文字体/其他
  📂 字体库 - 分类字体包 - 文鼎字体 - 文鼎大标宋简 → 中文字体/其他
  📂 字体库 - 分类字体包 - 特殊字体 - CHARTING → 中文字体/其他
  📂 字体库 - 分类字体包 - 特殊字体 - BORDERS2 → 中文字体/其他
  📂 字体库 - 分类字体包 - 特殊字体 - BALLOONS → 中文字体/其他
  📂 字体库 - 分类字体包 - 特殊字体 - bboron → 中文字体/其他
  📂 字体库 - 分类字体包 - 文鼎字体 - 文鼎粗魏碑简 → 中文字体/其他
  📂 字体库 - 分类字体包 - 文鼎字体 - 文鼎粗行楷简 → 中文字体/其他
  📂 字体库 - 分类字体包 - 文鼎字体 - 文鼎粗楷 → 中文字体/其他
  📂 字体库 - 分类字体包 - 文鼎字体 - 文鼎粗明 → 中文字体/其他
  ✓ 第 163 页: 成功 20, 跳过 0, 失败 0 (3186.1s)
  📄 第 164 页: 20 个需要处理
  📂 字体库 - 分类字体包 - 特殊字体 - antiblue → 中文字体/其他
  📂 字体库 - 分类字体包 - 特殊字体 - ARROWS2 → 中文字体/其他
  📂 字体库 - 分类字体包 - 文鼎字体 - 文鼎粗黑 → 中文字体/其他
  📂 字体库 - 分类字体包 - 特殊字体 - ALPNMAIN → 中文字体/其他
  📂 字体库 - 分类字体包 - 特殊字体 - ANGSTROM → 中文字体/其他
  📂 字体库 - 分类字体包 - 特殊字体 - 足迹 → 中文字体/其他
  📂 字体库 - 分类字体包 - 特殊字体 - ANIMALS2 → 中文字体/其他
  📂 字体库 - 分类字体包 - 特殊字体 - 运动员 → 中文字体/其他
  📂 字体库 - 分类字体包 - 文鼎字体 - 文鼎齿轮体 → 中文字体/其他
  📂 字体库 - 分类字体包 - 特殊字体 - 音乐 → 中文字体/其他
  📂 字体库 - 分类字体包 - 微软字体打包合集 - 微软vista正黑体 → 中文字体/正文字
  📂 字体库 - 分类字体包 - 特殊字体 - 小图案 → 中文字体/其他
  📂 字体库 - 分类字体包 - 特殊字体 - 亚洲 → 中文字体/其他
  📂 字体库 - 分类字体包 - 文鼎字体 - 文鼎超黑 → 中文字体/其他
  📂 字体库 - 分类字体包 - 特殊字体 - 星形2 → 中文字体/其他
  📂 字体库 - 分类字体包 - 特殊字体 - 卫生 → 中文字体/其他
  📂 字体库 - 分类字体包 - 特殊字体 - 天气 → 中文字体/其他
  📂 字体库 - 分类字体包 - 微软字体打包合集 - 微软vista雅黑 → 中文字体/其他
  📂 字体库 - 分类字体包 - 特殊字体 - 头骨 → 中文字体/其他
  📂 字体库 - 分类字体包 - 特殊字体 - 体育1 → 中文字体/其他
  ✓ 第 164 页: 成功 20, 跳过 0, 失败 0 (3223.1s)
  📄 第 165 页: 20 个需要处理
  📂 字体库 - 分类字体包 - 微软字体打包合集 - 微软vista楷体 → 中文字体/手写体
  📂 字体库 - 分类字体包 - 特殊字体 - 水 → 中文字体/其他
  📂 字体库 - 分类字体包 - 微软字体打包合集 - 微软vista仿宋 → 中文字体/衬线体
  📂 字体库 - 分类字体包 - 特殊字体 - 手语2 → 中文字体/其他
  📂 字体库 - 分类字体包 - 特殊字体 - 手形 → 中文字体/其他
  📂 字体库 - 分类字体包 - 特殊字体 - 食物 → 中文字体/其他
  📂 字体库 - 分类字体包 - 特殊字体 - 圣诞1 → 中文字体/其他
  📂 字体库 - 分类字体包 - 微软字体打包合集 - 微软雅黑粗体 → 中文字体/其他
  📂 字体库 - 分类字体包 - 特殊字体 - 气球2 → 中文字体/其他
  📂 字体库 - 分类字体包 - 特殊字体 - 日用品 → 中文字体/其他
  📂 字体库 - 分类字体包 - 特殊字体 - 旗语 → 中文字体/其他
  📂 字体库 - 分类字体包 - 特殊字体 - 人 → 中文字体/其他
  📂 字体库 - 分类字体包 - 特殊字体 - 忍者 → 中文字体/其他
  📂 字体库 - 分类字体包 - 微软字体打包合集 - 微软雅黑 Bold → 中文字体/其他
  📂 字体库 - 分类字体包 - 特殊字体 - 脸 → 中文字体/其他
  📂 字体库 - 分类字体包 - 特殊字体 - 猫1 → 中文字体/其他
  📂 字体库 - 分类字体包 - 特殊字体 - 跑跳 → 中文字体/其他
  📂 字体库 - 分类字体包 - 特殊字体 - 路标 → 中文字体/其他
  📂 字体库 - 分类字体包 - 微软字体打包合集 - 微软简秀圆 → 中文字体/其他
  📂 字体库 - 分类字体包 - 微软字体打包合集 - 微软简综艺 → 中文字体/其他
  ✓ 第 165 页: 成功 20, 跳过 0, 失败 0 (3258.3s)
  📄 第 166 页: 20 个需要处理
  📂 字体库 - 分类字体包 - 微软字体打包合集 - 微软简魏碑 → 中文字体/其他
  📂 字体库 - 分类字体包 - 特殊字体 - 卡通1 → 中文字体/其他
  📂 字体库 - 分类字体包 - 特殊字体 - 理化 → 中文字体/其他
  📂 字体库 - 分类字体包 - 特殊字体 - 恐龙 → 中文字体/其他
  📂 字体库 - 分类字体包 - 微软字体打包合集 - 微软简隶书 → 中文字体/其他
  📂 字体库 - 分类字体包 - 特殊字体 - 奖品 → 中文字体/其他
  📂 字体库 - 分类字体包 - 特殊字体 - 箭头1 → 中文字体/其他
  📂 字体库 - 分类字体包 - 特殊字体 - 家具 → 中文字体/其他
  📂 字体库 - 分类字体包 - 微软字体打包合集 - 微软简楷体 → 中文字体/手写体
  📂 字体库 - 分类字体包 - 微软字体打包合集 - 微软简粗姚 → 中文字体/其他
  📂 字体库 - 分类字体包 - 特殊字体 - 花案 → 中文字体/其他
  📂 字体库 - 分类字体包 - 特殊字体 - 怪物2 → 中文字体/其他
  📂 字体库 - 分类字体包 - 微软字体打包合集 - 微软简粗黑 → 中文字体/其他
  📂 字体库 - 分类字体包 - 特殊字体 - 怪眼 → 中文字体/其他
  📂 字体库 - 分类字体包 - 特殊字体 - 怪脸 → 中文字体/其他
  📂 字体库 - 分类字体包 - 特殊字体 - 动物2 → 中文字体/其他
  📂 字体库 - 分类字体包 - 微软字体打包合集 - 微软黑体 → 中文字体/正文字
  📂 字体库 - 分类字体包 - 特殊字体 - 非洲 → 中文字体/其他
  📂 字体库 - 分类字体包 - 特殊字体 - 公用 → 中文字体/其他
  📂 字体库 - 分类字体包 - 特殊字体 - 动物 → 中文字体/其他
  ✓ 第 166 页: 成功 20, 跳过 0, 失败 0 (3295.5s)
  📄 第 167 页: 20 个需要处理
  📂 字体库 - 分类字体包 - 微软字体打包合集 - 微软繁线体 → 中文字体/其他
  📂 字体库 - 分类字体包 - 特殊字体 - 刺2 → 中文字体/其他
  📂 字体库 - 分类字体包 - 特殊字体 - 电器 → 中文字体/其他
  📂 字体库 - 分类字体包 - 微软字体打包合集 - 微软繁隶书 → 中文字体/其他
  📂 字体库 - 分类字体包 - 特殊字体 - 插图14 → 中文字体/其他
  📂 字体库 - 分类字体包 - 特殊字体 - 插图10 → 中文字体/其他
  📂 字体库 - 分类字体包 - 特殊字体 - 宠物 → 中文字体/其他
  📂 字体库 - 分类字体包 - 微软字体打包合集 - 微软繁魏碑 → 中文字体/其他
  📂 字体库 - 分类字体包 - 特殊字体 - 插图06 → 中文字体/其他
  📂 字体库 - 分类字体包 - 特殊字体 - 插图12 → 中文字体/其他
  📂 字体库 - 分类字体包 - 微软字体打包合集 - 微软繁琥珀 → 中文字体/其他
  📂 字体库 - 分类字体包 - 特殊字体 - 插图04 → 中文字体/其他
  📂 字体库 - 分类字体包 - 特殊字体 - 插图08 → 中文字体/其他
  📂 字体库 - 分类字体包 - 微软字体打包合集 - 微软繁仿宋 → 中文字体/衬线体
  📂 字体库 - 分类字体包 - 微软字体打包合集 - 微软繁超黑 → 中文字体/其他
  📂 字体库 - 分类字体包 - 微软字体打包合集 - 微软大黑体 → 中文字体/正文字
  📂 字体库 - 分类字体包 - 特殊字体 - 8-PM____ → 中文字体/其他
  📂 字体库 - 分类字体包 - 特殊字体 - 包装盒 → 中文字体/其他
  📂 字体库 - 分类字体包 - 特殊字体 - 插图02 → 中文字体/其他
  📂 字体库 - 分类字体包 - 特殊字体 - 标示2 → 中文字体/其他
  ✓ 第 167 页: 成功 20, 跳过 0, 失败 0 (3326.6s)
  📄 第 168 页: 20 个需要处理
  📂 字体库 - 分类字体包 - 特殊字体 - 32768no → 中文字体/其他
  📂 分类字体包 - 特殊字体合集 - 中文点阵字体 - 汉字点阵16 → 中文字体/其他
  📂 字体库 - 分类字体包 - 特殊字体 - 04B_30__ → 中文字体/其他
  📂 字体库 - 分类字体包 - 特殊字体 - 04B_24__ → 中文字体/其他
  📂 分类字体包 - 特殊字体合集 - 证件中文字体 - 增值税发票字体 → 中文字体/其他
  📂 字体库 - 分类字体包 - 特殊字体 - 04B_08__ → 中文字体/其他
  📂 字体库 - 分类字体包 - 特殊字体 - 04B_20__ → 中文字体/其他
  📂 字体库 - 分类字体包 - 特殊字体 - 04B_11__ → 中文字体/其他
  📂 分类字体包 - 特殊字体合集 - 证件中文字体 - 身份证字体 → 中文字体/其他
  📂 分类字体包 - 淘宝授权使用45款华康字体 - 华康 - 华康POP3体W12 → 中文字体/其他
  📂 分类字体包 - 特殊字体合集 - 身份证字体 - OCR-B 10 BT → 中文字体/其他
  📂 分类字体包 - 特殊字体合集 - 行驶证字体 - A QQ,1240316043  09021 → 中文字体/其他
  📂 分类字体包 - 淘宝授权使用45款华康字体 - 华康 - 华康POP1体W5 → 中文字体/其他
  📂 分类字体包 - 特殊字体合集 - 行驶证字体 - DFPGB_S7 → 中文字体/其他
  📂 分类字体包 - 特殊字体合集 - 票据字体 - MISO____ → 中文字体/其他
  📂 分类字体包 - 特殊字体合集 - 票据字体 - xingshi1 → 中文字体/其他
  📂 分类字体包 - 淘宝授权使用45款华康字体 - 华康 - 华康圆体W9(P) → 中文字体/圆体
  📂 分类字体包 - 淘宝授权使用45款华康字体 - 华康 - 华康圆体W5(P) → 中文字体/圆体
  📂 分类字体包 - 淘宝授权使用45款华康字体 - 华康 - 华康雅艺体W6-B5 → 中文字体/其他
  📂 分类字体包 - 特殊字体合集 - 票据字体 - NaiveLineSansBold → 中文字体/无衬线体
  ✓ 第 168 页: 成功 20, 跳过 0, 失败 0 (3365.3s)
  📄 第 169 页: 20 个需要处理
  📂 分类字体包 - 淘宝授权使用45款华康字体 - 华康 - 华康新综艺W7(P) → 中文字体/其他
  📂 分类字体包 - 特殊字体合集 - 票据字体 - cordiab → 中文字体/其他
  📂 分类字体包 - 特殊字体合集 - 票据字体 - Computerfont → 中文字体/其他
  📂 分类字体包 - 特殊字体合集 - 票据字体 - cordiau_0 → 中文字体/其他
  📂 特殊字体合集 - 动物字体打包10款 - 09动物字体打包10款 - wmanimals1 → 中文字体/其他
  📂 分类字体包 - 特殊字体合集 - 票据字体 - 10 BT → 中文字体/其他
  📂 分类字体包 - 淘宝授权使用45款华康字体 - 华康 - 华康魏碑W7(P) → 中文字体/其他
  📂 特殊字体合集 - 动物字体打包10款 - 09动物字体打包10款 - teddydings1_dl → 中文字体/其他
  📂 分类字体包 - 淘宝授权使用45款华康字体 - 华康 - 华康唐风隶W5 → 中文字体/其他
  📂 分类字体包 - 淘宝授权使用45款华康字体 - 华康 - 华康宋体W5(P) → 中文字体/衬线体
  📂 特殊字体合集 - 动物字体打包10款 - 09动物字体打包10款 - farmwildanimals_csp → 中文字体/其他
  📂 特殊字体合集 - 动物字体打包10款 - 09动物字体打包10款 - KR Be Mine Again → 韩文字体/其他
  📂 特殊字体合集 - 动物字体打包10款 - 09动物字体打包10款 - ChildrenAnimalsFriends → 中文字体/其他
  📂 分类字体包 - 特殊字体合集 - 9P点阵字体 - ZX81 → 中文字体/其他
  📂 分类字体包 - 特殊字体合集 - 9P点阵字体 - terminal → 中文字体/其他
  📂 分类字体包 - 淘宝授权使用45款华康字体 - 华康 - 华康宋体W12(P) → 中文字体/衬线体
  📂 分类字体包 - 淘宝授权使用45款华康字体 - 华康 - 华康手札体简W5 → 中文字体/其他
  📂 分类字体包 - 特殊字体合集 - 9P点阵字体 - Teleg → 中文字体/其他
  📂 分类字体包 - 特殊字体合集 - 9P点阵字体 - Moder DOS 437 Win → 中文字体/其他
  📂 分类字体包 - 特殊字体合集 - 打码字体 - stZ → 中文字体/其他
  ✓ 第 169 页: 成功 20, 跳过 0, 失败 0 (3393.4s)
  📄 第 170 页: 20 个需要处理
  📂 分类字体包 - 特殊字体合集 - 9P点阵字体 - Dotsalfn → 中文字体/其他
  📂 分类字体包 - 特殊字体合集 - 9P点阵字体 - DigitaldreamSkew → 中文字体/其他
  📂 分类字体包 - 特殊字体合集 - 9P点阵字体 - BAZARONI → 中文字体/其他
  📂 分类字体包 - 特殊字体合集 - 9P点阵字体 - AtomicClockRadio → 韩文字体/其他
  📂 分类字体包 - 特殊字体合集 - 9P点阵字体 - 8-PM____ → 中文字体/其他
  📂 分类字体包 - 特殊字体合集 - 9P点阵字体 - 449-CAI978 → 中文字体/其他
  📂 分类字体包 - 特殊字体合集 - 9P点阵字体 - 288-CAI978 → 中文字体/其他
  📂 分类字体包 - 淘宝授权使用45款华康字体 - 华康 - 华康翩翩体W5 → 中文字体/其他
  📂 字体库 - 分类字体包 - 特殊字体 - WEATHER → 中文字体/其他
  📂 字体库 - 分类字体包 - 特殊字体 - zeichenssw → 中文字体/其他
  📂 字体库 - 分类字体包 - 特殊字体 - V500003_ → 中文字体/其他
  📂 字体库 - 分类字体包 - 特殊字体 - yikatu → 中文字体/其他
  📂 分类字体包 - 淘宝授权使用45款华康字体 - 华康 - 华康墨字体 Std W9 → 中文字体/其他
  📂 分类字体包 - 淘宝授权使用45款华康字体 - 华康 - 华康隶书体W7 → 中文字体/其他
  📂 字体库 - 分类字体包 - 特殊字体 - V500001_ → 中文字体/其他
  📂 字体库 - 分类字体包 - 特殊字体 - V300017_ → 中文字体/其他
  📂 字体库 - 分类字体包 - 特殊字体 - V300021_ → 中文字体/其他
  📂 分类字体包 - 淘宝授权使用45款华康字体 - 华康 - 华康黑体W9 → 中文字体/正文字
  📂 分类字体包 - 淘宝授权使用45款华康字体 - 华康 - 华康楷体W5 → 中文字体/手写体
  📂 字体库 - 分类字体包 - 特殊字体 - V300019_ → 中文字体/其他
  ✓ 第 170 页: 成功 20, 跳过 0, 失败 0 (3422.3s)
  📄 第 171 页: 20 个需要处理
  📂 字体库 - 分类字体包 - 特殊字体 - V300015_ → 中文字体/其他
  📂 字体库 - 分类字体包 - 特殊字体 - V300013_ → 中文字体/其他
  📂 字体库 - 分类字体包 - 特殊字体 - V300011_ → 中文字体/其他
  📂 分类字体包 - 淘宝授权使用45款华康字体 - 华康 - 华康黑体W12 → 中文字体/正文字
  📂 字体库 - 分类字体包 - 松邦WHZ字体 - 王汉宗中行书繁 → 中文字体/其他
  📂 分类字体包 - 淘宝授权使用45款华康字体 - 华康 - 华康黑体W5 → 中文字体/正文字
  📂 字体库 - 分类字体包 - 特殊字体 - V300009_ → 中文字体/其他
  📂 字体库 - 分类字体包 - 松邦WHZ字体 - 王汉宗综艺体繁 → 中文字体/其他
  📂 字体库 - 分类字体包 - 特殊字体 - V300007_ → 中文字体/其他
  📂 字体库 - 分类字体包 - 特殊字体 - V300005_ → 中文字体/其他
  📂 字体库 - 分类字体包 - 特殊字体 - V200023_ → 中文字体/其他
  📂 字体库 - 分类字体包 - 特殊字体 - V300003_ → 中文字体/其他
  📂 字体库 - 分类字体包 - 特殊字体 - V300001_ → 中文字体/其他
  📂 字体库 - 分类字体包 - 松邦WHZ字体 - 王汉宗中明体注音 → 中文字体/其他
  📂 字体库 - 分类字体包 - 松邦WHZ字体 - 王汉宗中明体繁 → 中文字体/其他
  📂 字体库 - 分类字体包 - 特殊字体 - V200019_ → 中文字体/其他
  📂 字体库 - 分类字体包 - 特殊字体 - V200017_ → 中文字体/其他
  📂 字体库 - 分类字体包 - 松邦WHZ字体 - 王汉宗中明体破音三 → 中文字体/其他
  📂 字体库 - 分类字体包 - 特殊字体 - V200021_ → 中文字体/其他
  📂 字体库 - 分类字体包 - 特殊字体 - V200015_ → 中文字体/其他
  ✓ 第 171 页: 成功 20, 跳过 0, 失败 0 (3452.4s)
  📄 第 172 页: 20 个需要处理
  📂 字体库 - 分类字体包 - 特殊字体 - V200013_ → 中文字体/其他
  📂 字体库 - 分类字体包 - 松邦WHZ字体 - 王汉宗中楷体注音 → 中文字体/手写体
  📂 字体库 - 分类字体包 - 松邦WHZ字体 - 王汉宗中楷体破音三 → 中文字体/手写体
  📂 字体库 - 分类字体包 - 特殊字体 - V200007_ → 中文字体/其他
  📂 字体库 - 分类字体包 - 特殊字体 - V200011_ → 中文字体/其他
  📂 字体库 - 分类字体包 - 特殊字体 - V200009_ → 中文字体/其他
  📂 字体库 - 分类字体包 - 特殊字体 - V200005_ → 中文字体/其他
  📂 字体库 - 分类字体包 - 松邦WHZ字体 - 王汉宗中仿宋简 → 中文字体/衬线体
  📂 字体库 - 分类字体包 - 特殊字体 - V200001_ → 中文字体/其他
  📂 字体库 - 分类字体包 - 特殊字体 - V100028_ → 中文字体/其他
  📂 字体库 - 分类字体包 - 特殊字体 - V200003_ → 中文字体/其他
  📂 字体库 - 分类字体包 - 松邦WHZ字体 - 王汉宗细圆体繁 → 中文字体/圆体
  📂 字体库 - 分类字体包 - 特殊字体 - V100024_ → 中文字体/其他
  📂 字体库 - 分类字体包 - 松邦WHZ字体 - 王汉宗颜楷体繁 → 中文字体/手写体
  📂 字体库 - 分类字体包 - 松邦WHZ字体 - 王汉宗细明体繁 → 中文字体/其他
  📂 字体库 - 分类字体包 - 特殊字体 - V100026_ → 中文字体/其他
  📂 字体库 - 分类字体包 - 特殊字体 - V100018_ → 中文字体/其他
  📂 字体库 - 分类字体包 - 松邦WHZ字体 - 王汉宗特圆体繁 → 中文字体/圆体
  📂 字体库 - 分类字体包 - 特殊字体 - V100020_ → 中文字体/其他
  📂 字体库 - 分类字体包 - 特殊字体 - V100022_ → 中文字体/其他
  ✓ 第 172 页: 成功 20, 跳过 0, 失败 0 (3483.6s)
  📄 第 173 页: 20 个需要处理
  📂 字体库 - 分类字体包 - 松邦WHZ字体 - 王汉宗空叠圆繁 → 中文字体/其他
  📂 字体库 - 分类字体包 - 松邦WHZ字体 - 王汉宗特明体-标准 → 中文字体/其他
  📂 字体库 - 分类字体包 - 特殊字体 - V100014_ → 中文字体/其他
  📂 字体库 - 分类字体包 - 特殊字体 - V100012_ → 中文字体/其他
  📂 字体库 - 分类字体包 - 松邦WHZ字体 - 王汉宗酷正海报 → 中文字体/其他
  📂 字体库 - 分类字体包 - 特殊字体 - V100016_ → 中文字体/其他
  📂 字体库 - 分类字体包 - 特殊字体 - V100006_ → 中文字体/其他
  📂 字体库 - 分类字体包 - 特殊字体 - V100008_ → 中文字体/其他
  📂 字体库 - 分类字体包 - 松邦WHZ字体 - 王汉宗仿宋体-标准 → 中文字体/衬线体
  📂 字体库 - 分类字体包 - 特殊字体 - V100010_ → 中文字体/其他
  📂 字体库 - 分类字体包 - 特殊字体 - V100004_ → 中文字体/其他
  📂 字体库 - 分类字体包 - 松邦WHZ字体 - 王汉宗海报体-半天水 → 中文字体/其他
  📂 字体库 - 分类字体包 - 特殊字体 - UPCHR_ → 中文字体/其他
  📂 字体库 - 分类字体包 - 特殊字体 - V100002_ → 中文字体/其他
  📂 字体库 - 分类字体包 - 松邦WHZ字体 - 王汉宗粗明体繁 → 中文字体/其他
  📂 字体库 - 分类字体包 - 松邦WHZ字体 - 王汉宗粗黑体-实阴 → 中文字体/正文字
  📂 字体库 - 分类字体包 - 松邦WHZ字体 - 王汉宗超明体繁 → 中文字体/其他
  📂 字体库 - 分类字体包 - 特殊字体 - tsmiles → 中文字体/其他
  📂 字体库 - 分类字体包 - 特殊字体 - TRACKS → 中文字体/其他
  📂 字体库 - 分类字体包 - 特殊字体 - tomnr → 中文字体/其他
  ✓ 第 173 页: 成功 20, 跳过 0, 失败 0 (3511.9s)
  📄 第 174 页: 20 个需要处理
  📂 字体库 - 分类字体包 - 松邦WHZ字体 - 王汉宗波卡体-空阴 → 中文字体/其他
  📂 字体库 - 分类字体包 - 特殊字体 - tombatssmiles → 中文字体/其他
  📂 字体库 - 分类字体包 - 特殊字体 - tomhand → 中文字体/其他
  📂 字体库 - 分类字体包 - 松邦jinqiao字体库 - 金桥简中圆 → 中文字体/其他
  📂 字体库 - 分类字体包 - 特殊字体 - toast → 中文字体/其他
  📂 字体库 - 分类字体包 - 特殊字体 - tombats3 → 中文字体/其他
  📂 字体库 - 分类字体包 - 特殊字体 - tombats6 → 中文字体/其他
  📂 字体库 - 分类字体包 - 松邦jinqiao字体库 - 金桥简细圆 → 中文字体/其他
  📂 字体库 - 分类字体包 - 松邦jinqiao字体库 - 金桥简宋体 → 中文字体/衬线体
  📂 字体库 - 分类字体包 - 特殊字体 - suckgolf → 中文字体/其他
  📂 字体库 - 分类字体包 - 松邦jinqiao字体库 - 金桥简老宋 → 中文字体/其他
  📂 字体库 - 分类字体包 - 特殊字体 - tetanus → 中文字体/其他
  📂 字体库 - 分类字体包 - 特殊字体 - SPORTSFI → 中文字体/其他
  📂 字体库 - 分类字体包 - 特殊字体 - technet → 中文字体/其他
  📂 字体库 - 分类字体包 - 松邦jinqiao字体库 - 金桥简黑体 → 中文字体/正文字
  📂 字体库 - 分类字体包 - 松邦jinqiao字体库 - 金桥简粗黑 → 中文字体/其他
  📂 字体库 - 分类字体包 - 特殊字体 - STARS2 → 中文字体/其他
  📂 字体库 - 分类字体包 - 特殊字体 - SPACE → 中文字体/其他
  📂 字体库 - 分类字体包 - 特殊字体 - SCIENCE → 中文字体/其他
  📂 字体库 - 分类字体包 - 松邦jinqiao字体库 - 金桥繁综艺 → 中文字体/其他
  ✓ 第 174 页: 成功 20, 跳过 0, 失败 0 (3540.7s)
  📄 第 175 页: 20 个需要处理
  📂 字体库 - 分类字体包 - 特殊字体 - SIGNS → 中文字体/其他
  📂 字体库 - 分类字体包 - 松邦jinqiao字体库 - 金桥繁宋体 → 中文字体/衬线体
  📂 字体库 - 分类字体包 - 松邦jinqiao字体库 - 金桥繁细圆 → 中文字体/其他
  📂 字体库 - 分类字体包 - 特殊字体 - SHAPES2 → 中文字体/其他
  📂 字体库 - 分类字体包 - 特殊字体 - RYCKINDO → 中文字体/其他
  📂 字体库 - 分类字体包 - 特殊字体 - SEMA4 → 中文字体/其他
  📂 字体库 - 分类字体包 - 特殊字体 - ransom → 中文字体/其他
  📂 字体库 - 分类字体包 - 特殊字体 - resurgen → 中文字体/其他
  📂 字体库 - 分类字体包 - 松邦jinqiao字体库 - 金桥繁楷体 → 中文字体/手写体
  📂 字体库 - 分类字体包 - 松邦jinqiao字体库 - 金桥繁黑体 → 中文字体/正文字
  📂 字体库 - 分类字体包 - 松邦jin字体 - 金梅mcs → 中文字体/其他
  📂 字体库 - 分类字体包 - 特殊字体 - prefix → 中文字体/其他
  📂 字体库 - 分类字体包 - 松邦jinqiao字体库 - 金桥繁粗圆 → 中文字体/其他
  📂 字体库 - 分类字体包 - 特殊字体 - PLANTS → 中文字体/其他
  📂 字体库 - 分类字体包 - 特殊字体 - PROTERON → 中文字体/其他
  📂 字体库 - 分类字体包 - 特殊字体 - nonblock → 中文字体/其他
  📂 字体库 - 分类字体包 - 松邦jin字体 - 金梅重黑浮體白字 → 中文字体/其他
  📂 字体库 - 分类字体包 - 特殊字体 - PEOPLE → 中文字体/其他
  📂 字体库 - 分类字体包 - 松邦jin字体 - 金梅中豆豆字国际码 → 中文字体/其他
  📂 字体库 - 分类字体包 - 特殊字体 - OFFCPLAN → 中文字体/其他
  ✓ 第 175 页: 成功 20, 跳过 0, 失败 0 (3569.7s)
  📄 第 176 页: 20 个需要处理
  📂 字体库 - 分类字体包 - 特殊字体 - MORSECD → 中文字体/其他
  📂 字体库 - 分类字体包 - 松邦jin字体 - 金梅圓泡泡字範例 → 中文字体/其他
  📂 字体库 - 分类字体包 - 特殊字体 - natlog → 中文字体/其他
  📂 字体库 - 分类字体包 - 特殊字体 - MUSICAL → 中文字体/其他
  📂 字体库 - 分类字体包 - 松邦jin字体 - 金梅印篆字形空心 → 中文字体/其他
  📂 字体库 - 分类字体包 - 特殊字体 - metalang → 中文字体/其他
  📂 字体库 - 分类字体包 - 特殊字体 - MEDICINE → 中文字体/其他
  📂 字体库 - 分类字体包 - 特殊字体 - MILITID → 中文字体/其他
  📂 字体库 - 分类字体包 - 松邦jin字体 - 金梅印篆體 → 中文字体/其他
  📂 字体库 - 分类字体包 - 特殊字体 - MAYQUEEN → 中文字体/其他
  📂 字体库 - 分类字体包 - 特殊字体 - lexo → 中文字体/其他
  📂 字体库 - 分类字体包 - 松邦jin字体 - 金梅印篆九宫空心 → 中文字体/其他
  📂 字体库 - 分类字体包 - 特殊字体 - LAYOUT → 中文字体/其他
  📂 字体库 - 分类字体包 - 特殊字体 - kittyprint → 中文字体/其他
  📂 字体库 - 分类字体包 - 松邦jin字体 - 金梅新海報 → 中文字体/其他
  📂 字体库 - 分类字体包 - 特殊字体 - initial → 中文字体/其他
  📂 字体库 - 分类字体包 - 特殊字体 - hydrogen → 中文字体/其他
  📂 字体库 - 分类字体包 - 特殊字体 - LANDMARK → 中文字体/其他
  📂 字体库 - 分类字体包 - 松邦jin字体 - 金梅小甜心 → 中文字体/其他
  📂 字体库 - 分类字体包 - 松邦jin字体 - 金梅新毛行国际码 → 中文字体/其他
  ✓ 第 176 页: 成功 20, 跳过 0, 失败 0 (3598.5s)
  📄 第 177 页: 20 个需要处理
  📂 字体库 - 分类字体包 - 松邦jin字体 - 金梅新草楷国际码 → 中文字体/其他
  📂 字体库 - 分类字体包 - 特殊字体 - headache → 中文字体/其他
  📂 字体库 - 分类字体包 - 特殊字体 - HOLIAI__ → 中文字体/其他
  📂 字体库 - 分类字体包 - 特殊字体 - HOMEPLAN → 中文字体/其他
  📂 字体库 - 分类字体包 - 特殊字体 - GEOGRAPH → 中文字体/其他
  📂 字体库 - 分类字体包 - 松邦jin字体 - 金梅小屁屁美工字 → 中文字体/其他
  📂 字体库 - 分类字体包 - 松邦jin字体 - 金梅铁塔美工字体 → 中文字体/其他
  📂 字体库 - 分类字体包 - 特殊字体 - gmt → 中文字体/其他
  📂 字体库 - 分类字体包 - 特殊字体 - FURNITUR → 中文字体/其他
  📂 字体库 - 分类字体包 - 特殊字体 - FOOD → 中文字体/其他
  📂 字体库 - 分类字体包 - 特殊字体 - faraday → 中文字体/其他
  📂 字体库 - 分类字体包 - 特殊字体 - gauss → 中文字体/其他
  📂 字体库 - 分类字体包 - 松邦jin字体 - 金梅細黑鋼筆字体. → 中文字体/其他
  📂 字体库 - 分类字体包 - 特殊字体 - donner → 中文字体/其他
  📂 字体库 - 分类字体包 - 特殊字体 - epilog → 中文字体/其他
  📂 字体库 - 分类字体包 - 松邦jin字体 - 金梅特明体 → 中文字体/其他
  📂 字体库 - 分类字体包 - 特殊字体 - dyspro → 中文字体/其他
  📂 字体库 - 分类字体包 - 松邦jin字体 - 金梅特黑橫木板 → 中文字体/其他
  📂 字体库 - 分类字体包 - 松邦jin字体 - 金梅闪亮美工字体 → 中文字体/其他
  📂 字体库 - 分类字体包 - 特殊字体 - DoctorAz → 中文字体/其他
  ✓ 第 177 页: 成功 20, 跳过 0, 失败 0 (3626.7s)
  📄 第 178 页: 20 个需要处理
  📂 字体库 - 分类字体包 - 特殊字体 - davis → 中文字体/其他
  📂 字体库 - 分类字体包 - 特殊字体 - dis → 中文字体/其他
  📂 字体库 - 分类字体包 - 松邦jin字体 - 金梅墨筆美工国际码 → 中文字体/其他
  📂 字体库 - 分类字体包 - 松邦jin字体 - 金梅美工虛線字體 → 中文字体/其他
  📂 字体库 - 分类字体包 - 特殊字体 - constant → 中文字体/其他
  📂 字体库 - 分类字体包 - 特殊字体 - cosinek → 中文字体/其他
  📂 字体库 - 分类字体包 - 特殊字体 - COMBULL → 中文字体/其他
  📂 字体库 - 分类字体包 - 特殊字体 - CHICSA__ → 中文字体/其他
  📂 字体库 - 分类字体包 - 松邦jin字体 - 金梅美工香腸字形 → 中文字体/其他
  📂 字体库 - 分类字体包 - 特殊字体 - BUSINESS → 中文字体/其他
  📂 字体库 - 分类字体包 - 特殊字体 - codon → 中文字体/其他
  📂 字体库 - 分类字体包 - 特殊字体 - BUILDING → 中文字体/其他
  📂 字体库 - 分类字体包 - 松邦jin字体 - 金梅美工刀字范例 → 中文字体/其他
  📂 字体库 - 分类字体包 - 松邦jin字体 - 金梅美工鋼筆細字 → 中文字体/其他
  📂 字体库 - 分类字体包 - 特殊字体 - BULLETS2 → 中文字体/其他
  📂 字体库 - 分类字体包 - 特殊字体 - BOXES → 中文字体/其他
  📂 字体库 - 分类字体包 - 松邦jin字体 - 金梅毛張楷 → 中文字体/其他
  📂 字体库 - 分类字体包 - 特殊字体 - BARBATRI → 中文字体/其他
  📂 字体库 - 分类字体包 - 松邦jin字体 - 金梅毛顏楷 → 中文字体/其他
  📂 字体库 - 分类字体包 - 特殊字体 - BORDERS1 → 中文字体/其他
  ✓ 第 178 页: 成功 20, 跳过 0, 失败 0 (3654.4s)
  📄 第 179 页: 20 个需要处理
  📂 字体库 - 分类字体包 - 特殊字体 - AWARDS → 中文字体/其他
  📂 字体库 - 分类字体包 - 松邦jin字体 - 金梅毛隶书 → 中文字体/其他
  📂 字体库 - 分类字体包 - 松邦jin字体 - 金梅毛行破裂字形（虽好 但会有些字不正常显示， → 中文字体/其他
  📂 字体库 - 分类字体包 - 特殊字体 - antelope → 中文字体/其他
  📂 字体库 - 分类字体包 - 特殊字体 - ANIMALS1 → 中文字体/其他
  📂 字体库 - 分类字体包 - 特殊字体 - ARROWS1 → 中文字体/其他
  📂 字体库 - 分类字体包 - 特殊字体 - 植物 → 中文字体/其他
  📂 字体库 - 分类字体包 - 特殊字体 - 圆圈 → 中文字体/其他
  📂 字体库 - 分类字体包 - 特殊字体 - actionj → 中文字体/其他
  📂 字体库 - 分类字体包 - 特殊字体 - AMSLAN → 中文字体/其他
  📂 字体库 - 分类字体包 - 松邦jin字体 - 金梅毛隶破裂体繁 → 中文字体/其他
  📂 字体库 - 分类字体包 - 特殊字体 - 医药 → 中文字体/其他
  📂 字体库 - 分类字体包 - 特殊字体 - 星形3 → 中文字体/其他
  📂 字体库 - 分类字体包 - 松邦jin字体 - 金梅毛楷体 → 中文字体/手写体
  📂 字体库 - 分类字体包 - 松邦jin字体 - 金梅毛楷书国际码 → 中文字体/其他
  📂 字体库 - 分类字体包 - 松邦jin字体 - 金梅毛草行國際碼 → 中文字体/其他
  📂 字体库 - 分类字体包 - 特殊字体 - 小大人 → 中文字体/其他
  📂 字体库 - 分类字体包 - 松邦jin字体 - 金梅毛草書 → 中文字体/其他
  📂 字体库 - 分类字体包 - 特殊字体 - 星形1 → 中文字体/其他
  📂 字体库 - 分类字体包 - 特殊字体 - 涂鸦 → 中文字体/其他
  ✓ 第 179 页: 成功 20, 跳过 0, 失败 0 (3683.0s)
  📄 第 180 页: 20 个需要处理
  📂 字体库 - 分类字体包 - 松邦jin字体 - 金梅毛筆張楷書 → 中文字体/其他
  📂 字体库 - 分类字体包 - 特殊字体 - 跳舞 → 中文字体/其他
  📂 字体库 - 分类字体包 - 特殊字体 - 体育2 → 中文字体/其他
  📂 字体库 - 分类字体包 - 松邦jin字体 - 金梅毛筆行书 → 中文字体/其他
  📂 字体库 - 分类字体包 - 特殊字体 - 手语1 → 中文字体/其他
  📂 字体库 - 分类字体包 - 特殊字体 - 树叶 → 中文字体/其他
  📂 字体库 - 分类字体包 - 特殊字体 - 太空 → 中文字体/其他
  📂 字体库 - 分类字体包 - 松邦jin字体 - 金梅毛碑楷 → 中文字体/其他
  ✓ 第 180 页: 成功 8, 跳过 0, 失败 12 (3698.1s)

  ⏳ 进度: 已处理 2482 个, 文件夹 NaN 个, 移动 NaN 个 (3698.6s)

  ✗ 第 181 页失败: fetch failed
  ✗ 第 182 页失败: fetch failed
  ✗ 第 183 页失败: fetch failed
  ✗ 第 184 页失败: fetch failed
  ✗ 第 185 页失败: fetch failed
  ✗ 第 186 页失败: fetch failed
  ✗ 第 187 页失败: fetch failed
  ✗ 第 188 页失败: fetch failed
  ✗ 第 189 页失败: fetch failed
  ✗ 第 190 页失败: fetch failed
  ✗ 第 191 页失败: fetch failed
  ✗ 第 192 页失败: fetch failed
  📄 第 193 页: 20 个需要处理
  📂 字体库 - 分类字体包 - 松邦jin字体 - 金梅美工愛心字形 → 中文字体/其他
  📂 字体库 - 分类字体包 - 松邦英文字体 - Chainz G98 → 中文字体/其他
  ✓ 第 193 页: 成功 2, 跳过 0, 失败 18 (3734.5s)
  ✗ 第 194 页失败: fetch failed
  ✗ 第 195 页失败: fetch failed
  ✗ 第 196 页失败: fetch failed
  📄 第 197 页: 20 个需要处理
  📂 字体库 - 分类字体包 - 松邦jin字体 - 金梅粗圆体 → 中文字体/圆体
  📂 字体库 - 分类字体包 - 松邦jin字体 - 金梅創新字体範例 → 中文字体/其他
  📂 字体库 - 分类字体包 - 松邦英文字体 - Caligraf W → 中文字体/其他
  📂 字体库 - 分类字体包 - 松邦英文字体 - CALID → 中文字体/其他
  📂 字体库 - 分类字体包 - 松邦jin字体 - 金梅草行書 → 中文字体/其他
  📂 字体库 - 分类字体包 - 松邦jin字体 - 金梅匾行九宮空心 → 中文字体/其他
  📂 字体库 - 分类字体包 - 松邦英文字体 - calibriz → 中文字体/其他
  📂 字体库 - 分类字体包 - 松邦英文字体 - calibriz_0 → 中文字体/其他
  📂 字体库 - 分类字体包 - 松邦英文字体 - calibrib → 中文字体/其他
  📂 字体库 - 分类字体包 - 松邦英文字体 - calibril → 中文字体/其他
  📂 字体库 - 分类字体包 - 松邦dongwu字体打包 - wmanimals1 → 中文字体/其他
  📂 字体库 - 分类字体包 - 松邦dongwu字体打包 - teddydings1_dl → 中文字体/其他
  📂 字体库 - 分类字体包 - 松邦英文字体 - calibrii_1 → 中文字体/其他
  📂 字体库 - 分类字体包 - 松邦dongwu字体打包 - farmwildanimals_csp → 中文字体/其他
  📂 字体库 - 分类字体包 - 松邦英文字体 - calibri_0 → 中文字体/其他
  📂 字体库 - 分类字体包 - 松邦英文字体 - calibrib_0 → 中文字体/其他
  📂 字体库 - 分类字体包 - 松邦dongwu字体打包 - KR Be Mine Again → 韩文字体/其他
  📂 字体库 - 分类字体包 - 松邦英文字体 - Calibri-LightItalic → 中文字体/其他
  📂 字体库 - 分类字体包 - 松邦dongwu字体打包 - ChildrenAnimalsFriends → 中文字体/其他
  📂 字体库 - 分类字体包 - 松邦钟齐字体 - 钟齐吴嘉睿手写字 → 中文字体/手写体
  ✓ 第 197 页: 成功 20, 跳过 0, 失败 0 (3774.4s)
  📄 第 198 页: 20 个需要处理
  📂 字体库 - 分类字体包 - 松邦钟齐字体 - 钟齐志莽行书 → 中文字体/其他
  📂 字体库 - 分类字体包 - 松邦英文字体 - CaledoniaBQ-Italic → 中文字体/其他
  📂 字体库 - 分类字体包 - 松邦英文字体 - cajq_ → 中文字体/其他
  📂 字体库 - 分类字体包 - 松邦钟齐字体 - 钟齐山文丰手写体 → 中文字体/手写体
  📂 字体库 - 分类字体包 - 松邦英文字体 - Cafe Lounge 19 → 中文字体/其他
  📂 字体库 - 分类字体包 - 松邦英文字体 - CAFFEEN → 中文字体/其他
  📂 字体库 - 分类字体包 - 松邦英文字体 - CADEAULX → 中文字体/其他
  📂 字体库 - 分类字体包 - 松邦钟齐字体 - 钟齐流江硬笔草体 → 中文字体/其他
  📂 字体库 - 分类字体包 - 松邦英文字体 - C305-简瘦金书 → 中文字体/其他
  📂 字体库 - 分类字体包 - 松邦英文字体 - CactusSandwichPlain → 中文字体/其他
  📂 字体库 - 分类字体包 - 松邦英文字体 - CactusSandwich → 中文字体/其他
  📂 字体库 - 分类字体包 - 松邦钟齐字体 - 钟齐翰墨毛笔 → 中文字体/其他
  📂 字体库 - 分类字体包 - 松邦钟齐字体 - 钟齐立强行书简 → 中文字体/其他
  📂 字体库 - 分类字体包 - 松邦钟齐字体 - 钟齐陈伟勋硬笔行书字库 → 中文字体/其他
  📂 字体库 - 分类字体包 - 松邦英文字体 - C301-标准草书符号 → 中文字体/其他
  📂 字体库 - 分类字体包 - 松邦英文字体 - C288-蔡云汉隶书书法字体 → 中文字体/其他
  📂 字体库 - 分类字体包 - 松邦钟齐字体 - 钟齐陈伟勋硬笔行楷繁 → 中文字体/其他
  📂 字体库 - 分类字体包 - 松邦英文字体 - C2C_faded! → 中文字体/其他
  📂 字体库 - 分类字体包 - 松邦英文字体 - Butch → 中文字体/其他
  📂 字体库 - 分类字体包 - 松邦英文字体 - Bushcraft one → 中文字体/其他
  ✓ 第 198 页: 成功 20, 跳过 0, 失败 0 (3803.4s)
  📄 第 199 页: 20 个需要处理
  📂 字体库 - 分类字体包 - 松邦英文字体 - Burton Slab Rough → 中文字体/其他
  📂 字体库 - 分类字体包 - 松邦英文字体 - CuxhavenTimes → 中文字体/其他
  📂 字体库 - 分类字体包 - 松邦英文字体 - Crowntit → 中文字体/其他
  📂 字体库 - 分类字体包 - 松邦钟齐字体 - 钟齐安景臣硬笔行书 → 中文字体/其他
  📂 字体库 - 分类字体包 - 松邦英文字体 - BudHand → 中文字体/其他
  📂 字体库 - 分类字体包 - 松邦英文字体 - burguesscript → 中文字体/其他
  📂 字体库 - 分类字体包 - 松邦英文字体 - CourierPS → 中文字体/其他
  📂 字体库 - 分类字体包 - 松邦英文字体 - couri → 中文字体/其他
  📂 字体库 - 分类字体包 - 松邦英文字体 - Buffet Script → 中文字体/其他
  📂 字体库 - 分类字体包 - 松邦英文字体 - Covington Exp → 中文字体/其他
  📂 字体库 - 分类字体包 - 松邦英文字体 - Coriannis → 中文字体/其他
  📂 字体库 - 分类字体包 - 松邦英文字体 - courbd → 中文字体/其他
  📂 字体库 - 分类字体包 - 松邦英文字体 - BSSYM7 → 中文字体/其他
  📂 字体库 - 分类字体包 - 松邦英文字体 - cordiaub → 中文字体/其他
  📂 字体库 - 分类字体包 - 松邦英文字体 - cordiauz → 中文字体/其他
  📂 字体库 - 分类字体包 - 松邦英文字体 - cordiai → 中文字体/其他
  📂 字体库 - 分类字体包 - 松邦英文字体 - BSSYM7_1 → 中文字体/其他
  📂 字体库 - 分类字体包 - 松邦英文字体 - BSONGSJ → 中文字体/其他
  📂 字体库 - 分类字体包 - 松邦英文字体 - corbeli → 中文字体/其他
  📂 字体库 - 分类字体包 - 松邦英文字体 - BrushScriptStd → 中文字体/其他
  ✓ 第 199 页: 成功 20, 跳过 0, 失败 0 (3832.1s)
  📄 第 200 页: 20 个需要处理
  📂 字体库 - 分类字体包 - 松邦英文字体 - BRUSHED → 中文字体/其他
  📂 字体库 - 分类字体包 - 松邦英文字体 - corbelb_0 → 中文字体/其他
  📂 字体库 - 分类字体包 - 松邦英文字体 - browaz_1 → 中文字体/其他
  📂 字体库 - 分类字体包 - 松邦英文字体 - cordia → 中文字体/其他
  📂 字体库 - 分类字体包 - 松邦英文字体 - Copyviol → 中文字体/其他
  📂 字体库 - 分类字体包 - 松邦英文字体 - COPASETI → 中文字体/其他
  📂 字体库 - 分类字体包 - 松邦英文字体 - browaui_1 → 中文字体/其他
  📂 字体库 - 分类字体包 - 松邦英文字体 - browaub → 中文字体/其他
  📂 字体库 - 分类字体包 - 松邦英文字体 - browauz → 中文字体/其他
  📂 字体库 - 分类字体包 - 松邦英文字体 - corbel_0 → 中文字体/其他
  📂 字体库 - 分类字体包 - 松邦英文字体 - browauz_0 → 中文字体/其他
  📂 字体库 - 分类字体包 - 松邦英文字体 - COOTB → 中文字体/其他
  📂 字体库 - 分类字体包 - 松邦英文字体 - browai_1 → 中文字体/其他
  📂 字体库 - 分类字体包 - 松邦英文字体 - browaub_0 → 中文字体/其他
  📂 字体库 - 分类字体包 - 松邦英文字体 - constanz → 中文字体/其他
  📂 字体库 - 分类字体包 - 松邦英文字体 - CooperBlackStd_0 → 中文字体/其他
  📂 字体库 - 分类字体包 - 松邦英文字体 - CooperBlackStd-Italic → 中文字体/其他
  📂 字体库 - 分类字体包 - 松邦英文字体 - browau_0 → 中文字体/其他
  📂 字体库 - 分类字体包 - 松邦英文字体 - browab → 中文字体/其他
  📂 字体库 - 分类字体包 - 松邦英文字体 - browa_0 → 中文字体/其他
  ✓ 第 200 页: 成功 20, 跳过 0, 失败 0 (3861.4s)

  ⏳ 进度: 已处理 2564 个, 文件夹 NaN 个, 移动 NaN 个 (3861.9s)

  📄 第 201 页: 20 个需要处理
  📂 字体库 - 分类字体包 - 松邦英文字体 - constani_1 → 中文字体/其他
  📂 字体库 - 分类字体包 - 松邦英文字体 - browab_0 → 中文字体/其他
  📂 字体库 - 分类字体包 - 松邦英文字体 - constanz_0 → 中文字体/其他
  📂 字体库 - 分类字体包 - 松邦英文字体 - Breathe-Regular → 中文字体/其他
  📂 字体库 - 分类字体包 - 松邦英文字体 - constanb → 中文字体/其他
  📂 字体库 - 分类字体包 - 松邦英文字体 - Breathe-Press → 中文字体/其他
  📂 字体库 - 分类字体包 - 松邦英文字体 - BRAWLS Typeface → 中文字体/其他
  📂 字体库 - 分类字体包 - 松邦英文字体 - constanb_0 → 中文字体/其他
  📂 字体库 - 分类字体包 - 松邦英文字体 - consolaz_1 → 中文字体/其他
  📂 字体库 - 分类字体包 - 松邦英文字体 - Brannboll Smal → 中文字体/其他
  📂 字体库 - 分类字体包 - 松邦英文字体 - constan_0 → 中文字体/其他
  📂 字体库 - 分类字体包 - 松邦英文字体 - consolai → 中文字体/其他
  📂 字体库 - 分类字体包 - 松邦英文字体 - Bough-Regular → 中文字体/其他
  📂 字体库 - 分类字体包 - 松邦英文字体 - BOOMBOX → 中文字体/其他
  📂 字体库 - 分类字体包 - 松邦英文字体 - consolai_0 → 中文字体/其他
  📂 字体库 - 分类字体包 - 松邦英文字体 - Bosque Encantado → 中文字体/其他
  📂 字体库 - 分类字体包 - 松邦英文字体 - BOOKOSB_0 → 韩文字体/其他
  📂 字体库 - 分类字体包 - 松邦英文字体 - CONMANFAT → 中文字体/其他
  📂 字体库 - 分类字体包 - 松邦英文字体 - BOOKOSI_0 → 韩文字体/其他
  📂 字体库 - 分类字体包 - 松邦英文字体 - consola → 中文字体/其他
  ✓ 第 201 页: 成功 20, 跳过 0, 失败 0 (3890.9s)
  📄 第 202 页: 20 个需要处理
  📂 字体库 - 分类字体包 - 松邦英文字体 - consolab_1 → 中文字体/其他
  📂 字体库 - 分类字体包 - 松邦英文字体 - BOOKOSBI_0 → 韩文字体/其他
  📂 字体库 - 分类字体包 - 松邦英文字体 - COMRBDEX → 中文字体/其他
  📂 字体库 - 分类字体包 - 松邦英文字体 - Bombardier → 中文字体/其他
  📂 字体库 - 分类字体包 - 松邦英文字体 - BOOKOS_0 → 韩文字体/其他
  📂 字体库 - 分类字体包 - 松邦英文字体 - BoltonTitlingElongated → 中文字体/其他
  📂 字体库 - 分类字体包 - 松邦英文字体 - Confetti-Regular → 中文字体/其他
  📂 字体库 - 分类字体包 - 松邦英文字体 - CONGALIN → 中文字体/其他
  📂 字体库 - 分类字体包 - 松邦英文字体 - BNFontBoy → 中文字体/其他
  📂 字体库 - 分类字体包 - 松邦英文字体 - BoltonItalicOutline → 中文字体/其他
  📂 字体库 - 分类字体包 - 松邦英文字体 - Blueberry-Regular → 中文字体/其他
  📂 字体库 - 分类字体包 - 松邦英文字体 - COMOL → 中文字体/其他
  📂 字体库 - 分类字体包 - 松邦英文字体 - bohemica → 中文字体/其他
  📂 字体库 - 分类字体包 - 松邦英文字体 - COMRBD → 中文字体/其他
  📂 字体库 - 分类字体包 - 松邦英文字体 - BLUEMUB → 中文字体/其他
  📂 字体库 - 分类字体包 - 松邦英文字体 - COMOB → 中文字体/其他
  📂 字体库 - 分类字体包 - 松邦英文字体 - Complete in Him → 中文字体/其他
  📂 字体库 - 分类字体包 - 松邦英文字体 - BLOODSUC → 中文字体/其他
  📂 字体库 - 分类字体包 - 松邦英文字体 - comicbd → 中文字体/其他
  📂 字体库 - 分类字体包 - 松邦英文字体 - comicbd_1 → 中文字体/其他
  ✓ 第 202 页: 成功 20, 跳过 0, 失败 0 (3920.2s)
  📄 第 203 页: 20 个需要处理
  📂 字体库 - 分类字体包 - 松邦英文字体 - BLOCLT → 中文字体/其他
  📂 字体库 - 分类字体包 - 松邦英文字体 - blockline → 中文字体/其他
  📂 字体库 - 分类字体包 - 松邦英文字体 - Blizzard-Light → 中文字体/其他
  📂 字体库 - 分类字体包 - 松邦英文字体 - comic → 中文字体/其他
  📂 字体库 - 分类字体包 - 松邦英文字体 - comic_0 → 中文字体/其他
  📂 字体库 - 分类字体包 - 松邦英文字体 - Blizzard-Press → 中文字体/其他
  📂 字体库 - 分类字体包 - 松邦英文字体 - Blizzard-Smooth → 中文字体/其他
  📂 字体库 - 分类字体包 - 松邦英文字体 - Blizzard-Regular → 中文字体/其他
  📂 字体库 - 分类字体包 - 松邦英文字体 - Comfortaa → 中文字体/其他
  📂 字体库 - 分类字体包 - 松邦英文字体 - Bleeding_Cowboys → 中文字体/其他
  📂 字体库 - 分类字体包 - 松邦英文字体 - Coltaine1 → 中文字体/其他
  📂 字体库 - 分类字体包 - 松邦英文字体 - Comfortaa-Light → 中文字体/其他
  📂 字体库 - 分类字体包 - 松邦英文字体 - Blizzard-Inline → 中文字体/其他
  📂 字体库 - 分类字体包 - 松邦英文字体 - com(sRB) → 中文字体/其他
  📂 字体库 - 分类字体包 - 松邦英文字体 - CODE Bold → 中文字体/其他
  📂 字体库 - 分类字体包 - 松邦英文字体 - BlackoakStd_0 → 韩文字体/其他
  📂 字体库 - 分类字体包 - 松邦英文字体 - Blacklettersh → 中文字体/其他
  📂 字体库 - 分类字体包 - 松邦英文字体 - COASTERP → 中文字体/其他
  📂 字体库 - 分类字体包 - 松邦英文字体 - coldnightforalligators → 中文字体/其他
  📂 字体库 - 分类字体包 - 松邦英文字体 - colourba → 中文字体/其他
  ✓ 第 203 页: 成功 20, 跳过 0, 失败 0 (3947.5s)
  📄 第 204 页: 20 个需要处理
  📂 字体库 - 分类字体包 - 松邦英文字体 - Blackjack → 日文字体/其他
  📂 字体库 - 分类字体包 - 松邦英文字体 - BITSUMIS → 中文字体/其他
  📂 字体库 - 分类字体包 - 松邦英文字体 - Cleaver's_Juvenia_Shadowed → 中文字体/其他
  📂 字体库 - 分类字体包 - 松邦英文字体 - BirchStd → 中文字体/其他
  📂 字体库 - 分类字体包 - 松邦英文字体 - CLIPS → 中文字体/其他
  📂 字体库 - 分类字体包 - 松邦英文字体 - ClubMF → 中文字体/其他
  📂 字体库 - 分类字体包 - 松邦英文字体 - BKANT → 中文字体/其他
  📂 字体库 - 分类字体包 - 松邦英文字体 - CLIPB → 中文字体/其他
  📂 字体库 - 分类字体包 - 松邦英文字体 - BIN-BOLD → 中文字体/其他
  📂 字体库 - 分类字体包 - 松邦英文字体 - Cleaver's_Juvenia_Blocked → 中文字体/其他
  📂 字体库 - 分类字体包 - 松邦英文字体 - BilboSwashCaps-Regular → 中文字体/其他
  📂 字体库 - 分类字体包 - 松邦英文字体 - CLEAF-Regular → 中文字体/其他
  📂 字体库 - 分类字体包 - 松邦英文字体 - Cleaver's_Juvenia_Heavy → 中文字体/其他
  📂 字体库 - 分类字体包 - 松邦英文字体 - CLARITTB → 中文字体/其他
  📂 字体库 - 分类字体包 - 松邦英文字体 - CLARITTY → 中文字体/其他
  📂 字体库 - 分类字体包 - 松邦英文字体 - BigMisterC → 中文字体/其他
  📂 字体库 - 分类字体包 - 松邦英文字体 - CLARITTO → 中文字体/其他
  📂 字体库 - 分类字体包 - 松邦英文字体 - BGTR00MU → 中文字体/其他
  📂 字体库 - 分类字体包 - 松邦英文字体 - BetterHeather → 中文字体/其他
  📂 字体库 - 分类字体包 - 松邦英文字体 - Berylium → 中文字体/其他
  ✓ 第 204 页: 成功 20, 跳过 0, 失败 0 (3975.1s)
  📄 第 205 页: 20 个需要处理
  📂 字体库 - 分类字体包 - 松邦英文字体 - ciagoth → 中文字体/其他
  📂 字体库 - 分类字体包 - 松邦英文字体 - Civilian → 中文字体/其他
  📂 字体库 - 分类字体包 - 松邦英文字体 - BERTHAM → 中文字体/其他
  📂 字体库 - 分类字体包 - 松邦英文字体 - Circles-n → 中文字体/其他
  📂 字体库 - 分类字体包 - 松邦英文字体 - Cityof → 中文字体/其他
  📂 字体库 - 分类字体包 - 松邦英文字体 - Beryliub → 中文字体/其他
  📂 字体库 - 分类字体包 - 松邦英文字体 - Belwe Gotisch → 中文字体/其他
  📂 字体库 - 分类字体包 - 松邦英文字体 - Benny Blanco → 中文字体/其他
  📂 字体库 - 分类字体包 - 松邦英文字体 - Berlin Allee → 中文字体/其他
  📂 字体库 - 分类字体包 - 松邦英文字体 - berlin → 中文字体/其他
  📂 字体库 - 分类字体包 - 松邦英文字体 - CHOPS → 中文字体/其他
  📂 字体库 - 分类字体包 - 松邦英文字体 - Christopher's Scribble → 中文字体/其他
  📂 字体库 - 分类字体包 - 松邦英文字体 - ChristmasLightsIndoor → 中文字体/其他
  📂 字体库 - 分类字体包 - 松邦英文字体 - Chocolate Dealer → 中文字体/其他
  📂 字体库 - 分类字体包 - 松邦英文字体 - CHOCAN → 中文字体/其他
  📂 字体库 - 分类字体包 - 松邦英文字体 - Bebas → 中文字体/其他
  📂 字体库 - 分类字体包 - 松邦英文字体 - CHODAC → 中文字体/其他
  📂 字体库 - 分类字体包 - 松邦英文字体 - CHLOREAL → 中文字体/其他
  📂 字体库 - 分类字体包 - 松邦英文字体 - Bear & loupe regular → 中文字体/其他
  📂 字体库 - 分类字体包 - 松邦英文字体 - Bearpaw → 中文字体/其他
  ✓ 第 205 页: 成功 20, 跳过 0, 失败 0 (4004.8s)
  📄 第 206 页: 20 个需要处理
  📂 字体库 - 分类字体包 - 松邦英文字体 - BauhausBold → 中文字体/其他
  📂 字体库 - 分类字体包 - 松邦英文字体 - Bayday → 中文字体/其他
  📂 字体库 - 分类字体包 - 松邦英文字体 - Chipperb → 中文字体/其他
  📂 字体库 - 分类字体包 - 松邦英文字体 - CHINT → 中文字体/其他
  📂 字体库 - 分类字体包 - 松邦英文字体 - CHILM → 中文字体/其他
  📂 字体库 - 分类字体包 - 松邦英文字体 - bb4559 → 中文字体/其他
  📂 字体库 - 分类字体包 - 松邦英文字体 - BeanTown → 中文字体/其他
  📂 字体库 - 分类字体包 - 松邦英文字体 - China → 中文字体/其他
  📂 字体库 - 分类字体包 - 松邦英文字体 - Cherubim → 中文字体/其他
  📂 字体库 - 分类字体包 - 松邦英文字体 - CHEWS → 中文字体/其他
  📂 字体库 - 分类字体包 - 松邦英文字体 - CHICKENW → 中文字体/其他
  📂 字体库 - 分类字体包 - 松邦英文字体 - Base 02 → 中文字体/其他
  📂 字体库 - 分类字体包 - 松邦英文字体 - Base05 → 中文字体/其他
  📂 字体库 - 分类字体包 - 松邦英文字体 - BauerBodni BT → 中文字体/其他
  📂 字体库 - 分类字体包 - 松邦英文字体 - BastardusSans → 中文字体/无衬线体
  📂 字体库 - 分类字体包 - 松邦英文字体 - Chibrush → 中文字体/其他
  📂 字体库 - 分类字体包 - 松邦英文字体 - Bandoengsche-DEMO → 中文字体/其他
  📂 字体库 - 分类字体包 - 松邦英文字体 - balonez fantasia br → 中文字体/其他
  📂 字体库 - 分类字体包 - 松邦英文字体 - balker → 中文字体/其他
  📂 字体库 - 分类字体包 - 松邦英文字体 - Chekiang Sung → 中文字体/其他
  ✓ 第 206 页: 成功 20, 跳过 0, 失败 0 (4032.4s)
  📄 第 207 页: 20 个需要处理
  📂 字体库 - 分类字体包 - 松邦英文字体 - CHEMISTR → 中文字体/其他
  📂 字体库 - 分类字体包 - 松邦英文字体 - CHEETAH → 中文字体/其他
  📂 字体库 - 分类字体包 - 松邦英文字体 - CHE-DUST → 中文字体/其他
  📂 字体库 - 分类字体包 - 松邦英文字体 - CharlemagneStd-Bold_0 → 中文字体/其他
  📂 字体库 - 分类字体包 - 松邦英文字体 - CHARLESI → 中文字体/其他
  📂 字体库 - 分类字体包 - 松邦英文字体 - Bacana Regular → 中文字体/其他
  📂 字体库 - 分类字体包 - 松邦英文字体 - Baddit → 中文字体/其他
  📂 字体库 - 分类字体包 - 松邦英文字体 - BabelSans → 中文字体/无衬线体
  📂 字体库 - 分类字体包 - 松邦英文字体 - Badiane → 中文字体/其他
  📂 字体库 - 分类字体包 - 松邦英文字体 - CHECKBK0 → 中文字体/其他
  📂 字体库 - 分类字体包 - 松邦英文字体 - chapultepec → 中文字体/其他
  📂 字体库 - 分类字体包 - 松邦英文字体 - AVGARDDO → 中文字体/其他
  📂 字体库 - 分类字体包 - 松邦英文字体 - AVGARDNI → 中文字体/其他
  📂 字体库 - 分类字体包 - 松邦英文字体 - CHAPCT → 中文字体/其他
  📂 字体库 - 分类字体包 - 松邦英文字体 - Awesawez → 中文字体/其他
  📂 字体库 - 分类字体包 - 松邦英文字体 - ChaparralPro-Regular_0 → 中文字体/其他
  📂 字体库 - 分类字体包 - 松邦英文字体 - ChaparralPro-Bold → 中文字体/其他
  📂 字体库 - 分类字体包 - 松邦英文字体 - AVGARDMI → 中文字体/其他
  📂 字体库 - 分类字体包 - 松邦英文字体 - ChaparralPro-BoldIt → 中文字体/其他
  📂 字体库 - 分类字体包 - 松邦英文字体 - CHANTICL → 中文字体/其他
  ✓ 第 207 页: 成功 20, 跳过 0, 失败 0 (4060.1s)
  📄 第 208 页: 20 个需要处理
  📂 字体库 - 分类字体包 - 松邦英文字体 - ChaparralPro-Italic → 中文字体/其他
  📂 字体库 - 分类字体包 - 松邦英文字体 - AvantGardeGothicC-Demi → 中文字体/其他
  📂 字体库 - 分类字体包 - 松邦英文字体 - Austtin → 中文字体/其他
  📂 字体库 - 分类字体包 - 松邦英文字体 - AvantGarde-Book Bold → 中文字体/其他
  📂 字体库 - 分类字体包 - 松邦英文字体 - Asmara → 中文字体/其他
  📂 字体库 - 分类字体包 - 松邦英文字体 - Augusta-Shadow → 中文字体/其他
  📂 字体库 - 分类字体包 - 松邦英文字体 - atlas → 中文字体/其他
  📂 字体库 - 分类字体包 - 松邦英文字体 - Assassin$ → 中文字体/其他
  📂 字体库 - 分类字体包 - 松邦英文字体 - Champagne → 中文字体/其他
  📂 字体库 - 分类字体包 - 松邦英文字体 - CHANCERB → 中文字体/其他
  📂 字体库 - 分类字体包 - 松邦英文字体 - champlin → 中文字体/其他
  📂 字体库 - 分类字体包 - 松邦英文字体 - Chanmd → 中文字体/其他
  📂 字体库 - 分类字体包 - 松邦英文字体 - Champagne_Limousines-Thick → 中文字体/其他
  📂 字体库 - 分类字体包 - 松邦英文字体 - Champagne_Limousines-ThickBoldItalic → 中文字体/其他
  📂 字体库 - 分类字体包 - 松邦英文字体 - ArtfulBeauty → 中文字体/其他
  📂 字体库 - 分类字体包 - 松邦英文字体 - Arnopro smtext → 中文字体/其他
  📂 字体库 - 分类字体包 - 松邦英文字体 - Champagne_ LimousinesBoldItalic → 中文字体/其他
  📂 字体库 - 分类字体包 - 松邦英文字体 - ArtlookinOneType → 中文字体/其他
  📂 字体库 - 分类字体包 - 松邦英文字体 - Champagne_Limousines → 中文字体/其他
  📂 字体库 - 分类字体包 - 松邦英文字体 - CgEmpire → 中文字体/其他
  ✓ 第 208 页: 成功 20, 跳过 0, 失败 0 (4088.5s)
  📄 第 209 页: 20 个需要处理
  📂 字体库 - 分类字体包 - 松邦英文字体 - ChainLetter → 中文字体/其他
  📂 字体库 - 分类字体包 - 松邦英文字体 - ArkanaScriptRough → 中文字体/其他
  📂 字体库 - 分类字体包 - 松邦英文字体 - ArkanaScript → 中文字体/其他
  📂 字体库 - 分类字体包 - 松邦英文字体 - Arizonia-Regular-OTF → 中文字体/其他
  📂 字体库 - 分类字体包 - 松邦英文字体 - cetus → 中文字体/其他
  📂 字体库 - 分类字体包 - 松邦英文字体 - CHAINSAW → 中文字体/其他
  📂 字体库 - 分类字体包 - 松邦英文字体 - ariblk → 中文字体/其他
  📂 字体库 - 分类字体包 - 松邦英文字体 - CELTG → 中文字体/其他
  📂 字体库 - 分类字体包 - 松邦英文字体 - ARIALNBI → 中文字体/其他
  📂 字体库 - 分类字体包 - 松邦英文字体 - century_schoolbook → 中文字体/其他
  📂 字体库 - 分类字体包 - 松邦英文字体 - ARIALNI → 中文字体/其他
  📂 字体库 - 分类字体包 - 松邦英文字体 - cerepf → 中文字体/其他
  📂 字体库 - 分类字体包 - 松邦英文字体 - ariblk_1 → 中文字体/其他
  📂 字体库 - 分类字体包 - 松邦英文字体 - CaveGyrl → 中文字体/其他
  📂 字体库 - 分类字体包 - 松邦英文字体 - Caviar de Diane → 中文字体/其他
  📂 字体库 - 分类字体包 - 松邦英文字体 - ARIALN → 中文字体/其他
  📂 字体库 - 分类字体包 - 松邦英文字体 - Casua_ss → 中文字体/其他
  📂 字体库 - 分类字体包 - 松邦英文字体 - ariali → 中文字体/其他
  📂 字体库 - 分类字体包 - 松邦英文字体 - ariali_1 → 中文字体/其他
  📂 字体库 - 分类字体包 - 松邦英文字体 - ARIALNB → 中文字体/其他
  ✓ 第 209 页: 成功 20, 跳过 0, 失败 0 (4117.7s)
  📄 第 210 页: 20 个需要处理
  📂 字体库 - 分类字体包 - 松邦英文字体 - casual → 中文字体/其他
  📂 字体库 - 分类字体包 - 松邦英文字体 - arialbi_1 → 中文字体/其他
  📂 字体库 - 分类字体包 - 松邦英文字体 - arialbd → 中文字体/其他
  📂 字体库 - 分类字体包 - 松邦英文字体 - Casua_0 → 中文字体/其他
  📂 字体库 - 分类字体包 - 松邦英文字体 - CAS_INIT → 中文字体/其他
  📂 字体库 - 分类字体包 - 松邦英文字体 - Cast Iron → 中文字体/其他
  📂 字体库 - 分类字体包 - 松邦英文字体 - arial → 中文字体/其他
  📂 字体库 - 分类字体包 - 松邦英文字体 - arialbi → 中文字体/其他
  📂 字体库 - 分类字体包 - 松邦英文字体 - Carrickc → 中文字体/其他
  📂 字体库 - 分类字体包 - 松邦英文字体 - CARGTS → 中文字体/其他
  📂 字体库 - 分类字体包 - 松邦英文字体 - arialbd_1 → 中文字体/其他
  📂 字体库 - 分类字体包 - 松邦英文字体 - Carpenter Script → 中文字体/其他
  📂 字体库 - 分类字体包 - 松邦英文字体 - Carosello-Regular → 中文字体/其他
  📂 字体库 - 分类字体包 - 松邦英文字体 - arial_1 → 中文字体/其他
  📂 字体库 - 分类字体包 - 松邦英文字体 - arabtype → 中文字体/其他
  📂 字体库 - 分类字体包 - 松邦英文字体 - Arenq → 中文字体/其他
  📂 字体库 - 分类字体包 - 松邦英文字体 - CARBONBL → 中文字体/其他
  📂 字体库 - 分类字体包 - 松邦英文字体 - Cardinal-Alternate → 中文字体/其他
  📂 字体库 - 分类字体包 - 松邦英文字体 - Captain Spandex → 中文字体/其他
  📂 字体库 - 分类字体包 - 松邦英文字体 - aramisi → 中文字体/其他
  ✓ 第 210 页: 成功 20, 跳过 0, 失败 0 (4145.1s)
  📄 第 211 页: 20 个需要处理
  📂 字体库 - 分类字体包 - 松邦英文字体 - CAPACITR → 中文字体/其他
  📂 字体库 - 分类字体包 - 松邦英文字体 - Canyons-Medium-Alternates → 中文字体/其他
  📂 字体库 - 分类字体包 - 松邦英文字体 - AR → 中文字体/其他
  📂 字体库 - 分类字体包 - 松邦英文字体 - Capsuula → 中文字体/其他
  📂 字体库 - 分类字体包 - 松邦英文字体 - AR StdMingti Extra B5 → 中文字体/其他
  📂 字体库 - 分类字体包 - 松邦英文字体 - arabtype_0 → 中文字体/其他
  📂 字体库 - 分类字体包 - 松邦英文字体 - Canyons-Regular-Alternates → 中文字体/其他
  📂 字体库 - 分类字体包 - 松邦英文字体 - Canyons-Bold-Alternates-Press → 中文字体/其他
  📂 字体库 - 分类字体包 - 松邦英文字体 - aparaji → 中文字体/其他
  📂 字体库 - 分类字体包 - 松邦英文字体 - Canyons-Bold-Press → 中文字体/其他
  📂 字体库 - 分类字体包 - 松邦英文字体 - aquafont → 中文字体/其他
  📂 字体库 - 分类字体包 - 松邦英文字体 - aparaji_0 → 中文字体/其他
  📂 字体库 - 分类字体包 - 松邦英文字体 - Candcu → 中文字体/其他
  📂 字体库 - 分类字体包 - 松邦英文字体 - CanGoods → 中文字体/其他
  📂 字体库 - 分类字体包 - 松邦英文字体 - CanelaBarkBoldPersonal → 中文字体/其他
  📂 字体库 - 分类字体包 - 松邦英文字体 - Candy Randy → 中文字体/其他
  📂 字体库 - 分类字体包 - 松邦英文字体 - aparajbi_1 → 中文字体/其他
  📂 字体库 - 分类字体包 - 松邦英文字体 - aparajb → 中文字体/其他
  📂 字体库 - 分类字体包 - 松邦英文字体 - aparaj_1 → 中文字体/其他
  📂 字体库 - 分类字体包 - 松邦英文字体 - aparajb_0 → 中文字体/其他
  ✓ 第 211 页: 成功 20, 跳过 0, 失败 0 (4173.8s)
  📄 第 212 页: 20 个需要处理
  📂 字体库 - 分类字体包 - 松邦英文字体 - Candaraz_1 → 中文字体/其他
  📂 字体库 - 分类字体包 - 松邦英文字体 - AntsyPants → 中文字体/其他
  📂 字体库 - 分类字体包 - 松邦英文字体 - CANDB → 中文字体/其他
  📂 字体库 - 分类字体包 - 松邦英文字体 - Candarai_0 → 中文字体/其他
  📂 字体库 - 分类字体包 - 松邦英文字体 - Candarai → 中文字体/其他
  📂 字体库 - 分类字体包 - 松邦英文字体 - ANTQUAI_0 → 中文字体/其他
  📂 字体库 - 分类字体包 - 松邦英文字体 - Antipasto-ExtraBoldTrial → 中文字体/其他
  📂 字体库 - 分类字体包 - 松邦英文字体 - Antipasto-RegularTrial → 中文字体/其他
  📂 字体库 - 分类字体包 - 松邦英文字体 - ANTQUAB → 中文字体/其他
  📂 字体库 - 分类字体包 - 松邦英文字体 - CAMPGN → 中文字体/其他
  📂 字体库 - 分类字体包 - 松邦英文字体 - Candarab_1 → 中文字体/其他
  📂 字体库 - 分类字体包 - 松邦英文字体 - Candara → 中文字体/其他
  📂 字体库 - 分类字体包 - 松邦英文字体 - ANTQUABI_0 → 中文字体/其他
  📂 字体库 - 分类字体包 - 松邦英文字体 - CameronStendahlSH → 中文字体/其他
  📂 字体库 - 分类字体包 - 松邦英文字体 - angsaz_1 → 中文字体/其他
  📂 字体库 - 分类字体包 - 松邦英文字体 - CAMELOT → 中文字体/其他
  📂 字体库 - 分类字体包 - 松邦英文字体 - angsauz → 中文字体/其他
  📂 字体库 - 分类字体包 - 松邦英文字体 - Anime Ace → 中文字体/其他
  📂 字体库 - 分类字体包 - 松邦英文字体 - cambriaz_0 → 中文字体/其他
  📂 字体库 - 分类字体包 - 松邦英文字体 - cambriaz → 中文字体/其他
  ✓ 第 212 页: 成功 20, 跳过 0, 失败 0 (4201.7s)
  📄 第 213 页: 20 个需要处理
  📂 字体库 - 分类字体包 - 松邦英文字体 - cambriai_1 → 中文字体/其他
  📂 字体库 - 分类字体包 - 松邦英文字体 - angsaui_1 → 中文字体/其他
  📂 字体库 - 分类字体包 - 松邦英文字体 - angsaub → 中文字体/其他
  📂 字体库 - 分类字体包 - 松邦英文字体 - cambriab → 中文字体/其他
  📂 字体库 - 分类字体包 - 松邦英文字体 - angsauz_0 → 中文字体/其他
  📂 字体库 - 分类字体包 - 松邦英文字体 - cambriab_0 → 中文字体/其他
  📂 字体库 - 分类字体包 - 松邦英文字体 - angsaub_0 → 中文字体/其他
  📂 字体库 - 分类字体包 - 松邦英文字体 - CALLISTR → 中文字体/其他
  📂 字体库 - 分类字体包 - 松邦英文字体 - angsai → 中文字体/其他
  📂 字体库 - 分类字体包 - 松邦英文字体 - angsau_1 → 中文字体/其他
  📂 字体库 - 分类字体包 - 松邦英文字体 - Callie Hand → 中文字体/其他
  📂 字体库 - 分类字体包 - 松邦英文字体 - CAMBRIA_0 → 中文字体/其他
  📂 字体库 - 分类字体包 - 松邦英文字体 - angsai_0 → 中文字体/其他
  📂 字体库 - 分类字体包 - 松邦英文字体 - caliph → 中文字体/其他
  📂 字体库 - 分类字体包 - 松邦英文字体 - CaliforniaGrotesk-Bld → 中文字体/其他
  📂 字体库 - 分类字体包 - 松邦英文字体 - calibriz_1 → 中文字体/其他
  📂 字体库 - 分类字体包 - 松邦英文字体 - AngillaTattoo → 中文字体/其他
  📂 字体库 - 分类字体包 - 松邦英文字体 - angsab_1 → 中文字体/其他
  📂 字体库 - 分类字体包 - 松邦英文字体 - angsa → 中文字体/其他
  📂 字体库 - 分类字体包 - 松邦英文字体 - Calico → 中文字体/其他
  ✓ 第 213 页: 成功 20, 跳过 0, 失败 0 (4229.2s)
  📄 第 214 页: 20 个需要处理
  📂 字体库 - 分类字体包 - 松邦英文字体 - Andrea-Normal → 中文字体/其他
  📂 字体库 - 分类字体包 - 松邦英文字体 - angsa_0 → 中文字体/其他
  📂 字体库 - 分类字体包 - 松邦英文字体 - calibrili → 中文字体/其他
  📂 字体库 - 分类字体包 - 松邦英文字体 - Amplify_PersonalUseOnly → 中文字体/其他
  📂 字体库 - 分类字体包 - 松邦英文字体 - andlso_1 → 中文字体/其他
  📂 字体库 - 分类字体包 - 松邦英文字体 - calibrii → 中文字体/其他
  📂 字体库 - 分类字体包 - 松邦英文字体 - calibrii_0 → 中文字体/其他
  📂 字体库 - 分类字体包 - 松邦英文字体 - amberlight-webfont → 中文字体/其他
  📂 字体库 - 分类字体包 - 松邦英文字体 - calibri → 中文字体/其他
  📂 字体库 - 分类字体包 - 松邦英文字体 - Calibri-Light → 中文字体/其他
  📂 字体库 - 分类字体包 - 松邦英文字体 - calibrib_1 → 中文字体/其他
  📂 字体库 - 分类字体包 - 松邦英文字体 - AlteHaasGroteskRegular → 韩文字体/其他
  📂 字体库 - 分类字体包 - 松邦英文字体 - ALT → 中文字体/其他
  📂 字体库 - 分类字体包 - 松邦英文字体 - Amberlight → 中文字体/其他
  📂 字体库 - 分类字体包 - 松邦英文字体 - ALS Script → 中文字体/其他
  📂 字体库 - 分类字体包 - 松邦英文字体 - CAIN_ → 中文字体/其他
  📂 字体库 - 分类字体包 - 松邦英文字体 - CalculusRegular → 中文字体/其他
  📂 字体库 - 分类字体包 - 松邦英文字体 - ALBA__ → 中文字体/其他
  📂 字体库 - 分类字体包 - 松邦英文字体 - Caleu → 中文字体/其他
  📂 字体库 - 分类字体包 - 松邦英文字体 - ALBAS_ → 中文字体/其他
  ✓ 第 214 页: 成功 20, 跳过 0, 失败 0 (4259.2s)
  📄 第 215 页: 20 个需要处理
  📂 字体库 - 分类字体包 - 松邦英文字体 - CADDY → 中文字体/其他
  📂 字体库 - 分类字体包 - 松邦英文字体 - AkzidenzGrotesk-MediumCond → 中文字体/其他
  📂 字体库 - 分类字体包 - 松邦英文字体 - CAELDERA → 中文字体/其他
  📂 字体库 - 分类字体包 - 松邦英文字体 - AkzidenzGrotesk-LightSC → 中文字体/其他
  📂 字体库 - 分类字体包 - 松邦英文字体 - AkzidenzGrotesk-MediumCondItalic → 中文字体/其他
  📂 字体库 - 分类字体包 - 松邦英文字体 - Caffe Latte → 中文字体/其他
  📂 字体库 - 分类字体包 - 松邦英文字体 - CactusSandwichFill → 中文字体/其他
  📂 字体库 - 分类字体包 - 松邦英文字体 - AkzidenzGrotesk-MediumItalic → 中文字体/其他
  📂 字体库 - 分类字体包 - 松邦英文字体 - AkzidenzGrotesk-LightItalicOsF → 中文字体/其他
  📂 字体库 - 分类字体包 - 松邦英文字体 - CACTUS → 中文字体/其他
  📂 字体库 - 分类字体包 - 松邦英文字体 - AkzidenzGrotesk-ExtraBoldItalic → 中文字体/其他
  📂 字体库 - 分类字体包 - 松邦英文字体 - AkzidenzGrotesk-Light → 中文字体/其他
  📂 字体库 - 分类字体包 - 松邦英文字体 - C302-陈代明硬笔体 → 中文字体/其他
  📂 字体库 - 分类字体包 - 松邦英文字体 - AkzidenzGrotesk-LightExtendedItalic → 中文字体/其他
  📂 字体库 - 分类字体包 - 松邦英文字体 - AkzidenzGrotesk-ExtraBoldCondItalic → 中文字体/其他
  📂 字体库 - 分类字体包 - 松邦英文字体 - c283-腾祥铁山楷书简 → 中文字体/其他
  📂 字体库 - 分类字体包 - 松邦英文字体 - C2C_black! → 中文字体/其他
  📂 字体库 - 分类字体包 - 松邦英文字体 - C300-老报宋 → 中文字体/其他
  📂 字体库 - 分类字体包 - 松邦英文字体 - AkzidenzGrotesk-ExtraBoldCond → 中文字体/其他
  📂 字体库 - 分类字体包 - 松邦英文字体 - AkzidenzGrotesk-Cond → 中文字体/其他
  ✓ 第 215 页: 成功 20, 跳过 0, 失败 0 (4286.7s)
  📄 第 216 页: 20 个需要处理
  📂 字体库 - 分类字体包 - 松邦英文字体 - BUSTER Regular → 中文字体/其他
  📂 字体库 - 分类字体包 - 松邦英文字体 - Burton Slab → 中文字体/其他
  📂 字体库 - 分类字体包 - 松邦英文字体 - AkzidenzGrotesk-ExtraBold → 中文字体/其他
  📂 字体库 - 分类字体包 - 松邦英文字体 - AkzidenzGrotesk-Extended → 中文字体/其他
  📂 字体库 - 分类字体包 - 松邦英文字体 - AkzidenzGrotesk-BoldExtendedItalic → 中文字体/其他
  📂 字体库 - 分类字体包 - 松邦英文字体 - Buff → 中文字体/其他
  📂 字体库 - 分类字体包 - 松邦英文字体 - bulmer bt → 中文字体/其他
  📂 字体库 - 分类字体包 - 松邦英文字体 - AkzidenzGrotesk-BoldCondItalic → 中文字体/其他
  📂 字体库 - 分类字体包 - 松邦英文字体 - BurningDaylight-Regular → 中文字体/其他
  📂 字体库 - 分类字体包 - 松邦英文字体 - AkzidenzGrotesk-BoldCond → 中文字体/其他
  📂 字体库 - 分类字体包 - 松邦英文字体 - AjiwaiPro → 中文字体/其他
  📂 字体库 - 分类字体包 - 松邦英文字体 - BSSYM7_2 → 中文字体/其他
  📂 字体库 - 分类字体包 - 松邦英文字体 - BTTTRIAL → 中文字体/其他
  📂 字体库 - 分类字体包 - 松邦英文字体 - BSSYM7_0 → 中文字体/其他
  📂 字体库 - 分类字体包 - 松邦英文字体 - BSIN00MU → 中文字体/其他
  📂 字体库 - 分类字体包 - 松邦英文字体 - BrushScriptStd_0 → 中文字体/其他
  📂 字体库 - 分类字体包 - 松邦英文字体 - browaz → 中文字体/其他
  📂 字体库 - 分类字体包 - 松邦英文字体 - AGothiqueTime → 中文字体/其他
  📂 字体库 - 分类字体包 - 松邦英文字体 - ahronbd_1 → 中文字体/其他
  📂 字体库 - 分类字体包 - 松邦英文字体 - AHPUNCH-Regular → 中文字体/其他
  ✓ 第 216 页: 成功 20, 跳过 0, 失败 0 (4314.1s)
  📄 第 217 页: 20 个需要处理
  📂 字体库 - 分类字体包 - 松邦英文字体 - browaui → 中文字体/其他
  📂 字体库 - 分类字体包 - 松邦英文字体 - AGaramondPro-Italic → 中文字体/其他
  📂 字体库 - 分类字体包 - 松邦英文字体 - browaz_0 → 中文字体/其他
  📂 字体库 - 分类字体包 - 松邦英文字体 - browaui_0 → 中文字体/其他
  📂 字体库 - 分类字体包 - 松邦英文字体 - againts → 中文字体/其他
  📂 字体库 - 分类字体包 - 松邦英文字体 - browauz_1 → 中文字体/其他
  📂 字体库 - 分类字体包 - 松邦英文字体 - AGaramondPro-Regular → 中文字体/其他
  📂 字体库 - 分类字体包 - 松邦英文字体 - AGaramondPro-BoldItalic_0 → 中文字体/其他
  📂 字体库 - 分类字体包 - 松邦英文字体 - browai → 中文字体/其他
  📂 字体库 - 分类字体包 - 松邦英文字体 - AdobeMingStd-Light_0 → 中文字体/其他
  📂 字体库 - 分类字体包 - 松邦英文字体 - browau → 中文字体/其他
  📂 字体库 - 分类字体包 - 松邦英文字体 - affair → 中文字体/其他
  📂 字体库 - 分类字体包 - 松邦英文字体 - browaub_1 → 中文字体/其他
  📂 字体库 - 分类字体包 - 松邦英文字体 - AdobeNaskh-Medium → 中文字体/其他
  📂 字体库 - 分类字体包 - 松邦英文字体 - browab_1 → 中文字体/其他
  📂 字体库 - 分类字体包 - 松邦英文字体 - browa → 中文字体/其他
  📂 字体库 - 分类字体包 - 松邦英文字体 - browai_0 → 中文字体/其他
  📂 字体库 - 分类字体包 - 松邦英文字体 - AdobeHeitiStd-Regular_0 → 中文字体/其他
  📂 字体库 - 分类字体包 - 松邦英文字体 - Breathe-Press → 中文字体/其他
  📂 字体库 - 分类字体包 - 松邦英文字体 - AdobeGothicStd-Bold_0 → 中文字体/其他
  ✓ 第 217 页: 成功 20, 跳过 0, 失败 0 (4341.7s)
  📄 第 218 页: 20 个需要处理
  📂 字体库 - 分类字体包 - 松邦英文字体 - Break It Sweet → 中文字体/其他
  📂 字体库 - 分类字体包 - 松邦英文字体 - AdobeHebrew-Italic_0 → 中文字体/其他
  📂 字体库 - 分类字体包 - 松邦英文字体 - Breathe-Regular → 中文字体/其他
  📂 字体库 - 分类字体包 - 松邦英文字体 - AdobeHebrew-Bold_0 → 中文字体/其他
  📂 字体库 - 分类字体包 - 松邦英文字体 - AdobeDevanagari-Italic → 中文字体/其他
  📂 字体库 - 分类字体包 - 松邦英文字体 - BPOP05BU → 中文字体/其他
  📂 字体库 - 分类字体包 - 松邦英文字体 - BRAWLS Typeface Rough → 中文字体/其他
  📂 字体库 - 分类字体包 - 松邦英文字体 - AdobeFangsongStd-Regular_0 → 中文字体/其他
  📂 字体库 - 分类字体包 - 松邦英文字体 - BOOTLE → 中文字体/其他
  📂 字体库 - 分类字体包 - 松邦英文字体 - AdobeDevanagari-Bold → 中文字体/其他
  📂 字体库 - 分类字体包 - 松邦英文字体 - AdobeArabic-Italic_0 → 中文字体/其他
  📂 字体库 - 分类字体包 - 松邦英文字体 - AdobeArabic-Regular_0 → 中文字体/其他
  📂 字体库 - 分类字体包 - 松邦英文字体 - BOOKOSI → 韩文字体/其他
  📂 字体库 - 分类字体包 - 松邦英文字体 - Bough-Condensed → 中文字体/其他
  📂 字体库 - 分类字体包 - 松邦英文字体 - BOOKOSBI → 韩文字体/其他
  📂 字体库 - 分类字体包 - 松邦英文字体 - Adine Kirnberg → 中文字体/其他
  📂 字体库 - 分类字体包 - 松邦英文字体 - AdobeArabic-Bold_0 → 中文字体/其他
  📂 字体库 - 分类字体包 - 松邦英文字体 - BOOKOS → 韩文字体/其他
  📂 字体库 - 分类字体包 - 松邦英文字体 - AdobeArabic-BoldItalic_0 → 中文字体/其他
  📂 字体库 - 分类字体包 - 松邦英文字体 - BOOKOSB → 韩文字体/其他
  ✓ 第 218 页: 成功 20, 跳过 0, 失败 0 (4380.6s)
  📄 第 219 页: 20 个需要处理
  📂 字体库 - 分类字体包 - 松邦英文字体 - Bonbon bueu → 中文字体/其他
  📂 字体库 - 分类字体包 - 松邦英文字体 - Achafexp → 中文字体/其他
  📂 字体库 - 分类字体包 - 松邦英文字体 - Acme 9 Regular Bold Xtnd → 中文字体/其他
  📂 字体库 - 分类字体包 - 松邦英文字体 - BodoniXT → 中文字体/其他
  📂 字体库 - 分类字体包 - 松邦英文字体 - BoltonTitlingShadowed → 中文字体/其他
  📂 字体库 - 分类字体包 - 松邦英文字体 - BoltonItalic → 中文字体/其他
  📂 字体库 - 分类字体包 - 松邦英文字体 - ACaslonPro-SemiboldItalic_0 → 中文字体/其他
  📂 字体库 - 分类字体包 - 松邦英文字体 - BoltonTitlingBold → 中文字体/其他
  📂 字体库 - 分类字体包 - 松邦英文字体 - Addictype-Regular → 中文字体/其他
  📂 字体库 - 分类字体包 - 松邦英文字体 - blooods_ → 中文字体/其他
  📂 字体库 - 分类字体包 - 松邦英文字体 - ACaslonPro-Semibold_0 → 中文字体/其他
  📂 字体库 - 分类字体包 - 松邦英文字体 - ACaslonPro-Regular_0 → 中文字体/其他
  📂 字体库 - 分类字体包 - 松邦英文字体 - ACaslonPro-BoldItalic_0 → 中文字体/其他
  📂 字体库 - 分类字体包 - 松邦英文字体 - BLUEM → 中文字体/其他
  📂 字体库 - 分类字体包 - 松邦英文字体 - BMDEA → 中文字体/其他
  📂 字体库 - 分类字体包 - 松邦英文字体 - ACaslonPro-Italic_0 → 中文字体/其他
  📂 字体库 - 分类字体包 - 松邦英文字体 - Blizzard-Smooth → 中文字体/其他
  📂 字体库 - 分类字体包 - 松邦英文字体 - ACaslonPro-Bold_0 → 中文字体/其他
  📂 字体库 - 分类字体包 - 松邦英文字体 - Acanthus → 中文字体/其他
  📂 字体库 - 分类字体包 - 松邦英文字体 - Blockography → 韩文字体/其他
  ✓ 第 219 页: 成功 20, 跳过 0, 失败 0 (4411.3s)
  📄 第 220 页: 20 个需要处理
  📂 字体库 - 分类字体包 - 松邦英文字体 - blogs → 中文字体/其他
  📂 字体库 - 分类字体包 - 松邦英文字体 - Acanthus-BoldItalic → 中文字体/其他
  📂 字体库 - 分类字体包 - 松邦英文字体 - AachenEF-Medium → 中文字体/其他
  📂 字体库 - 分类字体包 - 松邦英文字体 - BLKCHCRY → 中文字体/其他
  📂 字体库 - 分类字体包 - 松邦英文字体 - Blizzard-Regular → 中文字体/其他
  📂 字体库 - 分类字体包 - 松邦英文字体 - Blizzard-Light → 中文字体/其他
  📂 字体库 - 分类字体包 - 松邦英文字体 - ABD → 中文字体/其他
  📂 字体库 - 分类字体包 - 松邦英文字体 - Blizzard-Press → 中文字体/其他
  📂 字体库 - 分类字体包 - 松邦英文字体 - A-OTF-TakaHandStd-Bold → 中文字体/其他
  📂 字体库 - 分类字体包 - 松邦英文字体 - A-OTF-TakaHandStd-Medium → 中文字体/其他
  📂 字体库 - 分类字体包 - 松邦英文字体 - Blizzard-Inline → 中文字体/其他
  📂 字体库 - 分类字体包 - 松邦英文字体 - BlackoakStd → 韩文字体/其他
  📂 字体库 - 分类字体包 - 松邦英文字体 - A-OTF-TakaHandStd-Heavy → 中文字体/其他
  📂 字体库 - 分类字体包 - 松邦英文字体 - BLACKNIT → 中文字体/其他
  📂 字体库 - 分类字体包 - 松邦英文字体 - A-OTF-ShinGoMin-Shadow → 中文字体/其他
  📂 字体库 - 分类字体包 - 松邦英文字体 - A-OTF-Reisho101Std-Medium → 中文字体/其他
  📂 字体库 - 分类字体包 - 松邦英文字体 - A-OTF-ShinGoMin-Emboss → 中文字体/其他
  📂 字体库 - 分类字体包 - 松邦英文字体 - Blackletter686BT → 中文字体/其他
  📂 字体库 - 分类字体包 - 松邦英文字体 - BLACEB__ → 中文字体/其他
  📂 字体库 - 分类字体包 - 松邦英文字体 - BKANT_0 → 中文字体/其他
  ✓ 第 220 页: 成功 20, 跳过 0, 失败 0 (4443.1s)

  ⏳ 进度: 已处理 2964 个, 文件夹 NaN 个, 移动 NaN 个 (4443.6s)

  📄 第 221 页: 20 个需要处理
  📂 字体库 - 分类字体包 - 松邦英文字体 - BILLH___ → 中文字体/其他
  📂 字体库 - 分类字体包 - 松邦英文字体 - BirchStd_0 → 中文字体/其他
  📂 字体库 - 分类字体包 - 松邦英文字体 - A-OTF-MusashiStd-Regular → 中文字体/其他
  📂 字体库 - 分类字体包 - 松邦英文字体 - A-OTF-OutaiKaiStd-Light → 中文字体/其他
  📂 字体库 - 分类字体包 - 松邦英文字体 - A-OTF-MNewsGPro-Light → 中文字体/其他
  📂 字体库 - 分类字体包 - 松邦英文字体 - Bit Script → 中文字体/其他
  📂 字体库 - 分类字体包 - 松邦英文字体 - Bilbo-Regular → 中文字体/其他
  📂 字体库 - 分类字体包 - 松邦英文字体 - A-OTF-MidashiMinPr5-MA31 → 中文字体/其他
  📂 字体库 - 分类字体包 - 松邦英文字体 - BHEI00BU → 中文字体/其他
  📂 字体库 - 分类字体包 - 松邦英文字体 - BGTR00BU → 中文字体/其他
  📂 字体库 - 分类字体包 - 松邦英文字体 - A-OTF-MidashiGoPr5-MB31 → 中文字体/其他
  📂 字体库 - 分类字体包 - 松邦英文字体 - Besom-free-font → 中文字体/其他
  📂 字体库 - 分类字体包 - 松邦英文字体 - A-OTF-KakuminPro-Medium → 中文字体/其他
  📂 字体库 - 分类字体包 - 松邦英文字体 - A-OTF-KanteiryuStd-Ultra → 中文字体/其他
  📂 字体库 - 分类字体包 - 松邦英文字体 - Beryliui → 中文字体/其他
  📂 字体库 - 分类字体包 - 松邦英文字体 - Berylibi → 中文字体/其他
  📂 字体库 - 分类字体包 - 松邦英文字体 - BERTH → 中文字体/其他
  📂 字体库 - 分类字体包 - 松邦英文字体 - A-OTF-KumoyaStd-Regular → 中文字体/其他
  📂 字体库 - 分类字体包 - 松邦英文字体 - A-OTF-JominStd-Light → 中文字体/其他
  📂 字体库 - 分类字体包 - 松邦英文字体 - BemBolz → 中文字体/其他
  ✓ 第 221 页: 成功 20, 跳过 0, 失败 0 (4471.1s)
  📄 第 222 页: 20 个需要处理
  📂 字体库 - 分类字体包 - 松邦英文字体 - A-OTF-KakuminPro-Bold → 中文字体/其他
  📂 字体库 - 分类字体包 - 松邦英文字体 - Berette → 中文字体/其他
  📂 字体库 - 分类字体包 - 松邦英文字体 - Berlin Email → 中文字体/其他
  📂 字体库 - 分类字体包 - 松邦英文字体 - A-OTF-HarucraftStd-Heavy → 中文字体/其他
  📂 字体库 - 分类字体包 - 松邦英文字体 - A-OTF-GothicMB101Pro-Reg → 中文字体/其他
  📂 字体库 - 分类字体包 - 松邦英文字体 - Beautiful ES → 中文字体/其他
  📂 字体库 - 分类字体包 - 松邦英文字体 - beishida说文小篆 → 中文字体/其他
  📂 字体库 - 分类字体包 - 松邦英文字体 - A-OTF-GothicMB101Pr5-Ultra → 中文字体/其他
  📂 字体库 - 分类字体包 - 松邦英文字体 - Be My Valentine → 中文字体/其他
  📂 字体库 - 分类字体包 - 松邦英文字体 - Bear & loupe bold → 中文字体/其他
  📂 字体库 - 分类字体包 - 松邦英文字体 - Bear & loupe → 中文字体/其他
  📂 字体库 - 分类字体包 - 松邦英文字体 - A-OTF-GothicMB101Pro-Light → 中文字体/其他
  📂 字体库 - 分类字体包 - 松邦英文字体 - A-OTF-GothicMB101Pro-DeBold → 中文字体/其他
  📂 字体库 - 分类字体包 - 松邦英文字体 - A-OTF-GothicMB101Pr5-Heavy → 中文字体/其他
  📂 字体库 - 分类字体包 - 松邦英文字体 - BAXTER → 中文字体/其他
  📂 字体库 - 分类字体包 - 松邦英文字体 - Bauhaus → 中文字体/其他
  📂 字体库 - 分类字体包 - 松邦英文字体 - bb1581 → 中文字体/其他
  📂 字体库 - 分类字体包 - 松邦英文字体 - A-OTF-GothicMB101Pr5-Medium → 中文字体/其他
  📂 字体库 - 分类字体包 - 松邦英文字体 - BatikFont1 → 中文字体/其他
  📂 字体库 - 分类字体包 - 松邦英文字体 - A-OTF-GothicMB101Pr5-Bold → 中文字体/其他
  ✓ 第 222 页: 成功 20, 跳过 0, 失败 0 (4499.6s)
  📄 第 223 页: 20 个需要处理
  📂 字体库 - 分类字体包 - 松邦英文字体 - Base 05 → 中文字体/其他
  📂 字体库 - 分类字体包 - 松邦英文字体 - base5 → 中文字体/其他
  📂 字体库 - 分类字体包 - 松邦英文字体 - balonez fantasia → 中文字体/其他
  📂 字体库 - 分类字体包 - 松邦英文字体 - Barbarello → 中文字体/其他
  📂 字体库 - 分类字体包 - 松邦英文字体 - Ballpark → 中文字体/其他
  📂 字体库 - 分类字体包 - 松邦英文字体 - A-OTF-FutoMinA101Pr5-Bold → 中文字体/其他
  📂 字体库 - 分类字体包 - 松邦英文字体 - A-OTF-GothicBBBPr5-Medium → 中文字体/其他
  📂 字体库 - 分类字体包 - 松邦英文字体 - Badiane Bold → 中文字体/其他
  📂 字体库 - 分类字体包 - 松邦英文字体 - BAGABT → 中文字体/其他
  📂 字体库 - 分类字体包 - 松邦英文字体 - A-OTF-FutoGoB101Pr5-Bold → 中文字体/其他
  📂 字体库 - 分类字体包 - 松邦英文字体 - A-OTF-A1MinchoStd-Bold → 中文字体/其他
  📂 字体库 - 分类字体包 - 松邦英文字体 - BAD GRUNGE → 中文字体/其他
  📂 字体库 - 分类字体包 - 松邦英文字体 - axisstd-extralight → 中文字体/其他
  📂 字体库 - 分类字体包 - 松邦英文字体 - A-OTF Nachin Std Regular → 中文字体/其他
  📂 字体库 - 分类字体包 - 松邦英文字体 - Baby Face → 中文字体/其他
  📂 字体库 - 分类字体包 - 松邦英文字体 - Awesawez → 中文字体/其他
  📂 字体库 - 分类字体包 - 松邦英文字体 - A-OTF Sei Kaisho CB1 Std → 中文字体/其他
  📂 字体库 - 分类字体包 - 松邦英文字体 - AVGARDD → 中文字体/其他
  📂 字体库 - 分类字体包 - 松邦英文字体 - AVGARDN → 中文字体/其他
  📂 字体库 - 分类字体包 - 松邦英文字体 - A-OTF Kaisho MCBK1 Pro MCBK1 → 中文字体/其他
  ✓ 第 223 页: 成功 20, 跳过 0, 失败 0 (4528.1s)
  📄 第 224 页: 20 个需要处理
  📂 字体库 - 分类字体包 - 松邦英文字体 - AVGARDM → 中文字体/其他
  📂 字体库 - 分类字体包 - 松邦英文字体 - A-OTF Kyoukasho ICA Pro M → 中文字体/其他
  📂 字体库 - 分类字体包 - 松邦英文字体 - Augusta → 中文字体/其他
  📂 字体库 - 分类字体包 - 松邦英文字体 - A La Nage → 中文字体/其他
  📂 字体库 - 分类字体包 - 松邦英文字体 - AvantGarde ALT → 中文字体/其他
  📂 字体库 - 分类字体包 - 松邦英文字体 - A-OTF Jun Pro 34 → 中文字体/其他
  📂 分类字体包 - 松邦英文字体 - 英文字体   （75款可商用） - Sansita-Black → 中文字体/无衬线体
  📂 字体库 - 分类字体包 - 松邦英文字体 - AvantGarde-ExtraLight → 中文字体/其他
  📂 字体库 - 分类字体包 - 松邦英文字体 - Asphyxiate → 中文字体/其他
  📂 分类字体包 - 松邦英文字体 - 英文字体   （75款可商用） - SourceSerifPro-SemiBold → 中文字体/衬线体
  📂 字体库 - 分类字体包 - 松邦英文字体 - ATViCE → 中文字体/其他
  📂 分类字体包 - 松邦英文字体 - 英文字体   （75款可商用） - Saira-Black → 中文字体/其他
  📂 字体库 - 分类字体包 - 松邦英文字体 - ASCENT Regular → 中文字体/其他
  📂 字体库 - 分类字体包 - 松邦英文字体 - Atlantic Inline-Normal → 中文字体/其他
  📂 分类字体包 - 松邦英文字体 - 英文字体   （75款可商用） - Roboto-LightItalic → 中文字体/其他
  📂 分类字体包 - 松邦英文字体 - 英文字体   （75款可商用） - Roboto Bold → 中文字体/其他
  📂 字体库 - 分类字体包 - 松邦英文字体 - Arrus → 中文字体/其他
  📂 分类字体包 - 松邦英文字体 - 英文字体   （75款可商用） - PostNoBillsJaffna-Regular → 日文字体/其他
  📂 字体库 - 分类字体包 - 松邦英文字体 - ArtfulBeauty → 中文字体/其他
  📂 分类字体包 - 松邦英文字体 - 英文字体   （75款可商用） - RopaSans-Italic → 中文字体/无衬线体
  ✓ 第 224 页: 成功 20, 跳过 0, 失败 0 (4558.4s)
  📄 第 225 页: 20 个需要处理
  📂 分类字体包 - 松邦英文字体 - 英文字体   （75款可商用） - Nunito-Regular → 中文字体/其他
  📂 字体库 - 分类字体包 - 松邦英文字体 - Arkham_bold → 中文字体/其他
  📂 分类字体包 - 松邦英文字体 - 英文字体   （75款可商用） - Pangolin-Regular → 中文字体/其他
  📂 字体库 - 分类字体包 - 松邦英文字体 - ArkanaScript → 中文字体/其他
  📂 字体库 - 分类字体包 - 松邦英文字体 - AridITC → 中文字体/其他
  📂 分类字体包 - 松邦英文字体 - 英文字体   （75款可商用） - PostNoBillsColombo-ExtraBold → 中文字体/其他
  📂 字体库 - 分类字体包 - 松邦英文字体 - ArkanaScriptRough → 中文字体/其他
  📂 分类字体包 - 松邦英文字体 - 英文字体   （75款可商用） - MontserratAlternates-BlackItalic → 中文字体/其他
  📂 分类字体包 - 松邦英文字体 - 英文字体   （75款可商用） - Muli-LightItalic → 中文字体/其他
  📂 字体库 - 分类字体包 - 松邦英文字体 - ARIALNI_0 → 中文字体/其他
  📂 字体库 - 分类字体包 - 松邦英文字体 - ariblk_2 → 中文字体/其他
  📂 分类字体包 - 松邦英文字体 - 英文字体   （75款可商用） - Muli-ExtraBoldItalic → 中文字体/其他
  📂 分类字体包 - 松邦英文字体 - 英文字体   （75款可商用） - Montserrat-Light → 中文字体/其他
  📂 字体库 - 分类字体包 - 松邦英文字体 - ARIALNBI_0 → 中文字体/其他
  📂 字体库 - 分类字体包 - 松邦英文字体 - ariblk_0 → 中文字体/其他
  📂 字体库 - 分类字体包 - 松邦英文字体 - ARIALN_0 → 中文字体/其他
  📂 字体库 - 分类字体包 - 松邦英文字体 - ARIALNB_0 → 中文字体/其他
  📂 分类字体包 - 松邦英文字体 - 英文字体   （75款可商用） - Manuale-Medium → 中文字体/其他
  📂 分类字体包 - 松邦英文字体 - 英文字体   （75款可商用） - Merak-Free → 中文字体/其他
  📂 分类字体包 - 松邦英文字体 - 英文字体   （75款可商用） - Montserrat-BlackItalic → 中文字体/其他
  ✓ 第 225 页: 成功 20, 跳过 0, 失败 0 (4588.4s)
  📄 第 226 页: 20 个需要处理
  📂 分类字体包 - 松邦英文字体 - 英文字体   （75款可商用） - FirstShine-Thin → 中文字体/其他
  📂 字体库 - 分类字体包 - 松邦英文字体 - ariali_2 → 中文字体/其他
  📂 字体库 - 分类字体包 - 松邦英文字体 - arialbi_0 → 中文字体/其他
  📂 字体库 - 分类字体包 - 松邦英文字体 - arialbi_2 → 中文字体/其他
  📂 分类字体包 - 松邦英文字体 - 英文字体   （75款可商用） - GemunuLibre-SemiBold → 中文字体/其他
  📂 分类字体包 - 松邦英文字体 - 英文字体   （75款可商用） - GemunuLibre-Light → 中文字体/其他
  📂 分类字体包 - 松邦英文字体 - 英文字体   （75款可商用） - FiraSansCondensed-Thin → 中文字体/无衬线体
  📂 字体库 - 分类字体包 - 松邦英文字体 - ariali_0 → 中文字体/其他
  📂 字体库 - 分类字体包 - 松邦英文字体 - arialbd_2 → 中文字体/其他
  📂 字体库 - 分类字体包 - 松邦英文字体 - arialbd_0 → 中文字体/其他
  📂 字体库 - 分类字体包 - 松邦英文字体 - arial_0 → 中文字体/其他
  📂 分类字体包 - 松邦英文字体 - 英文字体   （75款可商用） - EncodeSansExpanded-Medium → 中文字体/无衬线体
  📂 字体库 - 分类字体包 - 松邦英文字体 - arial_2 → 中文字体/其他
  📂 分类字体包 - 松邦英文字体 - 英文字体   （75款可商用） - Dolce Vita → 中文字体/其他
  📂 分类字体包 - 松邦英文字体 - 英文字体   （75款可商用） - DroidSans-Bold → 中文字体/无衬线体
  📂 字体库 - 分类字体包 - 松邦英文字体 - arabella Demo → 中文字体/其他
  📂 分类字体包 - 松邦英文字体 - 英文字体   （75款可商用） - DancingScript-Regular → 中文字体/其他
  📂 字体库 - 分类字体包 - 松邦英文字体 - arabtype_1 → 中文字体/其他
  📂 字体库 - 分类字体包 - 松邦英文字体 - aramis → 中文字体/其他
  📂 分类字体包 - 松邦英文字体 - 英文字体   （75款可商用） - Dolce Vita Heavy Bold → 中文字体/其他
  ✓ 第 226 页: 成功 20, 跳过 0, 失败 0 (4619.5s)
  📄 第 227 页: 20 个需要处理
  📂 分类字体包 - 松邦英文字体 - 英文字体   （75款可商用） - CormorantUpright-Light → 中文字体/其他
  📂 分类字体包 - 松邦英文字体 - 英文字体   （75款可商用） - CormorantSC-Light → 中文字体/其他
  📂 字体库 - 分类字体包 - 松邦英文字体 - ARCADE → 中文字体/其他
  📂 分类字体包 - 松邦英文字体 - 英文字体   （75款可商用） - Cabin-Medium → 中文字体/其他
  📂 字体库 - 分类字体包 - 松邦英文字体 - AR StdMingti Bold B5 → 中文字体/其他
  📂 字体库 - 分类字体包 - 松邦英文字体 - AR StdMingti Heavy B5 → 中文字体/其他
  📂 分类字体包 - 松邦英文字体 - 英文字体   （75款可商用） - Cabin-Regular → 中文字体/其他
  📂 分类字体包 - 松邦英文字体 - 英文字体   （75款可商用） - Cabin-SemiBoldItalic → 中文字体/其他
  📂 分类字体包 - 松邦英文字体 - 英文字体   （75款可商用） - Bahiana-Regular → 中文字体/其他
  📂 分类字体包 - 松邦英文字体 - 英文字体   （75款可商用） - Cabin-BoldItalic → 中文字体/其他
  📂 分类字体包 - 松邦英文字体 - 英文字体   （75款可商用） - Barrio-Regular → 中文字体/其他
  📂 字体库 - 分类字体包 - 松邦英文字体 - APPETITE Regular → 中文字体/其他
  📂 字体库 - 分类字体包 - 松邦英文字体 - 99% LineScratch → 中文字体/其他
  📂 字体库 - 分类字体包 - 松邦英文字体 - aparaji_1 → 中文字体/其他
  📂 分类字体包 - 松邦英文字体 - 英文字体   （75款可商用） - AsapCondensed-Bold → 中文字体/其他
  📂 字体库 - 分类字体包 - 松邦英文字体 - aparajbi → 中文字体/其他
  📂 字体库 - 分类字体包 - 松邦英文字体 - aparajbi_0 → 中文字体/其他
  📂 分类字体包 - 松邦英文字体 - 英文字体   （75款可商用） - Amaranth-Bold → 中文字体/其他
  📂 分类字体包 - 松邦英文字体 - 英文字体   （75款可商用） - Amaranth → 中文字体/其他
  📂 字体库 - 分类字体包 - 松邦英文字体 - aparajb_1 → 中文字体/其他
  ✓ 第 227 页: 成功 20, 跳过 0, 失败 0 (4649.6s)
  📄 第 228 页: 20 个需要处理
  📂 字体库 - 分类字体包 - 松邦英文字体 - aparaj → 中文字体/其他
  📂 字体库 - 分类字体包 - 松邦英文字体 - 806Typography → 中文字体/其他
  📂 字体库 - 分类字体包 - 松邦英文字体 - ANTQUAI → 中文字体/其他
  📂 字体库 - 分类字体包 - 松邦英文字体 - 7th Service → 中文字体/其他
  📂 字体库 - 分类字体包 - 松邦英文字体 - ANTQUABI → 中文字体/其他
  📂 字体库 - 分类字体包 - 松邦英文字体 - 954-CAI978 → 中文字体/其他
  📂 字体库 - 分类字体包 - 松邦英文字体 - aparaj_0 → 中文字体/其他
  📂 字体库 - 分类字体包 - 松邦英文字体 - ANTQUAB_0 → 中文字体/其他
  📂 字体库 - 分类字体包 - 松邦英文字体 - Anklepan → 中文字体/其他
  📂 字体库 - 分类字体包 - 松邦英文字体 - 52 Sphereoids → 中文字体/其他
  📂 字体库 - 分类字体包 - 松邦英文字体 - 609-CAI978 → 中文字体/其他
  📂 字体库 - 分类字体包 - 松邦英文字体 - 702-CAI978 → 中文字体/其他
  📂 字体库 - 分类字体包 - 松邦英文字体 - 315-CAI978 → 中文字体/其他
  📂 字体库 - 分类字体包 - 松邦英文字体 - Antipasto-ExtraLightTrial → 中文字体/其他
  📂 字体库 - 分类字体包 - 松邦英文字体 - ANTQUAB0 → 中文字体/其他
  📂 字体库 - 分类字体包 - 松邦英文字体 - 04B → 中文字体/其他
  📂 字体库 - 分类字体包 - 松邦英文字体 - angsauz_1 → 中文字体/其他
  📂 字体库 - 分类字体包 - 松邦英文字体 - angsaz → 中文字体/其他
  📂 字体库 - 分类字体包 - 松邦英文字体 - 01 Digit → 中文字体/其他
  📂 字体库 - 分类字体包 - 松邦英文字体 - angsaz_0 → 中文字体/其他
  ✓ 第 228 页: 成功 20, 跳过 0, 失败 0 (4677.0s)
  📄 第 229 页: 20 个需要处理
  📂 字体库 - 分类字体包 - 松邦英文字体 - 241-CAI978 → 中文字体/其他
  📂 字体库 - 分类字体包 - 松邦英文字体 - [SegoeScript] 粗 → 中文字体/其他
  📂 字体库 - 分类字体包 - 松邦英文字体 - angsaub_1 → 中文字体/其他
  📂 字体库 - 分类字体包 - 松邦英文字体 - angsaui → 中文字体/其他
  📂 字体库 - 分类字体包 - 松邦雅坊字体 - 雅坊美工12 → 中文字体/其他
  📂 字体库 - 分类字体包 - 松邦雅坊字体 - 雅坊美工14 → 中文字体/其他
  📂 字体库 - 分类字体包 - 松邦英文字体 - angsaui_0 → 中文字体/其他
  📂 字体库 - 分类字体包 - 松邦英文字体 - angsai_1 → 中文字体/其他
  📂 字体库 - 分类字体包 - 松邦雅坊字体 - 雅坊美工06 → 中文字体/其他
  📂 字体库 - 分类字体包 - 松邦雅坊字体 - 雅坊美工04 → 中文字体/其他
  📂 字体库 - 分类字体包 - 松邦英文字体 - angsau → 中文字体/其他
  📂 字体库 - 分类字体包 - 松邦英文字体 - angsau_0 → 中文字体/其他
  📂 圆韵无衬线体 → 中文字体/正文字
  📂 字体库 - 分类字体包 - 松邦英文字体 - Angleterre Book → 中文字体/其他
  📂 Angsa Sans → 中文字体/无衬线体
  📂 字体库 - 分类字体包 - 松邦英文字体 - angsa_1 → 中文字体/其他
  📂 字体库 - 分类字体包 - 松邦英文字体 - angsab → 中文字体/其他
  📂 文鼎无衬线-圆角体 → 中文字体/正文字
  📂 字体库 - 分类字体包 - 松邦文鼎字体 - 文鼎CS中圆繁 → 中文字体/其他
  📂 Classical Serif Pro → 中文字体/衬线体
  ✓ 第 229 页: 成功 20, 跳过 0, 失败 0 (4706.3s)
  📄 第 230 页: 20 个需要处理
  📂 字体库 - 分类字体包 - 松邦英文字体 - andlso → 中文字体/其他
  📂 字体库 - 分类字体包 - 松邦文鼎字体 - 文鼎CS中等线简 → 中文字体/其他
  📂 字体库 - 分类字体包 - 松邦文鼎字体 - 文鼎CS中黑繁 → 中文字体/正文字
  📂 字体库 - 分类字体包 - 松邦英文字体 - angelina → 中文字体/手写体
  📂 字体库 - 分类字体包 - 松邦英文字体 - Amberlight → 中文字体/其他
  📂 字体库 - 分类字体包 - 松邦英文字体 - AMAZON Regular → 中文字体/其他
  📂 字体库 - 分类字体包 - 松邦文鼎字体 - 文鼎CS长宋 → 中文字体/正文字
  📂 字体模板 → 中文字体/正文字
  📂 Amerika Sans → 中文字体/标题字
  📂 Alte Haas Grotesk Bold → 中文字体/标题字
  📂 字体库 - 分类字体包 - 松邦英文字体 - alsscrp → 中文字体/其他
  📂 Albam → 中文字体/标题字
  ✓ 第 230 页: 成功 12, 跳过 0, 失败 8 (4726.6s)
  ✗ 第 231 页失败: fetch failed
  ✗ 第 232 页失败: fetch failed
  ✗ 第 233 页失败: fetch failed
  ✗ 第 234 页失败: fetch failed
  📄 第 235 页: 20 个需要处理
  📂 字体库 - 分类字体包 - 松邦英文字体 - A-OTF-PreMomoStd-Bold → 中文字体/其他
  📂 字体库 - 分类字体包 - 松邦文鼎字体 - 文鼎齿轮体简 → 中文字体/其他
  📂 字体库 - 分类字体包 - 松邦英文字体 - A-OTF-NachinStd-Regular → 中文字体/其他
  📂 字体库 - 分类字体包 - 松邦文鼎字体 - 文鼎彩云繁 → 中文字体/其他
  📂 字体库 - 分类字体包 - 松邦微软字体 - 微软正黑体Bold → 中文字体/正文字
  📂 字体库 - 分类字体包 - 松邦英文字体 - A-OTF-MNewsMPro-Light → 中文字体/其他
  📂 字体库 - 分类字体包 - 松邦英文字体 - A-OTF-MidashiMinPro-MA31 → 中文字体/其他
  📂 字体库 - 分类字体包 - 松邦英文字体 - A-OTF-LikureiStd-Regular → 中文字体/其他
  📂 字体库 - 分类字体包 - 松邦英文字体 - A-OTF-MidashiGoPro-MB31 → 中文字体/其他
  📂 字体库 - 分类字体包 - 松邦微软字体 - 微软雅黑Bold → 中文字体/其他
  📂 字体库 - 分类字体包 - 松邦英文字体 - A-OTF-KakuminPro-Regular → 中文字体/其他
  📂 字体库 - 分类字体包 - 松邦英文字体 - A-OTF-KochoStd-Heavy → 韩文字体/其他
  📂 字体库 - 分类字体包 - 松邦英文字体 - A-OTF-KakuminPro-Heavy → 中文字体/其他
  📂 字体库 - 分类字体包 - 松邦微软字体 - 微软雅黑 → 中文字体/其他
  📂 字体库 - 分类字体包 - 松邦英文字体 - A-OTF-KaishoMCBK1Pro-DeBold → 中文字体/其他
  📂 字体库 - 分类字体包 - 松邦微软字体 - 微软简秀圆 → 中文字体/其他
  📂 字体库 - 分类字体包 - 松邦英文字体 - A-OTF-HaruGakuStd-Light → 中文字体/其他
  📂 字体库 - 分类字体包 - 松邦微软字体 - 微软简综艺 → 中文字体/其他
  📂 字体库 - 分类字体包 - 松邦微软字体 - 微软简魏碑 → 中文字体/其他
  📂 字体库 - 分类字体包 - 松邦英文字体 - A-OTF-GothicMB101Pro-Medium → 中文字体/其他
  ✓ 第 235 页: 成功 20, 跳过 0, 失败 0 (4774.1s)
  📄 第 236 页: 20 个需要处理
  📂 字体库 - 分类字体包 - 松邦英文字体 - A-OTF-GothicMB101Pro-Ultra → 中文字体/其他
  📂 字体库 - 分类字体包 - 松邦微软字体 - 微软简隶书 → 中文字体/其他
  📂 字体库 - 分类字体包 - 松邦英文字体 - A-OTF-GothicMB101Pro-Bold → 中文字体/其他
  📂 字体库 - 分类字体包 - 松邦英文字体 - A-OTF-GothicMB101Pro-Heavy → 中文字体/其他
  📂 字体库 - 分类字体包 - 松邦微软字体 - 微软简楷体 → 中文字体/手写体
  📂 字体库 - 分类字体包 - 松邦微软字体 - 微软简粗黑 → 中文字体/其他
  📂 字体库 - 分类字体包 - 松邦微软字体 - 微软简粗姚 → 中文字体/其他
  📂 字体库 - 分类字体包 - 松邦英文字体 - A-OTF-GothicMB101Pr5-Reg → 中文字体/其他
  📂 字体库 - 分类字体包 - 松邦英文字体 - A-OTF-GothicMB101Pr5-Light → 中文字体/其他
  📂 字体库 - 分类字体包 - 松邦微软字体 - 微软黑体 → 中文字体/正文字
  📂 字体库 - 分类字体包 - 松邦英文字体 - A-OTF-GothicBBBPro-Medium → 中文字体/其他
  📂 字体库 - 分类字体包 - 松邦英文字体 - A-OTF-GothicMB101Pr5-DeBold → 中文字体/其他
  📂 字体库 - 分类字体包 - 松邦英文字体 - A-OTF-FutoMinA101Pro-Bold → 中文字体/其他
  📂 字体库 - 分类字体包 - 松邦英文字体 - A-OTF-FutoGoB101Pro-Bold → 中文字体/其他
  📂 字体库 - 分类字体包 - 松邦微软字体 - 微软繁线体 → 中文字体/其他
  📂 字体库 - 分类字体包 - 松邦微软字体 - 微软繁魏碑 → 中文字体/其他
  📂 字体库 - 分类字体包 - 松邦英文字体 - A-OTF Shinsei Kaisho CBSK1 Pro → 中文字体/其他
  📂 字体库 - 分类字体包 - 松邦微软字体 - 微软繁琥珀 → 中文字体/其他
  📂 字体库 - 分类字体包 - 松邦英文字体 - A-OTF-AkashiStd-Light → 中文字体/其他
  📂 字体库 - 分类字体包 - 松邦微软字体 - 微软繁隶书 → 中文字体/其他
  ✓ 第 236 页: 成功 20, 跳过 0, 失败 0 (4801.6s)
  📄 第 237 页: 20 个需要处理
  📂 字体库 - 分类字体包 - 松邦英文字体 - A-OTF Reisho 101 Std Medium → 中文字体/其他
  📂 字体库 - 分类字体包 - 松邦微软字体 - 微软繁仿宋 → 中文字体/衬线体
  📂 字体库 - 分类字体包 - 松邦英文字体 - A-OTF Kyoukasho ICA Pro L → 中文字体/其他
  📂 字体库 - 分类字体包 - 松邦英文字体 - A-OTF Kyoukasho ICA Pro R → 中文字体/其他
  📂 字体库 - 分类字体包 - 松邦微软字体 - 微软繁超黑 → 中文字体/其他
  📂 字体库 - 分类字体包 - 松邦微软字体 - 微软大黑体 → 中文字体/正文字
  📂 字体库 - 分类字体包 - 松邦书体字体 - c259-书体坊兰亭体I → 中文字体/其他
  📂 字体库 - 分类字体包 - 松邦英文字体 - A-OTF Jun Pro 501 → 中文字体/其他
  📂 字体库 - 分类字体包 - 松邦书体字体 - 云起手写细书体繁 → 中文字体/其他
  📂 字体库 - 分类字体包 - 松邦书体字体 - 书体坊赵九江钢笔楷书 → 中文字体/其他
  📂 分类字体包 - 松邦英文字体 - 英文字体   （75款可商用） - SigmarOne-Regular → 中文字体/其他
  📂 字体库 - 分类字体包 - 松邦英文字体 - a_AlbionicExp → 中文字体/其他
  📂 字体库 - 分类字体包 - 松邦书体字体 - 书体坊赵九江钢笔行书字体 → 中文字体/其他
  📂 分类字体包 - 松邦英文字体 - 英文字体   （75款可商用） - YesevaOne-Regular → 中文字体/其他
  📂 字体库 - 分类字体包 - 松邦书体字体 - 书体坊硬笔行书 → 中文字体/其他
  📂 字体库 - 分类字体包 - 松邦书体字体 - 书体坊于右任标准草书 → 中文字体/其他
  📂 分类字体包 - 松邦英文字体 - 英文字体   （75款可商用） - SairaCondensed-Thin → 中文字体/其他
  📂 分类字体包 - 松邦英文字体 - 英文字体   （75款可商用） - Rubik-Black → 中文字体/其他
  📂 分类字体包 - 松邦英文字体 - 英文字体   （75款可商用） - Roboto-Regular → 中文字体/其他
  📂 字体库 - 分类字体包 - 松邦书体字体 - 书体坊雪纯体 → 中文字体/其他
  ✓ 第 237 页: 成功 20, 跳过 0, 失败 0 (4829.8s)
  📄 第 238 页: 20 个需要处理
  📂 分类字体包 - 松邦英文字体 - 英文字体   （75款可商用） - Roboto Thin → 中文字体/其他
  📂 字体库 - 分类字体包 - 松邦书体字体 - 书体坊兰亭体 → 中文字体/其他
  📂 分类字体包 - 松邦英文字体 - 英文字体   （75款可商用） - PostNoBillsJaffna-Bold → 日文字体/其他
  📂 分类字体包 - 松邦英文字体 - 英文字体   （75款可商用） - Railway → 中文字体/其他
  📂 字体库 - 分类字体包 - 松邦书体字体 - 书体坊王学勤钢笔行书 → 中文字体/其他
  📂 分类字体包 - 松邦英文字体 - 英文字体   （75款可商用） - PoiretOne-Regular → 中文字体/其他
  📂 分类字体包 - 松邦英文字体 - 英文字体   （75款可商用） - NISCRIPT-Regular → 中文字体/其他
  📂 分类字体包 - 松邦英文字体 - 英文字体   （75款可商用） - Oswald-Medium → 中文字体/其他
  📂 字体库 - 分类字体包 - 松邦书体字体 - 书体坊郭沫若字体 → 中文字体/其他
  📂 字体库 - 分类字体包 - 松邦书体字体 - 书体坊安景臣钢笔行书 → 中文字体/其他
  📂 分类字体包 - 松邦英文字体 - 英文字体   （75款可商用） - Muli-ExtraLight → 中文字体/其他
  📂 分类字体包 - 松邦英文字体 - 英文字体   （75款可商用） - Montserrat-ThinItalic → 中文字体/其他
  📂 分类字体包 - 松邦英文字体 - 英文字体   （75款可商用） - MontserratAlternates-Thin → 中文字体/其他
  📂 字体库 - 分类字体包 - 松邦书体字体 - 白舟隼风书体 → 中文字体/其他
  📂 分类字体包 - 松邦英文字体 - 英文字体   （75款可商用） - Montserrat-ExtraLight → 中文字体/其他
  📂 字体库 - 分类字体包 - 松邦书体坊字体 - 书体坊郭小语钢笔楷体 → 中文字体/手写体
  📂 分类字体包 - 松邦英文字体 - 英文字体   （75款可商用） - Manuale-SemiBold → 中文字体/其他
  📂 字体库 - 分类字体包 - 松邦书体坊字体 - 书体坊赵九江钢笔行书 → 中文字体/其他
  📂 分类字体包 - 松邦英文字体 - 英文字体   （75款可商用） - Jura-Medium → 中文字体/其他
  📂 字体库 - 分类字体包 - 松邦书体坊字体 - 书体坊雪纯体3500 → 中文字体/其他
  ✓ 第 238 页: 成功 20, 跳过 0, 失败 0 (4861.8s)
  📄 第 239 页: 20 个需要处理
  📂 分类字体包 - 松邦英文字体 - 英文字体   （75款可商用） - Montserrat-Black → 中文字体/其他
  📂 分类字体包 - 松邦英文字体 - 英文字体   （75款可商用） - FirstShine-regular → 中文字体/其他
  📂 分类字体包 - 松邦英文字体 - 英文字体   （75款可商用） - GemunuLibre-ExtraBold → 中文字体/其他
  📂 字体库 - 分类字体包 - 松邦书法字体合集 - 智永行书字体 → 中文字体/其他
  📂 分类字体包 - 松邦英文字体 - 英文字体   （75款可商用） - FiraSans-BlackItalic → 中文字体/无衬线体
  📂 字体库 - 分类字体包 - 松邦书体坊字体 - 米芾体 → 中文字体/其他
  📂 分类字体包 - 松邦英文字体 - 英文字体   （75款可商用） - GemunuLibre-Regular → 中文字体/其他
  📂 字体库 - 分类字体包 - 松邦书法字体合集 - 叶根友蚕燕隶书 → 中文字体/其他
  📂 分类字体包 - 松邦英文字体 - 英文字体   （75款可商用） - EncodeSans-Thin → 中文字体/无衬线体
  📂 字体库 - 分类字体包 - 松邦书法字体合集 - 叶根友钢笔行书 → 中文字体/其他
  📂 分类字体包 - 松邦英文字体 - 英文字体   （75款可商用） - Droid Sans → 中文字体/无衬线体
  📂 字体库 - 分类字体包 - 松邦书法字体合集 - 孙过庭书谱体 → 中文字体/其他
  ✓ 第 239 页: 成功 12, 跳过 0, 失败 8 (4882.1s)
  ✗ 第 240 页失败: fetch failed

  ⏳ 进度: 已处理 3248 个, 文件夹 NaN 个, 移动 NaN 个 (4885.1s)

  ✗ 第 241 页失败: fetch failed
  ✗ 第 242 页失败: fetch failed
  ✗ 第 243 页失败: fetch failed
  📄 第 244 页: 20 个需要处理
  📂 字体库 - 分类字体包 - 松邦书法家字体打包 - 书法家勘亭流 → 中文字体/其他
  📂 字体库 - 分类字体包 - 松邦书法家字体打包 - 书法家仿宋体 → 中文字体/衬线体
  📂 字体库 - 分类字体包 - 松邦文鼎字体 - 文鼎魏碑繁 → 中文字体/其他
  📂 字体库 - 分类字体包 - 松邦书法家字体打包 - 书法家淡古印 → 中文字体/其他
  📂 字体库 - 分类字体包 - 松邦文鼎字体 - 文鼎特粗黑简 → 中文字体/其他
  📂 字体库 - 分类字体包 - 松邦书法家字体打包 - 书法家粗明体 → 中文字体/其他
  📂 字体库 - 分类字体包 - 松邦文鼎字体 - 文鼎书宋繁 → 中文字体/其他
  📂 字体库 - 分类字体包 - 松邦文鼎字体 - 文鼎谁的字体简 → 中文字体/其他
  📂 字体库 - 分类字体包 - 松邦文鼎字体 - 文鼎霹靂體 → 中文字体/其他
  📂 字体库 - 分类字体包 - 松邦书法家字体打包 - 书法家超明体 → 中文字体/其他
  📂 字体库 - 分类字体包 - 松邦锐字字体 - 锐字云字库水柱体 → 中文字体/其他
  📂 字体库 - 分类字体包 - 松邦文鼎字体 - 文鼎妞妞体简 → 中文字体/其他
